{"type": "FeatureCollection", "features": [{"type": "Feature", "geometry": {"type": "Point", "coordinates": [-84.342405, 33.778843]}, "properties": {"brand": "Unknown"}}, {"type": "Feature", "geometry": {"type": "Point", "coordinates": [-84.378227, 33.879867]}, "properties": {"brand": ""}}, {"type": "Feature", "geometry": {"type": "Point", "coordinates": [-84.374459, 33.881813]}, "properties": {"brand": ""}}, {"type": "Feature", "geometry": {"type": "Point", "coordinates": [-84.291252, 33.757287]}, "properties": {"brand": "Flock Safety"}}, {"type": "Feature", "geometry": {"type": "Point", "coordinates": [-84.329147, 33.848093]}, "properties": {"brand": "Flock Safety"}}, {"type": "Feature", "geometry": {"type": "Point", "coordinates": [-84.471292, 33.879191]}, "properties": {"brand": "Flock Safety"}}, {"type": "Feature", "geometry": {"type": "Point", "coordinates": [-84.38415, 33.781562]}, "properties": {"brand": "Flock Safety"}}, {"type": "Feature", "geometry": {"type": "Point", "coordinates": [-84.379165, 33.878148]}, "properties": {"brand": ""}}, {"type": "Feature", "geometry": {"type": "Point", "coordinates": [-84.475193, 33.917025]}, "properties": {"brand": ""}}, {"type": "Feature", "geometry": {"type": "Point", "coordinates": [-84.475078, 33.917122]}, "properties": {"brand": ""}}, {"type": "Feature", "geometry": {"type": "Point", "coordinates": [-84.448272, 33.900473]}, "properties": {"brand": ""}}, {"type": "Feature", "geometry": {"type": "Point", "coordinates": [-84.443138, 33.97643]}, "properties": {"brand": "Flock Safety"}}, {"type": "Feature", "geometry": {"type": "Point", "coordinates": [-84.48422, 33.978463]}, "properties": {"brand": ""}}, {"type": "Feature", "geometry": {"type": "Point", "coordinates": [-84.588762, 34.023472]}, "properties": {"brand": "Flock Safety"}}, {"type": "Feature", "geometry": {"type": "Point", "coordinates": [-84.479126, 33.92253]}, "properties": {"brand": "Flock Safety"}}, {"type": "Feature", "geometry": {"type": "Point", "coordinates": [-84.479036, 33.922791]}, "properties": {"brand": "Flock Safety"}}, {"type": "Feature", "geometry": {"type": "Point", "coordinates": [-84.476453, 33.921242]}, "properties": {"brand": ""}}, {"type": "Feature", "geometry": {"type": "Point", "coordinates": [-84.476046, 33.919849]}, "properties": {"brand": ""}}, {"type": "Feature", "geometry": {"type": "Point", "coordinates": [-84.469247, 33.924136]}, "properties": {"brand": "Flock Safety"}}, {"type": "Feature", "geometry": {"type": "Point", "coordinates": [-84.47052, 33.923896]}, "properties": {"brand": ""}}, {"type": "Feature", "geometry": {"type": "Point", "coordinates": [-84.545522, 33.946081]}, "properties": {"brand": ""}}, {"type": "Feature", "geometry": {"type": "Point", "coordinates": [-84.535077, 33.937778]}, "properties": {"brand": ""}}, {"type": "Feature", "geometry": {"type": "Point", "coordinates": [-84.532236, 33.950634]}, "properties": {"brand": ""}}, {"type": "Feature", "geometry": {"type": "Point", "coordinates": [-84.525007, 33.951063]}, "properties": {"brand": ""}}, {"type": "Feature", "geometry": {"type": "Point", "coordinates": [-84.520222, 33.949858]}, "properties": {"brand": ""}}, {"type": "Feature", "geometry": {"type": "Point", "coordinates": [-84.446806, 33.899397]}, "properties": {"brand": ""}}, {"type": "Feature", "geometry": {"type": "Point", "coordinates": [-84.461792, 33.904188]}, "properties": {"brand": ""}}, {"type": "Feature", "geometry": {"type": "Point", "coordinates": [-84.530118, 33.960145]}, "properties": {"brand": ""}}, {"type": "Feature", "geometry": {"type": "Point", "coordinates": [-84.460109, 33.885048]}, "properties": {"brand": ""}}, {"type": "Feature", "geometry": {"type": "Point", "coordinates": [-84.462355, 33.883528]}, "properties": {"brand": ""}}, {"type": "Feature", "geometry": {"type": "Point", "coordinates": [-84.532638, 33.935237]}, "properties": {"brand": ""}}, {"type": "Feature", "geometry": {"type": "Point", "coordinates": [-84.650003, 34.032151]}, "properties": {"brand": ""}}, {"type": "Feature", "geometry": {"type": "Point", "coordinates": [-84.428462, 33.98255]}, "properties": {"brand": ""}}, {"type": "Feature", "geometry": {"type": "Point", "coordinates": [-84.585767, 34.128514]}, "properties": {"brand": "Flock Safety"}}, {"type": "Feature", "geometry": {"type": "Point", "coordinates": [-84.434107, 33.738141]}, "properties": {"brand": ""}}, {"type": "Feature", "geometry": {"type": "Point", "coordinates": [-84.401468, 33.778476]}, "properties": {"brand": "Flock Safety"}}, {"type": "Feature", "geometry": {"type": "Point", "coordinates": [-84.41007, 33.74695]}, "properties": {"brand": "Motorola Solutions"}}, {"type": "Feature", "geometry": {"type": "Point", "coordinates": [-84.444083, 33.900752]}, "properties": {"brand": "Flock Safety"}}, {"type": "Feature", "geometry": {"type": "Point", "coordinates": [-84.386002, 33.759769]}, "properties": {"brand": "Flock Safety"}}, {"type": "Feature", "geometry": {"type": "Point", "coordinates": [-84.9002, 33.726575]}, "properties": {"brand": "Flock Safety"}}, {"type": "Feature", "geometry": {"type": "Point", "coordinates": [-84.260306, 34.127003]}, "properties": {"brand": ""}}, {"type": "Feature", "geometry": {"type": "Point", "coordinates": [-84.310624, 34.073251]}, "properties": {"brand": ""}}, {"type": "Feature", "geometry": {"type": "Point", "coordinates": [-84.33032, 34.076142]}, "properties": {"brand": ""}}, {"type": "Feature", "geometry": {"type": "Point", "coordinates": [-84.338956, 34.07825]}, "properties": {"brand": ""}}, {"type": "Feature", "geometry": {"type": "Point", "coordinates": [-84.348514, 34.07769]}, "properties": {"brand": ""}}, {"type": "Feature", "geometry": {"type": "Point", "coordinates": [-84.355312, 34.077464]}, "properties": {"brand": ""}}, {"type": "Feature", "geometry": {"type": "Point", "coordinates": [-84.382087, 34.065131]}, "properties": {"brand": ""}}, {"type": "Feature", "geometry": {"type": "Point", "coordinates": [-84.400745, 34.062027]}, "properties": {"brand": ""}}, {"type": "Feature", "geometry": {"type": "Point", "coordinates": [-84.462096, 33.983438]}, "properties": {"brand": "Flock Safety"}}, {"type": "Feature", "geometry": {"type": "Point", "coordinates": [-84.451634, 33.972064]}, "properties": {"brand": "Flock Safety"}}, {"type": "Feature", "geometry": {"type": "Point", "coordinates": [-84.451633, 33.972057]}, "properties": {"brand": "Flock Safety"}}, {"type": "Feature", "geometry": {"type": "Point", "coordinates": [-84.461987, 33.974775]}, "properties": {"brand": "Flock Safety"}}, {"type": "Feature", "geometry": {"type": "Point", "coordinates": [-84.456997, 33.967565]}, "properties": {"brand": "Flock Safety"}}, {"type": "Feature", "geometry": {"type": "Point", "coordinates": [-84.434441, 33.979415]}, "properties": {"brand": "Flock Safety"}}, {"type": "Feature", "geometry": {"type": "Point", "coordinates": [-84.311134, 33.860233]}, "properties": {"brand": "Flock Safety"}}, {"type": "Feature", "geometry": {"type": "Point", "coordinates": [-84.310889, 33.860229]}, "properties": {"brand": "Flock Safety"}}, {"type": "Feature", "geometry": {"type": "Point", "coordinates": [-84.314038, 33.861132]}, "properties": {"brand": "Flock Safety"}}, {"type": "Feature", "geometry": {"type": "Point", "coordinates": [-84.313065, 33.858467]}, "properties": {"brand": "Flock Safety"}}, {"type": "Feature", "geometry": {"type": "Point", "coordinates": [-84.312244, 33.861049]}, "properties": {"brand": "Flock Safety"}}, {"type": "Feature", "geometry": {"type": "Point", "coordinates": [-84.414686, 34.060333]}, "properties": {"brand": ""}}, {"type": "Feature", "geometry": {"type": "Point", "coordinates": [-84.416256, 34.060073]}, "properties": {"brand": ""}}, {"type": "Feature", "geometry": {"type": "Point", "coordinates": [-84.549181, 33.918568]}, "properties": {"brand": ""}}, {"type": "Feature", "geometry": {"type": "Point", "coordinates": [-84.313525, 34.036078]}, "properties": {"brand": ""}}, {"type": "Feature", "geometry": {"type": "Point", "coordinates": [-84.289684, 34.060174]}, "properties": {"brand": "Flock Safety"}}, {"type": "Feature", "geometry": {"type": "Point", "coordinates": [-84.303196, 34.060946]}, "properties": {"brand": "Flock Safety"}}, {"type": "Feature", "geometry": {"type": "Point", "coordinates": [-84.269058, 34.10639]}, "properties": {"brand": "Flock Safety"}}, {"type": "Feature", "geometry": {"type": "Point", "coordinates": [-84.270323, 34.091314]}, "properties": {"brand": "Flock Safety"}}, {"type": "Feature", "geometry": {"type": "Point", "coordinates": [-84.26935, 34.089806]}, "properties": {"brand": "Flock Safety"}}, {"type": "Feature", "geometry": {"type": "Point", "coordinates": [-84.483683, 33.883439]}, "properties": {"brand": "Flock Safety"}}, {"type": "Feature", "geometry": {"type": "Point", "coordinates": [-84.481433, 33.818663]}, "properties": {"brand": "Flock Safety"}}, {"type": "Feature", "geometry": {"type": "Point", "coordinates": [-84.288584, 34.05983]}, "properties": {"brand": "Flock Safety"}}, {"type": "Feature", "geometry": {"type": "Point", "coordinates": [-84.343153, 34.037777]}, "properties": {"brand": "Flock Safety"}}, {"type": "Feature", "geometry": {"type": "Point", "coordinates": [-84.34906, 34.088553]}, "properties": {"brand": "Flock Safety"}}, {"type": "Feature", "geometry": {"type": "Point", "coordinates": [-84.254031, 34.104579]}, "properties": {"brand": "Flock Safety"}}, {"type": "Feature", "geometry": {"type": "Point", "coordinates": [-84.272987, 34.120144]}, "properties": {"brand": "Flock Safety"}}, {"type": "Feature", "geometry": {"type": "Point", "coordinates": [-84.274433, 34.119668]}, "properties": {"brand": "Flock Safety"}}, {"type": "Feature", "geometry": {"type": "Point", "coordinates": [-84.263914, 33.965713]}, "properties": {"brand": "Flock Safety"}}, {"type": "Feature", "geometry": {"type": "Point", "coordinates": [-84.272215, 33.954028]}, "properties": {"brand": "Flock Safety"}}, {"type": "Feature", "geometry": {"type": "Point", "coordinates": [-84.271513, 33.951944]}, "properties": {"brand": "Flock Safety"}}, {"type": "Feature", "geometry": {"type": "Point", "coordinates": [-84.285674, 33.937207]}, "properties": {"brand": "Flock Safety"}}, {"type": "Feature", "geometry": {"type": "Point", "coordinates": [-84.293598, 33.936411]}, "properties": {"brand": "Flock Safety"}}, {"type": "Feature", "geometry": {"type": "Point", "coordinates": [-84.294359, 33.935915]}, "properties": {"brand": "Flock Safety"}}, {"type": "Feature", "geometry": {"type": "Point", "coordinates": [-84.313416, 33.929471]}, "properties": {"brand": "Flock Safety"}}, {"type": "Feature", "geometry": {"type": "Point", "coordinates": [-84.313775, 33.929436]}, "properties": {"brand": "Flock Safety"}}, {"type": "Feature", "geometry": {"type": "Point", "coordinates": [-84.314443, 33.928664]}, "properties": {"brand": "Flock Safety"}}, {"type": "Feature", "geometry": {"type": "Point", "coordinates": [-84.308539, 33.92568]}, "properties": {"brand": ""}}, {"type": "Feature", "geometry": {"type": "Point", "coordinates": [-84.30572, 33.923182]}, "properties": {"brand": "Flock Safety"}}, {"type": "Feature", "geometry": {"type": "Point", "coordinates": [-84.296127, 33.929211]}, "properties": {"brand": "Flock Safety"}}, {"type": "Feature", "geometry": {"type": "Point", "coordinates": [-84.252095, 33.92432]}, "properties": {"brand": "Flock Safety"}}, {"type": "Feature", "geometry": {"type": "Point", "coordinates": [-84.264581, 33.929677]}, "properties": {"brand": "Flock Safety"}}, {"type": "Feature", "geometry": {"type": "Point", "coordinates": [-84.265217, 33.930366]}, "properties": {"brand": "Flock Safety"}}, {"type": "Feature", "geometry": {"type": "Point", "coordinates": [-84.264873, 33.931561]}, "properties": {"brand": "Flock Safety"}}, {"type": "Feature", "geometry": {"type": "Point", "coordinates": [-84.265495, 33.932592]}, "properties": {"brand": "Flock Safety"}}, {"type": "Feature", "geometry": {"type": "Point", "coordinates": [-84.265487, 33.932567]}, "properties": {"brand": "Flock Safety"}}, {"type": "Feature", "geometry": {"type": "Point", "coordinates": [-84.337585, 33.865501]}, "properties": {"brand": "Flock Safety"}}, {"type": "Feature", "geometry": {"type": "Point", "coordinates": [-84.356433, 33.885019]}, "properties": {"brand": "Flock Safety"}}, {"type": "Feature", "geometry": {"type": "Point", "coordinates": [-84.322407, 33.842012]}, "properties": {"brand": "Flock Safety"}}, {"type": "Feature", "geometry": {"type": "Point", "coordinates": [-84.322348, 33.842252]}, "properties": {"brand": "Flock Safety"}}, {"type": "Feature", "geometry": {"type": "Point", "coordinates": [-84.328807, 33.895027]}, "properties": {"brand": "Flock Safety"}}, {"type": "Feature", "geometry": {"type": "Point", "coordinates": [-84.330342, 33.89761]}, "properties": {"brand": "Flock Safety"}}, {"type": "Feature", "geometry": {"type": "Point", "coordinates": [-84.313332, 33.893724]}, "properties": {"brand": "Flock Safety"}}, {"type": "Feature", "geometry": {"type": "Point", "coordinates": [-84.298181, 33.868484]}, "properties": {"brand": "Flock Safety"}}, {"type": "Feature", "geometry": {"type": "Point", "coordinates": [-84.364444, 33.955212]}, "properties": {"brand": "Flock Safety"}}, {"type": "Feature", "geometry": {"type": "Point", "coordinates": [-84.354277, 33.957218]}, "properties": {"brand": "Flock Safety"}}, {"type": "Feature", "geometry": {"type": "Point", "coordinates": [-84.509845, 33.796403]}, "properties": {"brand": "Flock Safety"}}, {"type": "Feature", "geometry": {"type": "Point", "coordinates": [-84.508822, 33.796095]}, "properties": {"brand": "Flock Safety"}}, {"type": "Feature", "geometry": {"type": "Point", "coordinates": [-84.278683, 34.09397]}, "properties": {"brand": "Flock Safety"}}, {"type": "Feature", "geometry": {"type": "Point", "coordinates": [-84.258633, 34.088444]}, "properties": {"brand": "Flock Safety"}}, {"type": "Feature", "geometry": {"type": "Point", "coordinates": [-84.273424, 33.988981]}, "properties": {"brand": "Flock Safety"}}, {"type": "Feature", "geometry": {"type": "Point", "coordinates": [-84.276475, 34.004629]}, "properties": {"brand": "Flock Safety"}}, {"type": "Feature", "geometry": {"type": "Point", "coordinates": [-84.287356, 34.021658]}, "properties": {"brand": "Flock Safety"}}, {"type": "Feature", "geometry": {"type": "Point", "coordinates": [-84.290048, 34.032564]}, "properties": {"brand": "Flock Safety"}}, {"type": "Feature", "geometry": {"type": "Point", "coordinates": [-84.304572, 34.048683]}, "properties": {"brand": "Flock Safety"}}, {"type": "Feature", "geometry": {"type": "Point", "coordinates": [-84.498021, 33.944696]}, "properties": {"brand": "Flock Safety"}}, {"type": "Feature", "geometry": {"type": "Point", "coordinates": [-84.528597, 33.998039]}, "properties": {"brand": "Flock Safety"}}, {"type": "Feature", "geometry": {"type": "Point", "coordinates": [-84.548264, 33.968173]}, "properties": {"brand": "Flock Safety"}}, {"type": "Feature", "geometry": {"type": "Point", "coordinates": [-84.549518, 33.967707]}, "properties": {"brand": "Flock Safety"}}, {"type": "Feature", "geometry": {"type": "Point", "coordinates": [-84.550071, 33.966321]}, "properties": {"brand": "Flock Safety"}}, {"type": "Feature", "geometry": {"type": "Point", "coordinates": [-84.550257, 33.956757]}, "properties": {"brand": "Flock Safety"}}, {"type": "Feature", "geometry": {"type": "Point", "coordinates": [-84.289231, 34.060821]}, "properties": {"brand": "Flock Safety"}}, {"type": "Feature", "geometry": {"type": "Point", "coordinates": [-84.289352, 34.060747]}, "properties": {"brand": "Flock Safety"}}, {"type": "Feature", "geometry": {"type": "Point", "coordinates": [-84.331588, 34.045986]}, "properties": {"brand": "Flock Safety"}}, {"type": "Feature", "geometry": {"type": "Point", "coordinates": [-84.324411, 34.042018]}, "properties": {"brand": "Flock Safety"}}, {"type": "Feature", "geometry": {"type": "Point", "coordinates": [-84.323846, 34.040987]}, "properties": {"brand": "Flock Safety"}}, {"type": "Feature", "geometry": {"type": "Point", "coordinates": [-84.402781, 33.773675]}, "properties": {"brand": "Motorola Solutions"}}, {"type": "Feature", "geometry": {"type": "Point", "coordinates": [-84.4174, 33.78273]}, "properties": {"brand": "Flock Safety"}}, {"type": "Feature", "geometry": {"type": "Point", "coordinates": [-84.263175, 34.085087]}, "properties": {"brand": "Flock Safety"}}, {"type": "Feature", "geometry": {"type": "Point", "coordinates": [-84.536078, 33.870475]}, "properties": {"brand": "Flock Safety"}}, {"type": "Feature", "geometry": {"type": "Point", "coordinates": [-84.540791, 33.899903]}, "properties": {"brand": "Flock Safety"}}, {"type": "Feature", "geometry": {"type": "Point", "coordinates": [-84.549672, 33.918822]}, "properties": {"brand": "Flock Safety"}}, {"type": "Feature", "geometry": {"type": "Point", "coordinates": [-84.553503, 33.938372]}, "properties": {"brand": "Flock Safety"}}, {"type": "Feature", "geometry": {"type": "Point", "coordinates": [-84.389008, 34.118658]}, "properties": {"brand": "Flock Safety"}}, {"type": "Feature", "geometry": {"type": "Point", "coordinates": [-84.38763, 34.117582]}, "properties": {"brand": "Flock Safety"}}, {"type": "Feature", "geometry": {"type": "Point", "coordinates": [-84.391482, 34.119794]}, "properties": {"brand": "Flock Safety"}}, {"type": "Feature", "geometry": {"type": "Point", "coordinates": [-84.361039, 34.089447]}, "properties": {"brand": "Flock Safety"}}, {"type": "Feature", "geometry": {"type": "Point", "coordinates": [-84.490391, 33.826241]}, "properties": {"brand": "Flock Safety"}}, {"type": "Feature", "geometry": {"type": "Point", "coordinates": [-84.361296, 34.047479]}, "properties": {"brand": "Flock Safety"}}, {"type": "Feature", "geometry": {"type": "Point", "coordinates": [-84.343561, 34.043313]}, "properties": {"brand": "Flock Safety"}}, {"type": "Feature", "geometry": {"type": "Point", "coordinates": [-84.345382, 34.061112]}, "properties": {"brand": "Flock Safety"}}, {"type": "Feature", "geometry": {"type": "Point", "coordinates": [-84.3465, 34.061412]}, "properties": {"brand": "Flock Safety"}}, {"type": "Feature", "geometry": {"type": "Point", "coordinates": [-84.354474, 34.076474]}, "properties": {"brand": "Flock Safety"}}, {"type": "Feature", "geometry": {"type": "Point", "coordinates": [-84.493926, 33.899492]}, "properties": {"brand": "Flock Safety"}}, {"type": "Feature", "geometry": {"type": "Point", "coordinates": [-84.493444, 33.899586]}, "properties": {"brand": "Flock Safety"}}, {"type": "Feature", "geometry": {"type": "Point", "coordinates": [-84.43975, 33.863247]}, "properties": {"brand": "Flock Safety"}}, {"type": "Feature", "geometry": {"type": "Point", "coordinates": [-84.289644, 34.070359]}, "properties": {"brand": "Flock Safety"}}, {"type": "Feature", "geometry": {"type": "Point", "coordinates": [-84.308387, 34.042716]}, "properties": {"brand": "Flock Safety"}}, {"type": "Feature", "geometry": {"type": "Point", "coordinates": [-84.322655, 34.021236]}, "properties": {"brand": "Flock Safety"}}, {"type": "Feature", "geometry": {"type": "Point", "coordinates": [-84.317193, 34.020491]}, "properties": {"brand": "Flock Safety"}}, {"type": "Feature", "geometry": {"type": "Point", "coordinates": [-84.289849, 34.026336]}, "properties": {"brand": "Flock Safety"}}, {"type": "Feature", "geometry": {"type": "Point", "coordinates": [-84.288134, 34.040103]}, "properties": {"brand": "Flock Safety"}}, {"type": "Feature", "geometry": {"type": "Point", "coordinates": [-84.259189, 34.044978]}, "properties": {"brand": "Flock Safety"}}, {"type": "Feature", "geometry": {"type": "Point", "coordinates": [-84.468285, 33.882844]}, "properties": {"brand": "Flock Safety"}}, {"type": "Feature", "geometry": {"type": "Point", "coordinates": [-84.468525, 33.882544]}, "properties": {"brand": "Flock Safety"}}, {"type": "Feature", "geometry": {"type": "Point", "coordinates": [-84.468396, 33.882428]}, "properties": {"brand": "Flock Safety"}}, {"type": "Feature", "geometry": {"type": "Point", "coordinates": [-84.46654, 33.881731]}, "properties": {"brand": "Flock Safety"}}, {"type": "Feature", "geometry": {"type": "Point", "coordinates": [-84.466549, 33.881359]}, "properties": {"brand": "Flock Safety"}}, {"type": "Feature", "geometry": {"type": "Point", "coordinates": [-84.464885, 33.879841]}, "properties": {"brand": "Flock Safety"}}, {"type": "Feature", "geometry": {"type": "Point", "coordinates": [-84.465517, 33.879754]}, "properties": {"brand": "Flock Safety"}}, {"type": "Feature", "geometry": {"type": "Point", "coordinates": [-84.326408, 33.764915]}, "properties": {"brand": ""}}, {"type": "Feature", "geometry": {"type": "Point", "coordinates": [-84.465828, 33.878222]}, "properties": {"brand": "Flock Safety"}}, {"type": "Feature", "geometry": {"type": "Point", "coordinates": [-84.468345, 33.878417]}, "properties": {"brand": "Flock Safety"}}, {"type": "Feature", "geometry": {"type": "Point", "coordinates": [-84.468437, 33.878514]}, "properties": {"brand": "Flock Safety"}}, {"type": "Feature", "geometry": {"type": "Point", "coordinates": [-84.473773, 33.880344]}, "properties": {"brand": "Flock Safety"}}, {"type": "Feature", "geometry": {"type": "Point", "coordinates": [-84.2956, 34.092493]}, "properties": {"brand": "Flock Safety"}}, {"type": "Feature", "geometry": {"type": "Point", "coordinates": [-84.295687, 34.092505]}, "properties": {"brand": "Flock Safety"}}, {"type": "Feature", "geometry": {"type": "Point", "coordinates": [-84.344436, 34.035527]}, "properties": {"brand": "Flock Safety"}}, {"type": "Feature", "geometry": {"type": "Point", "coordinates": [-84.36229, 34.017194]}, "properties": {"brand": "Flock Safety"}}, {"type": "Feature", "geometry": {"type": "Point", "coordinates": [-84.364117, 34.014443]}, "properties": {"brand": "Flock Safety"}}, {"type": "Feature", "geometry": {"type": "Point", "coordinates": [-84.397058, 34.002113]}, "properties": {"brand": "Flock Safety"}}, {"type": "Feature", "geometry": {"type": "Point", "coordinates": [-84.443383, 33.979231]}, "properties": {"brand": "Flock Safety"}}, {"type": "Feature", "geometry": {"type": "Point", "coordinates": [-84.443492, 33.979079]}, "properties": {"brand": "Flock Safety"}}, {"type": "Feature", "geometry": {"type": "Point", "coordinates": [-84.444362, 33.979173]}, "properties": {"brand": "Flock Safety"}}, {"type": "Feature", "geometry": {"type": "Point", "coordinates": [-84.53775, 33.950537]}, "properties": {"brand": "Flock Safety"}}, {"type": "Feature", "geometry": {"type": "Point", "coordinates": [-84.55888, 33.934387]}, "properties": {"brand": "Flock Safety"}}, {"type": "Feature", "geometry": {"type": "Point", "coordinates": [-84.582366, 33.909853]}, "properties": {"brand": "Flock Safety"}}, {"type": "Feature", "geometry": {"type": "Point", "coordinates": [-84.582478, 33.908546]}, "properties": {"brand": "Flock Safety"}}, {"type": "Feature", "geometry": {"type": "Point", "coordinates": [-84.580746, 33.902102]}, "properties": {"brand": "Flock Safety"}}, {"type": "Feature", "geometry": {"type": "Point", "coordinates": [-84.573284, 33.898475]}, "properties": {"brand": "Flock Safety"}}, {"type": "Feature", "geometry": {"type": "Point", "coordinates": [-84.271772, 34.070076]}, "properties": {"brand": "Flock Safety"}}, {"type": "Feature", "geometry": {"type": "Point", "coordinates": [-84.25769, 34.000104]}, "properties": {"brand": "Flock Safety"}}, {"type": "Feature", "geometry": {"type": "Point", "coordinates": [-84.268877, 33.985433]}, "properties": {"brand": "Flock Safety"}}, {"type": "Feature", "geometry": {"type": "Point", "coordinates": [-84.264719, 33.97648]}, "properties": {"brand": "Flock Safety"}}, {"type": "Feature", "geometry": {"type": "Point", "coordinates": [-84.264903, 33.97634]}, "properties": {"brand": "Flock Safety"}}, {"type": "Feature", "geometry": {"type": "Point", "coordinates": [-84.257974, 33.967959]}, "properties": {"brand": "Flock Safety"}}, {"type": "Feature", "geometry": {"type": "Point", "coordinates": [-84.250945, 33.945081]}, "properties": {"brand": "Flock Safety"}}, {"type": "Feature", "geometry": {"type": "Point", "coordinates": [-84.265535, 33.931032]}, "properties": {"brand": "Flock Safety"}}, {"type": "Feature", "geometry": {"type": "Point", "coordinates": [-84.274981, 33.926954]}, "properties": {"brand": "Flock Safety"}}, {"type": "Feature", "geometry": {"type": "Point", "coordinates": [-84.252003, 33.768295]}, "properties": {"brand": "Flock Safety"}}, {"type": "Feature", "geometry": {"type": "Point", "coordinates": [-84.274473, 33.750564]}, "properties": {"brand": "Flock Safety"}}, {"type": "Feature", "geometry": {"type": "Point", "coordinates": [-84.275965, 33.750082]}, "properties": {"brand": "Flock Safety"}}, {"type": "Feature", "geometry": {"type": "Point", "coordinates": [-84.286308, 33.747268]}, "properties": {"brand": "Flock Safety"}}, {"type": "Feature", "geometry": {"type": "Point", "coordinates": [-84.480562, 33.895768]}, "properties": {"brand": "Flock Safety"}}, {"type": "Feature", "geometry": {"type": "Point", "coordinates": [-84.471207, 33.879438]}, "properties": {"brand": "Flock Safety"}}, {"type": "Feature", "geometry": {"type": "Point", "coordinates": [-84.47136, 33.879517]}, "properties": {"brand": "Flock Safety"}}, {"type": "Feature", "geometry": {"type": "Point", "coordinates": [-84.348885, 33.773928]}, "properties": {"brand": "Axon Enterprise"}}, {"type": "Feature", "geometry": {"type": "Point", "coordinates": [-84.344841, 33.774477]}, "properties": {"brand": "Flock Safety"}}, {"type": "Feature", "geometry": {"type": "Point", "coordinates": [-84.630805, 33.867465]}, "properties": {"brand": "Flock Safety"}}, {"type": "Feature", "geometry": {"type": "Point", "coordinates": [-84.648896, 33.876538]}, "properties": {"brand": "Flock Safety"}}, {"type": "Feature", "geometry": {"type": "Point", "coordinates": [-84.658796, 33.876591]}, "properties": {"brand": "Flock Safety"}}, {"type": "Feature", "geometry": {"type": "Point", "coordinates": [-84.633433, 33.869491]}, "properties": {"brand": "Flock Safety"}}, {"type": "Feature", "geometry": {"type": "Point", "coordinates": [-84.836879, 34.044285]}, "properties": {"brand": "Flock Safety"}}, {"type": "Feature", "geometry": {"type": "Point", "coordinates": [-84.843703, 33.929002]}, "properties": {"brand": "Flock Safety"}}, {"type": "Feature", "geometry": {"type": "Point", "coordinates": [-84.80158, 33.902737]}, "properties": {"brand": "Flock Safety"}}, {"type": "Feature", "geometry": {"type": "Point", "coordinates": [-84.801549, 33.902738]}, "properties": {"brand": "Flock Safety"}}, {"type": "Feature", "geometry": {"type": "Point", "coordinates": [-84.633369, 33.868878]}, "properties": {"brand": "Flock Safety"}}, {"type": "Feature", "geometry": {"type": "Point", "coordinates": [-84.339612, 33.856133]}, "properties": {"brand": "Flock Safety"}}, {"type": "Feature", "geometry": {"type": "Point", "coordinates": [-84.259782, 34.090908]}, "properties": {"brand": ""}}, {"type": "Feature", "geometry": {"type": "Point", "coordinates": [-84.338553, 34.180036]}, "properties": {"brand": "Flock Safety"}}, {"type": "Feature", "geometry": {"type": "Point", "coordinates": [-84.339669, 34.181273]}, "properties": {"brand": "Flock Safety"}}, {"type": "Feature", "geometry": {"type": "Point", "coordinates": [-84.3684, 33.741585]}, "properties": {"brand": ""}}, {"type": "Feature", "geometry": {"type": "Point", "coordinates": [-84.287825, 34.055438]}, "properties": {"brand": "Flock Safety"}}, {"type": "Feature", "geometry": {"type": "Point", "coordinates": [-84.327931, 33.790479]}, "properties": {"brand": "Flock Safety"}}, {"type": "Feature", "geometry": {"type": "Point", "coordinates": [-84.548818, 33.948603]}, "properties": {"brand": "Flock Safety"}}, {"type": "Feature", "geometry": {"type": "Point", "coordinates": [-84.548247, 33.958846]}, "properties": {"brand": "Flock Safety"}}, {"type": "Feature", "geometry": {"type": "Point", "coordinates": [-84.393274, 34.003104]}, "properties": {"brand": "Flock Safety"}}, {"type": "Feature", "geometry": {"type": "Point", "coordinates": [-84.356601, 34.029395]}, "properties": {"brand": "Flock Safety"}}, {"type": "Feature", "geometry": {"type": "Point", "coordinates": [-84.305725, 34.073099]}, "properties": {"brand": "Flock Safety"}}, {"type": "Feature", "geometry": {"type": "Point", "coordinates": [-84.323943, 34.041823]}, "properties": {"brand": "Flock Safety"}}, {"type": "Feature", "geometry": {"type": "Point", "coordinates": [-84.324812, 34.041687]}, "properties": {"brand": "Flock Safety"}}, {"type": "Feature", "geometry": {"type": "Point", "coordinates": [-84.335511, 34.028101]}, "properties": {"brand": "Flock Safety"}}, {"type": "Feature", "geometry": {"type": "Point", "coordinates": [-84.287039, 34.070515]}, "properties": {"brand": "Flock Safety"}}, {"type": "Feature", "geometry": {"type": "Point", "coordinates": [-84.367731, 34.095237]}, "properties": {"brand": "Flock Safety"}}, {"type": "Feature", "geometry": {"type": "Point", "coordinates": [-84.572037, 34.076983]}, "properties": {"brand": "Flock Safety"}}, {"type": "Feature", "geometry": {"type": "Point", "coordinates": [-84.574547, 34.080463]}, "properties": {"brand": "Flock Safety"}}, {"type": "Feature", "geometry": {"type": "Point", "coordinates": [-84.585916, 34.12904]}, "properties": {"brand": "Flock Safety"}}, {"type": "Feature", "geometry": {"type": "Point", "coordinates": [-84.582673, 34.159638]}, "properties": {"brand": "Flock Safety"}}, {"type": "Feature", "geometry": {"type": "Point", "coordinates": [-84.579591, 34.163506]}, "properties": {"brand": "Flock Safety"}}, {"type": "Feature", "geometry": {"type": "Point", "coordinates": [-84.494071, 33.828459]}, "properties": {"brand": "Flock Safety"}}, {"type": "Feature", "geometry": {"type": "Point", "coordinates": [-84.498949, 33.827317]}, "properties": {"brand": "Flock Safety"}}, {"type": "Feature", "geometry": {"type": "Point", "coordinates": [-84.51998, 33.838134]}, "properties": {"brand": "Flock Safety"}}, {"type": "Feature", "geometry": {"type": "Point", "coordinates": [-84.5713, 33.856703]}, "properties": {"brand": "Flock Safety"}}, {"type": "Feature", "geometry": {"type": "Point", "coordinates": [-84.474113, 33.865454]}, "properties": {"brand": "Flock Safety"}}, {"type": "Feature", "geometry": {"type": "Point", "coordinates": [-84.476426, 33.86537]}, "properties": {"brand": "Flock Safety"}}, {"type": "Feature", "geometry": {"type": "Point", "coordinates": [-84.474533, 33.87305]}, "properties": {"brand": "Flock Safety"}}, {"type": "Feature", "geometry": {"type": "Point", "coordinates": [-84.474978, 33.888454]}, "properties": {"brand": "Flock Safety"}}, {"type": "Feature", "geometry": {"type": "Point", "coordinates": [-84.493988, 33.868409]}, "properties": {"brand": "Flock Safety"}}, {"type": "Feature", "geometry": {"type": "Point", "coordinates": [-84.52407, 33.695373]}, "properties": {"brand": "Flock Safety"}}, {"type": "Feature", "geometry": {"type": "Point", "coordinates": [-84.509379, 33.854331]}, "properties": {"brand": "Flock Safety"}}, {"type": "Feature", "geometry": {"type": "Point", "coordinates": [-84.570375, 34.008098]}, "properties": {"brand": "Flock Safety"}}, {"type": "Feature", "geometry": {"type": "Point", "coordinates": [-84.492479, 34.130602]}, "properties": {"brand": "Flock Safety"}}, {"type": "Feature", "geometry": {"type": "Point", "coordinates": [-84.376919, 34.090227]}, "properties": {"brand": "Flock Safety"}}, {"type": "Feature", "geometry": {"type": "Point", "coordinates": [-84.615513, 33.963811]}, "properties": {"brand": "Flock Safety"}}, {"type": "Feature", "geometry": {"type": "Point", "coordinates": [-84.615978, 33.963875]}, "properties": {"brand": "Flock Safety"}}, {"type": "Feature", "geometry": {"type": "Point", "coordinates": [-84.480153, 33.839675]}, "properties": {"brand": "Flock Safety"}}, {"type": "Feature", "geometry": {"type": "Point", "coordinates": [-84.480037, 33.839792]}, "properties": {"brand": "Flock Safety"}}, {"type": "Feature", "geometry": {"type": "Point", "coordinates": [-84.272674, 34.066632]}, "properties": {"brand": "Flock Safety"}}, {"type": "Feature", "geometry": {"type": "Point", "coordinates": [-84.350322, 34.001986]}, "properties": {"brand": "Flock Safety"}}, {"type": "Feature", "geometry": {"type": "Point", "coordinates": [-84.350884, 34.006224]}, "properties": {"brand": "Flock Safety"}}, {"type": "Feature", "geometry": {"type": "Point", "coordinates": [-84.525524, 34.156463]}, "properties": {"brand": "Flock Safety"}}, {"type": "Feature", "geometry": {"type": "Point", "coordinates": [-84.341754, 33.986156]}, "properties": {"brand": "Flock Safety"}}, {"type": "Feature", "geometry": {"type": "Point", "coordinates": [-84.340167, 33.982361]}, "properties": {"brand": "Flock Safety"}}, {"type": "Feature", "geometry": {"type": "Point", "coordinates": [-84.342981, 34.035885]}, "properties": {"brand": "Flock Safety"}}, {"type": "Feature", "geometry": {"type": "Point", "coordinates": [-84.262523, 34.157019]}, "properties": {"brand": "Flock Safety"}}, {"type": "Feature", "geometry": {"type": "Point", "coordinates": [-84.272728, 34.185921]}, "properties": {"brand": "Flock Safety"}}, {"type": "Feature", "geometry": {"type": "Point", "coordinates": [-84.337784, 34.167782]}, "properties": {"brand": "Flock Safety"}}, {"type": "Feature", "geometry": {"type": "Point", "coordinates": [-84.505866, 34.121527]}, "properties": {"brand": "Flock Safety"}}, {"type": "Feature", "geometry": {"type": "Point", "coordinates": [-84.52544, 34.12333]}, "properties": {"brand": "Flock Safety"}}, {"type": "Feature", "geometry": {"type": "Point", "coordinates": [-84.367751, 34.036236]}, "properties": {"brand": "Flock Safety"}}, {"type": "Feature", "geometry": {"type": "Point", "coordinates": [-84.368933, 34.037386]}, "properties": {"brand": "Flock Safety"}}, {"type": "Feature", "geometry": {"type": "Point", "coordinates": [-84.369718, 34.038113]}, "properties": {"brand": "Flock Safety"}}, {"type": "Feature", "geometry": {"type": "Point", "coordinates": [-84.424959, 33.98521]}, "properties": {"brand": "Flock Safety"}}, {"type": "Feature", "geometry": {"type": "Point", "coordinates": [-84.357471, 34.081948]}, "properties": {"brand": "Flock Safety"}}, {"type": "Feature", "geometry": {"type": "Point", "coordinates": [-84.382795, 34.073358]}, "properties": {"brand": "Flock Safety"}}, {"type": "Feature", "geometry": {"type": "Point", "coordinates": [-84.392179, 33.786656]}, "properties": {"brand": "Flock Safety"}}, {"type": "Feature", "geometry": {"type": "Point", "coordinates": [-84.364383, 33.823841]}, "properties": {"brand": "Flock Safety"}}, {"type": "Feature", "geometry": {"type": "Point", "coordinates": [-84.364269, 33.825386]}, "properties": {"brand": "Flock Safety"}}, {"type": "Feature", "geometry": {"type": "Point", "coordinates": [-84.313517, 34.039843]}, "properties": {"brand": ""}}, {"type": "Feature", "geometry": {"type": "Point", "coordinates": [-84.28587, 34.051026]}, "properties": {"brand": ""}}, {"type": "Feature", "geometry": {"type": "Point", "coordinates": [-84.305652, 34.039544]}, "properties": {"brand": ""}}, {"type": "Feature", "geometry": {"type": "Point", "coordinates": [-84.307242, 34.038003]}, "properties": {"brand": ""}}, {"type": "Feature", "geometry": {"type": "Point", "coordinates": [-84.309091, 34.03847]}, "properties": {"brand": ""}}, {"type": "Feature", "geometry": {"type": "Point", "coordinates": [-84.429727, 34.075711]}, "properties": {"brand": "Flock Safety"}}, {"type": "Feature", "geometry": {"type": "Point", "coordinates": [-84.429067, 34.07409]}, "properties": {"brand": "Flock Safety"}}, {"type": "Feature", "geometry": {"type": "Point", "coordinates": [-84.326121, 34.096876]}, "properties": {"brand": "Flock Safety"}}, {"type": "Feature", "geometry": {"type": "Point", "coordinates": [-84.327001, 34.095988]}, "properties": {"brand": "Flock Safety"}}, {"type": "Feature", "geometry": {"type": "Point", "coordinates": [-84.551282, 33.92849]}, "properties": {"brand": "Flock Safety"}}, {"type": "Feature", "geometry": {"type": "Point", "coordinates": [-84.361112, 34.089054]}, "properties": {"brand": "Flock Safety"}}, {"type": "Feature", "geometry": {"type": "Point", "coordinates": [-84.417137, 34.096551]}, "properties": {"brand": "Flock Safety"}}, {"type": "Feature", "geometry": {"type": "Point", "coordinates": [-84.420085, 34.096412]}, "properties": {"brand": "Flock Safety"}}, {"type": "Feature", "geometry": {"type": "Point", "coordinates": [-84.305328, 34.072827]}, "properties": {"brand": "Flock Safety"}}, {"type": "Feature", "geometry": {"type": "Point", "coordinates": [-84.603202, 33.77157]}, "properties": {"brand": "Flock Safety"}}, {"type": "Feature", "geometry": {"type": "Point", "coordinates": [-84.594174, 33.765497]}, "properties": {"brand": "Flock Safety"}}, {"type": "Feature", "geometry": {"type": "Point", "coordinates": [-84.567408, 33.8021]}, "properties": {"brand": "Flock Safety"}}, {"type": "Feature", "geometry": {"type": "Point", "coordinates": [-84.547224, 33.859783]}, "properties": {"brand": "Flock Safety"}}, {"type": "Feature", "geometry": {"type": "Point", "coordinates": [-84.944092, 33.687203]}, "properties": {"brand": "Flock Safety"}}, {"type": "Feature", "geometry": {"type": "Point", "coordinates": [-84.341834, 33.772537]}, "properties": {"brand": "Flock Safety"}}, {"type": "Feature", "geometry": {"type": "Point", "coordinates": [-84.361934, 34.019886]}, "properties": {"brand": "Flock Safety"}}, {"type": "Feature", "geometry": {"type": "Point", "coordinates": [-84.257445, 33.968251]}, "properties": {"brand": "Flock Safety"}}, {"type": "Feature", "geometry": {"type": "Point", "coordinates": [-84.302785, 33.96023]}, "properties": {"brand": "Flock Safety"}}, {"type": "Feature", "geometry": {"type": "Point", "coordinates": [-84.491822, 33.923904]}, "properties": {"brand": "Flock Safety"}}, {"type": "Feature", "geometry": {"type": "Point", "coordinates": [-84.491884, 33.92383]}, "properties": {"brand": "Flock Safety"}}, {"type": "Feature", "geometry": {"type": "Point", "coordinates": [-84.492188, 33.923858]}, "properties": {"brand": "Flock Safety"}}, {"type": "Feature", "geometry": {"type": "Point", "coordinates": [-84.492168, 33.921775]}, "properties": {"brand": "Flock Safety"}}, {"type": "Feature", "geometry": {"type": "Point", "coordinates": [-84.497834, 33.915257]}, "properties": {"brand": "Flock Safety"}}, {"type": "Feature", "geometry": {"type": "Point", "coordinates": [-84.495875, 33.911911]}, "properties": {"brand": "Flock Safety"}}, {"type": "Feature", "geometry": {"type": "Point", "coordinates": [-84.490224, 33.906165]}, "properties": {"brand": "Flock Safety"}}, {"type": "Feature", "geometry": {"type": "Point", "coordinates": [-84.346061, 33.778232]}, "properties": {"brand": "Flock Safety"}}, {"type": "Feature", "geometry": {"type": "Point", "coordinates": [-84.346072, 33.778223]}, "properties": {"brand": "Flock Safety"}}, {"type": "Feature", "geometry": {"type": "Point", "coordinates": [-84.345589, 33.778588]}, "properties": {"brand": "Flock Safety"}}, {"type": "Feature", "geometry": {"type": "Point", "coordinates": [-84.339791, 33.787955]}, "properties": {"brand": "Flock Safety"}}, {"type": "Feature", "geometry": {"type": "Point", "coordinates": [-84.404564, 33.78143]}, "properties": {"brand": "Flock Safety"}}, {"type": "Feature", "geometry": {"type": "Point", "coordinates": [-84.345456, 33.842591]}, "properties": {"brand": "Flock Safety"}}, {"type": "Feature", "geometry": {"type": "Point", "coordinates": [-84.344301, 33.840644]}, "properties": {"brand": "Flock Safety"}}, {"type": "Feature", "geometry": {"type": "Point", "coordinates": [-84.333044, 33.789117]}, "properties": {"brand": "Flock Safety"}}, {"type": "Feature", "geometry": {"type": "Point", "coordinates": [-84.338272, 34.035273]}, "properties": {"brand": "Flock Safety"}}, {"type": "Feature", "geometry": {"type": "Point", "coordinates": [-84.341369, 34.03262]}, "properties": {"brand": "Flock Safety"}}, {"type": "Feature", "geometry": {"type": "Point", "coordinates": [-84.399245, 33.781592]}, "properties": {"brand": "Motorola Solutions"}}, {"type": "Feature", "geometry": {"type": "Point", "coordinates": [-84.399243, 33.781596]}, "properties": {"brand": "Motorola Solutions"}}, {"type": "Feature", "geometry": {"type": "Point", "coordinates": [-84.263106, 34.143538]}, "properties": {"brand": "Flock Safety"}}, {"type": "Feature", "geometry": {"type": "Point", "coordinates": [-84.361002, 34.04817]}, "properties": {"brand": "Flock Safety"}}, {"type": "Feature", "geometry": {"type": "Point", "coordinates": [-84.507053, 34.190617]}, "properties": {"brand": "Flock Safety"}}, {"type": "Feature", "geometry": {"type": "Point", "coordinates": [-84.508565, 34.191548]}, "properties": {"brand": "Flock Safety"}}, {"type": "Feature", "geometry": {"type": "Point", "coordinates": [-84.350188, 33.984036]}, "properties": {"brand": "Flock Safety"}}, {"type": "Feature", "geometry": {"type": "Point", "coordinates": [-84.341996, 33.984257]}, "properties": {"brand": "Flock Safety"}}, {"type": "Feature", "geometry": {"type": "Point", "coordinates": [-84.493768, 34.128592]}, "properties": {"brand": "Flock Safety"}}, {"type": "Feature", "geometry": {"type": "Point", "coordinates": [-84.368228, 33.742042]}, "properties": {"brand": ""}}, {"type": "Feature", "geometry": {"type": "Point", "coordinates": [-84.396093, 33.938928]}, "properties": {"brand": "Flock Safety"}}, {"type": "Feature", "geometry": {"type": "Point", "coordinates": [-84.381022, 33.936885]}, "properties": {"brand": "Flock Safety"}}, {"type": "Feature", "geometry": {"type": "Point", "coordinates": [-84.379322, 33.937098]}, "properties": {"brand": "Flock Safety"}}, {"type": "Feature", "geometry": {"type": "Point", "coordinates": [-84.650933, 34.035502]}, "properties": {"brand": "Flock Safety"}}, {"type": "Feature", "geometry": {"type": "Point", "coordinates": [-84.562817, 33.969379]}, "properties": {"brand": "Flock Safety"}}, {"type": "Feature", "geometry": {"type": "Point", "coordinates": [-84.667986, 34.045134]}, "properties": {"brand": "Flock Safety"}}, {"type": "Feature", "geometry": {"type": "Point", "coordinates": [-84.662464, 34.049396]}, "properties": {"brand": "Flock Safety"}}, {"type": "Feature", "geometry": {"type": "Point", "coordinates": [-84.675247, 34.035322]}, "properties": {"brand": "Flock Safety"}}, {"type": "Feature", "geometry": {"type": "Point", "coordinates": [-84.671372, 34.034491]}, "properties": {"brand": "Flock Safety"}}, {"type": "Feature", "geometry": {"type": "Point", "coordinates": [-84.673222, 34.034158]}, "properties": {"brand": "Flock Safety"}}, {"type": "Feature", "geometry": {"type": "Point", "coordinates": [-84.666468, 33.970182]}, "properties": {"brand": "Flock Safety"}}, {"type": "Feature", "geometry": {"type": "Point", "coordinates": [-84.594827, 34.001715]}, "properties": {"brand": "Flock Safety"}}, {"type": "Feature", "geometry": {"type": "Point", "coordinates": [-84.59554, 34.001584]}, "properties": {"brand": "Flock Safety"}}, {"type": "Feature", "geometry": {"type": "Point", "coordinates": [-84.644747, 34.028197]}, "properties": {"brand": "Flock Safety"}}, {"type": "Feature", "geometry": {"type": "Point", "coordinates": [-84.639252, 34.027373]}, "properties": {"brand": "Flock Safety"}}, {"type": "Feature", "geometry": {"type": "Point", "coordinates": [-84.635463, 34.025961]}, "properties": {"brand": "Flock Safety"}}, {"type": "Feature", "geometry": {"type": "Point", "coordinates": [-84.653486, 33.954825]}, "properties": {"brand": "Flock Safety"}}, {"type": "Feature", "geometry": {"type": "Point", "coordinates": [-84.639996, 33.950369]}, "properties": {"brand": "Flock Safety"}}, {"type": "Feature", "geometry": {"type": "Point", "coordinates": [-84.638862, 33.950086]}, "properties": {"brand": "Flock Safety"}}, {"type": "Feature", "geometry": {"type": "Point", "coordinates": [-84.627936, 33.947274]}, "properties": {"brand": "Flock Safety"}}, {"type": "Feature", "geometry": {"type": "Point", "coordinates": [-84.629231, 33.947326]}, "properties": {"brand": "Flock Safety"}}, {"type": "Feature", "geometry": {"type": "Point", "coordinates": [-84.629999, 33.948214]}, "properties": {"brand": "Flock Safety"}}, {"type": "Feature", "geometry": {"type": "Point", "coordinates": [-84.687226, 34.03606]}, "properties": {"brand": "Flock Safety"}}, {"type": "Feature", "geometry": {"type": "Point", "coordinates": [-84.685353, 34.035846]}, "properties": {"brand": "Flock Safety"}}, {"type": "Feature", "geometry": {"type": "Point", "coordinates": [-84.68511, 34.034881]}, "properties": {"brand": "Flock Safety"}}, {"type": "Feature", "geometry": {"type": "Point", "coordinates": [-84.65453, 34.075275]}, "properties": {"brand": "Flock Safety"}}, {"type": "Feature", "geometry": {"type": "Point", "coordinates": [-84.590971, 34.000053]}, "properties": {"brand": "Flock Safety"}}, {"type": "Feature", "geometry": {"type": "Point", "coordinates": [-84.643747, 34.036107]}, "properties": {"brand": "Flock Safety"}}, {"type": "Feature", "geometry": {"type": "Point", "coordinates": [-84.62583, 34.017215]}, "properties": {"brand": "Flock Safety"}}, {"type": "Feature", "geometry": {"type": "Point", "coordinates": [-84.576324, 33.989507]}, "properties": {"brand": "Flock Safety"}}, {"type": "Feature", "geometry": {"type": "Point", "coordinates": [-84.649942, 34.029684]}, "properties": {"brand": "Flock Safety"}}, {"type": "Feature", "geometry": {"type": "Point", "coordinates": [-84.614611, 34.04874]}, "properties": {"brand": "Flock Safety"}}, {"type": "Feature", "geometry": {"type": "Point", "coordinates": [-84.630276, 34.077111]}, "properties": {"brand": "Flock Safety"}}, {"type": "Feature", "geometry": {"type": "Point", "coordinates": [-84.720307, 34.059126]}, "properties": {"brand": "Flock Safety"}}, {"type": "Feature", "geometry": {"type": "Point", "coordinates": [-84.677316, 34.073226]}, "properties": {"brand": "Flock Safety"}}, {"type": "Feature", "geometry": {"type": "Point", "coordinates": [-84.557546, 34.173927]}, "properties": {"brand": "Flock Safety"}}, {"type": "Feature", "geometry": {"type": "Point", "coordinates": [-84.684135, 34.067449]}, "properties": {"brand": "Flock Safety"}}, {"type": "Feature", "geometry": {"type": "Point", "coordinates": [-84.687489, 34.067675]}, "properties": {"brand": "Flock Safety"}}, {"type": "Feature", "geometry": {"type": "Point", "coordinates": [-84.699095, 34.05008]}, "properties": {"brand": "Flock Safety"}}, {"type": "Feature", "geometry": {"type": "Point", "coordinates": [-84.62884, 34.078356]}, "properties": {"brand": "Flock Safety"}}, {"type": "Feature", "geometry": {"type": "Point", "coordinates": [-84.634736, 34.073018]}, "properties": {"brand": "Flock Safety"}}, {"type": "Feature", "geometry": {"type": "Point", "coordinates": [-84.677013, 34.068045]}, "properties": {"brand": "Flock Safety"}}, {"type": "Feature", "geometry": {"type": "Point", "coordinates": [-84.675623, 34.067281]}, "properties": {"brand": "Flock Safety"}}, {"type": "Feature", "geometry": {"type": "Point", "coordinates": [-84.646409, 34.037074]}, "properties": {"brand": "Flock Safety"}}, {"type": "Feature", "geometry": {"type": "Point", "coordinates": [-84.597488, 33.993527]}, "properties": {"brand": "Flock Safety"}}, {"type": "Feature", "geometry": {"type": "Point", "coordinates": [-84.596875, 33.992715]}, "properties": {"brand": "Flock Safety"}}, {"type": "Feature", "geometry": {"type": "Point", "coordinates": [-84.508343, 33.928367]}, "properties": {"brand": "Flock Safety"}}, {"type": "Feature", "geometry": {"type": "Point", "coordinates": [-84.513528, 33.937438]}, "properties": {"brand": "Flock Safety"}}, {"type": "Feature", "geometry": {"type": "Point", "coordinates": [-84.455611, 33.86941]}, "properties": {"brand": "Flock Safety"}}, {"type": "Feature", "geometry": {"type": "Point", "coordinates": [-84.454364, 33.868016]}, "properties": {"brand": "Flock Safety"}}, {"type": "Feature", "geometry": {"type": "Point", "coordinates": [-84.454105, 33.868144]}, "properties": {"brand": "Flock Safety"}}, {"type": "Feature", "geometry": {"type": "Point", "coordinates": [-84.636456, 34.061679]}, "properties": {"brand": "Flock Safety"}}, {"type": "Feature", "geometry": {"type": "Point", "coordinates": [-84.574642, 33.95186]}, "properties": {"brand": "Flock Safety"}}, {"type": "Feature", "geometry": {"type": "Point", "coordinates": [-84.579735, 33.954664]}, "properties": {"brand": "Flock Safety"}}, {"type": "Feature", "geometry": {"type": "Point", "coordinates": [-84.42754, 33.659066]}, "properties": {"brand": "Flock Safety"}}, {"type": "Feature", "geometry": {"type": "Point", "coordinates": [-84.428012, 33.658866]}, "properties": {"brand": "Flock Safety"}}, {"type": "Feature", "geometry": {"type": "Point", "coordinates": [-84.427387, 33.657693]}, "properties": {"brand": "Flock Safety"}}, {"type": "Feature", "geometry": {"type": "Point", "coordinates": [-84.42659, 33.657395]}, "properties": {"brand": "Flock Safety"}}, {"type": "Feature", "geometry": {"type": "Point", "coordinates": [-84.426538, 33.65767]}, "properties": {"brand": "Flock Safety"}}, {"type": "Feature", "geometry": {"type": "Point", "coordinates": [-84.408177, 33.651926]}, "properties": {"brand": "Flock Safety"}}, {"type": "Feature", "geometry": {"type": "Point", "coordinates": [-84.407444, 33.651782]}, "properties": {"brand": "Flock Safety"}}, {"type": "Feature", "geometry": {"type": "Point", "coordinates": [-84.617933, 34.088339]}, "properties": {"brand": "Flock Safety"}}, {"type": "Feature", "geometry": {"type": "Point", "coordinates": [-84.588085, 34.07609]}, "properties": {"brand": "Flock Safety"}}, {"type": "Feature", "geometry": {"type": "Point", "coordinates": [-84.545428, 34.002658]}, "properties": {"brand": "Flock Safety"}}, {"type": "Feature", "geometry": {"type": "Point", "coordinates": [-84.588825, 34.077066]}, "properties": {"brand": "Flock Safety"}}, {"type": "Feature", "geometry": {"type": "Point", "coordinates": [-84.557673, 33.982833]}, "properties": {"brand": "Flock Safety"}}, {"type": "Feature", "geometry": {"type": "Point", "coordinates": [-84.557718, 33.982206]}, "properties": {"brand": "Flock Safety"}}, {"type": "Feature", "geometry": {"type": "Point", "coordinates": [-84.589395, 34.023212]}, "properties": {"brand": "Flock Safety"}}, {"type": "Feature", "geometry": {"type": "Point", "coordinates": [-84.615315, 34.025909]}, "properties": {"brand": "Flock Safety"}}, {"type": "Feature", "geometry": {"type": "Point", "coordinates": [-84.616559, 34.03494]}, "properties": {"brand": "Flock Safety"}}, {"type": "Feature", "geometry": {"type": "Point", "coordinates": [-84.602169, 34.042476]}, "properties": {"brand": "Flock Safety"}}, {"type": "Feature", "geometry": {"type": "Point", "coordinates": [-84.680414, 34.117798]}, "properties": {"brand": "Flock Safety"}}, {"type": "Feature", "geometry": {"type": "Point", "coordinates": [-84.723809, 34.067538]}, "properties": {"brand": "Flock Safety"}}, {"type": "Feature", "geometry": {"type": "Point", "coordinates": [-84.722922, 34.065421]}, "properties": {"brand": "Flock Safety"}}, {"type": "Feature", "geometry": {"type": "Point", "coordinates": [-84.723013, 34.06528]}, "properties": {"brand": "Flock Safety"}}, {"type": "Feature", "geometry": {"type": "Point", "coordinates": [-84.694424, 34.080949]}, "properties": {"brand": "Flock Safety"}}, {"type": "Feature", "geometry": {"type": "Point", "coordinates": [-84.690101, 34.13314]}, "properties": {"brand": "Flock Safety"}}, {"type": "Feature", "geometry": {"type": "Point", "coordinates": [-84.591827, 33.995982]}, "properties": {"brand": "Flock Safety"}}, {"type": "Feature", "geometry": {"type": "Point", "coordinates": [-84.580937, 34.034393]}, "properties": {"brand": "Flock Safety"}}, {"type": "Feature", "geometry": {"type": "Point", "coordinates": [-84.580536, 34.040355]}, "properties": {"brand": "Flock Safety"}}, {"type": "Feature", "geometry": {"type": "Point", "coordinates": [-84.581153, 34.040234]}, "properties": {"brand": "Flock Safety"}}, {"type": "Feature", "geometry": {"type": "Point", "coordinates": [-84.598715, 34.048671]}, "properties": {"brand": "Flock Safety"}}, {"type": "Feature", "geometry": {"type": "Point", "coordinates": [-84.422894, 34.169962]}, "properties": {"brand": "Flock Safety"}}, {"type": "Feature", "geometry": {"type": "Point", "coordinates": [-84.270297, 33.842377]}, "properties": {"brand": "Flock Safety"}}, {"type": "Feature", "geometry": {"type": "Point", "coordinates": [-84.279858, 34.102158]}, "properties": {"brand": "Flock Safety"}}, {"type": "Feature", "geometry": {"type": "Point", "coordinates": [-84.281728, 33.731784]}, "properties": {"brand": "Flock Safety"}}, {"type": "Feature", "geometry": {"type": "Point", "coordinates": [-84.283264, 33.732069]}, "properties": {"brand": "Flock Safety"}}, {"type": "Feature", "geometry": {"type": "Point", "coordinates": [-84.282266, 33.730447]}, "properties": {"brand": "Flock Safety"}}, {"type": "Feature", "geometry": {"type": "Point", "coordinates": [-84.283691, 33.731934]}, "properties": {"brand": "Flock Safety"}}, {"type": "Feature", "geometry": {"type": "Point", "coordinates": [-84.636444, 33.765476]}, "properties": {"brand": "Flock Safety"}}, {"type": "Feature", "geometry": {"type": "Point", "coordinates": [-84.42403, 33.804868]}, "properties": {"brand": "Flock Safety"}}, {"type": "Feature", "geometry": {"type": "Point", "coordinates": [-84.524545, 33.902301]}, "properties": {"brand": "Flock Safety"}}, {"type": "Feature", "geometry": {"type": "Point", "coordinates": [-84.271023, 33.77093]}, "properties": {"brand": "Flock Safety"}}, {"type": "Feature", "geometry": {"type": "Point", "coordinates": [-84.277824, 33.761924]}, "properties": {"brand": "Flock Safety"}}, {"type": "Feature", "geometry": {"type": "Point", "coordinates": [-84.572036, 34.08665]}, "properties": {"brand": "Flock Safety"}}, {"type": "Feature", "geometry": {"type": "Point", "coordinates": [-84.701591, 34.050819]}, "properties": {"brand": "Flock Safety"}}, {"type": "Feature", "geometry": {"type": "Point", "coordinates": [-84.740239, 33.976213]}, "properties": {"brand": "Flock Safety"}}, {"type": "Feature", "geometry": {"type": "Point", "coordinates": [-84.359339, 33.708755]}, "properties": {"brand": "Flock Safety"}}, {"type": "Feature", "geometry": {"type": "Point", "coordinates": [-84.368436, 33.717051]}, "properties": {"brand": "Flock Safety"}}, {"type": "Feature", "geometry": {"type": "Point", "coordinates": [-84.337205, 33.953172]}, "properties": {"brand": "Flock Safety"}}, {"type": "Feature", "geometry": {"type": "Point", "coordinates": [-84.796987, 34.199874]}, "properties": {"brand": "Flock Safety"}}, {"type": "Feature", "geometry": {"type": "Point", "coordinates": [-84.520193, 34.092367]}, "properties": {"brand": "Flock Safety"}}, {"type": "Feature", "geometry": {"type": "Point", "coordinates": [-84.352615, 33.768681]}, "properties": {"brand": "Flock Safety"}}, {"type": "Feature", "geometry": {"type": "Point", "coordinates": [-84.420376, 34.069436]}, "properties": {"brand": "Flock Safety"}}, {"type": "Feature", "geometry": {"type": "Point", "coordinates": [-84.607011, 33.778975]}, "properties": {"brand": "Flock Safety"}}, {"type": "Feature", "geometry": {"type": "Point", "coordinates": [-84.60601, 33.778041]}, "properties": {"brand": "Flock Safety"}}, {"type": "Feature", "geometry": {"type": "Point", "coordinates": [-84.939189, 33.720339]}, "properties": {"brand": "Flock Safety"}}, {"type": "Feature", "geometry": {"type": "Point", "coordinates": [-84.476474, 34.045942]}, "properties": {"brand": "Flock Safety"}}, {"type": "Feature", "geometry": {"type": "Point", "coordinates": [-84.411559, 33.785921]}, "properties": {"brand": "Flock Safety"}}, {"type": "Feature", "geometry": {"type": "Point", "coordinates": [-84.411565, 33.785913]}, "properties": {"brand": "Flock Safety"}}, {"type": "Feature", "geometry": {"type": "Point", "coordinates": [-84.788944, 33.958147]}, "properties": {"brand": "LVT"}}, {"type": "Feature", "geometry": {"type": "Point", "coordinates": [-84.751147, 33.888574]}, "properties": {"brand": ""}}, {"type": "Feature", "geometry": {"type": "Point", "coordinates": [-84.724236, 33.936174]}, "properties": {"brand": "Flock Safety"}}, {"type": "Feature", "geometry": {"type": "Point", "coordinates": [-84.768497, 33.9454]}, "properties": {"brand": "Flock Safety"}}, {"type": "Feature", "geometry": {"type": "Point", "coordinates": [-84.599828, 33.854518]}, "properties": {"brand": "Flock Safety"}}, {"type": "Feature", "geometry": {"type": "Point", "coordinates": [-84.382496, 34.074186]}, "properties": {"brand": "Flock Safety"}}, {"type": "Feature", "geometry": {"type": "Point", "coordinates": [-84.394189, 34.077166]}, "properties": {"brand": "Flock Safety"}}, {"type": "Feature", "geometry": {"type": "Point", "coordinates": [-84.406945, 34.07392]}, "properties": {"brand": "Flock Safety"}}, {"type": "Feature", "geometry": {"type": "Point", "coordinates": [-84.856262, 33.951262]}, "properties": {"brand": "Flock Safety"}}, {"type": "Feature", "geometry": {"type": "Point", "coordinates": [-84.624129, 33.83351]}, "properties": {"brand": "Flock Safety"}}, {"type": "Feature", "geometry": {"type": "Point", "coordinates": [-84.624893, 33.833483]}, "properties": {"brand": "Flock Safety"}}, {"type": "Feature", "geometry": {"type": "Point", "coordinates": [-84.813898, 33.817652]}, "properties": {"brand": "Flock Safety"}}, {"type": "Feature", "geometry": {"type": "Point", "coordinates": [-84.825015, 33.906815]}, "properties": {"brand": "Flock Safety"}}, {"type": "Feature", "geometry": {"type": "Point", "coordinates": [-84.854141, 33.788216]}, "properties": {"brand": "Flock Safety"}}, {"type": "Feature", "geometry": {"type": "Point", "coordinates": [-84.815308, 33.816395]}, "properties": {"brand": "Flock Safety"}}, {"type": "Feature", "geometry": {"type": "Point", "coordinates": [-84.846106, 33.803907]}, "properties": {"brand": "Flock Safety"}}, {"type": "Feature", "geometry": {"type": "Point", "coordinates": [-84.857244, 33.914492]}, "properties": {"brand": "Flock Safety"}}, {"type": "Feature", "geometry": {"type": "Point", "coordinates": [-84.796166, 33.953875]}, "properties": {"brand": "Flock Safety"}}, {"type": "Feature", "geometry": {"type": "Point", "coordinates": [-84.795996, 33.953955]}, "properties": {"brand": "Flock Safety"}}, {"type": "Feature", "geometry": {"type": "Point", "coordinates": [-84.790258, 33.95745]}, "properties": {"brand": "Flock Safety"}}, {"type": "Feature", "geometry": {"type": "Point", "coordinates": [-84.322328, 34.02162]}, "properties": {"brand": "Flock Safety"}}, {"type": "Feature", "geometry": {"type": "Point", "coordinates": [-84.310791, 34.018354]}, "properties": {"brand": "Flock Safety"}}, {"type": "Feature", "geometry": {"type": "Point", "coordinates": [-84.330449, 34.019292]}, "properties": {"brand": "Flock Safety"}}, {"type": "Feature", "geometry": {"type": "Point", "coordinates": [-84.346937, 34.007033]}, "properties": {"brand": "Flock Safety"}}, {"type": "Feature", "geometry": {"type": "Point", "coordinates": [-84.32967, 34.017073]}, "properties": {"brand": "Flock Safety"}}, {"type": "Feature", "geometry": {"type": "Point", "coordinates": [-84.266303, 34.074475]}, "properties": {"brand": "Flock Safety"}}, {"type": "Feature", "geometry": {"type": "Point", "coordinates": [-84.586269, 34.142095]}, "properties": {"brand": "Flock Safety"}}, {"type": "Feature", "geometry": {"type": "Point", "coordinates": [-84.576755, 34.129548]}, "properties": {"brand": "Flock Safety"}}, {"type": "Feature", "geometry": {"type": "Point", "coordinates": [-84.763583, 33.866806]}, "properties": {"brand": "Flock Safety"}}, {"type": "Feature", "geometry": {"type": "Point", "coordinates": [-84.780516, 33.834793]}, "properties": {"brand": "Flock Safety"}}, {"type": "Feature", "geometry": {"type": "Point", "coordinates": [-84.742906, 33.863344]}, "properties": {"brand": "Flock Safety"}}, {"type": "Feature", "geometry": {"type": "Point", "coordinates": [-84.56934, 34.009171]}, "properties": {"brand": "Flock Safety"}}, {"type": "Feature", "geometry": {"type": "Point", "coordinates": [-84.525459, 34.133402]}, "properties": {"brand": "Flock Safety"}}, {"type": "Feature", "geometry": {"type": "Point", "coordinates": [-84.580096, 33.996867]}, "properties": {"brand": "Flock Safety"}}, {"type": "Feature", "geometry": {"type": "Point", "coordinates": [-84.574203, 34.003166]}, "properties": {"brand": "Flock Safety"}}, {"type": "Feature", "geometry": {"type": "Point", "coordinates": [-84.580644, 34.034365]}, "properties": {"brand": "Flock Safety"}}, {"type": "Feature", "geometry": {"type": "Point", "coordinates": [-84.581312, 34.04284]}, "properties": {"brand": "Flock Safety"}}, {"type": "Feature", "geometry": {"type": "Point", "coordinates": [-84.581593, 34.042961]}, "properties": {"brand": "Flock Safety"}}, {"type": "Feature", "geometry": {"type": "Point", "coordinates": [-84.581729, 34.042905]}, "properties": {"brand": "Flock Safety"}}, {"type": "Feature", "geometry": {"type": "Point", "coordinates": [-84.582919, 34.042161]}, "properties": {"brand": "Flock Safety"}}, {"type": "Feature", "geometry": {"type": "Point", "coordinates": [-84.584134, 34.041852]}, "properties": {"brand": "Flock Safety"}}, {"type": "Feature", "geometry": {"type": "Point", "coordinates": [-84.584258, 34.041545]}, "properties": {"brand": "Flock Safety"}}, {"type": "Feature", "geometry": {"type": "Point", "coordinates": [-84.524978, 34.133261]}, "properties": {"brand": "Flock Safety"}}, {"type": "Feature", "geometry": {"type": "Point", "coordinates": [-84.43333, 33.980941]}, "properties": {"brand": "Flock Safety"}}, {"type": "Feature", "geometry": {"type": "Point", "coordinates": [-84.433447, 33.980811]}, "properties": {"brand": "Flock Safety"}}, {"type": "Feature", "geometry": {"type": "Point", "coordinates": [-84.556978, 34.028453]}, "properties": {"brand": "Flock Safety"}}, {"type": "Feature", "geometry": {"type": "Point", "coordinates": [-84.554139, 34.016462]}, "properties": {"brand": "Flock Safety"}}, {"type": "Feature", "geometry": {"type": "Point", "coordinates": [-84.554096, 34.016759]}, "properties": {"brand": "Flock Safety"}}, {"type": "Feature", "geometry": {"type": "Point", "coordinates": [-84.325883, 34.022293]}, "properties": {"brand": "Flock Safety"}}, {"type": "Feature", "geometry": {"type": "Point", "coordinates": [-84.342582, 33.930369]}, "properties": {"brand": "Flock Safety"}}, {"type": "Feature", "geometry": {"type": "Point", "coordinates": [-84.273392, 34.084026]}, "properties": {"brand": "Flock Safety"}}, {"type": "Feature", "geometry": {"type": "Point", "coordinates": [-84.332477, 34.025749]}, "properties": {"brand": "Flock Safety"}}, {"type": "Feature", "geometry": {"type": "Point", "coordinates": [-84.521624, 34.142798]}, "properties": {"brand": "Flock Safety"}}, {"type": "Feature", "geometry": {"type": "Point", "coordinates": [-84.520615, 34.144359]}, "properties": {"brand": "Flock Safety"}}, {"type": "Feature", "geometry": {"type": "Point", "coordinates": [-84.520862, 34.144359]}, "properties": {"brand": "Flock Safety"}}, {"type": "Feature", "geometry": {"type": "Point", "coordinates": [-84.670968, 33.708103]}, "properties": {"brand": "Flock Safety"}}, {"type": "Feature", "geometry": {"type": "Point", "coordinates": [-84.702346, 33.692987]}, "properties": {"brand": ""}}, {"type": "Feature", "geometry": {"type": "Point", "coordinates": [-84.70396, 33.709557]}, "properties": {"brand": ""}}, {"type": "Feature", "geometry": {"type": "Point", "coordinates": [-84.395629, 33.752298]}, "properties": {"brand": "Flock Safety"}}, {"type": "Feature", "geometry": {"type": "Point", "coordinates": [-84.469718, 33.887415]}, "properties": {"brand": "Flock Safety"}}, {"type": "Feature", "geometry": {"type": "Point", "coordinates": [-84.393667, 33.757911]}, "properties": {"brand": "Genetec"}}, {"type": "Feature", "geometry": {"type": "Point", "coordinates": [-84.39558, 33.752405]}, "properties": {"brand": "Genetec"}}, {"type": "Feature", "geometry": {"type": "Point", "coordinates": [-84.396872, 33.747111]}, "properties": {"brand": "Genetec"}}, {"type": "Feature", "geometry": {"type": "Point", "coordinates": [-84.288975, 34.059996]}, "properties": {"brand": "Flock Safety"}}, {"type": "Feature", "geometry": {"type": "Point", "coordinates": [-84.288447, 34.060768]}, "properties": {"brand": "Flock Safety"}}, {"type": "Feature", "geometry": {"type": "Point", "coordinates": [-84.368608, 33.845066]}, "properties": {"brand": "Flock Safety"}}, {"type": "Feature", "geometry": {"type": "Point", "coordinates": [-84.419366, 33.730759]}, "properties": {"brand": "Flock Safety"}}, {"type": "Feature", "geometry": {"type": "Point", "coordinates": [-84.421299, 33.732179]}, "properties": {"brand": "Flock Safety"}}, {"type": "Feature", "geometry": {"type": "Point", "coordinates": [-84.342173, 33.921053]}, "properties": {"brand": "Flock Safety"}}, {"type": "Feature", "geometry": {"type": "Point", "coordinates": [-84.342076, 33.921062]}, "properties": {"brand": "Flock Safety"}}, {"type": "Feature", "geometry": {"type": "Point", "coordinates": [-84.343573, 33.920918]}, "properties": {"brand": "Flock Safety"}}, {"type": "Feature", "geometry": {"type": "Point", "coordinates": [-84.34504, 33.923414]}, "properties": {"brand": "Flock Safety"}}, {"type": "Feature", "geometry": {"type": "Point", "coordinates": [-84.344765, 33.923451]}, "properties": {"brand": "Flock Safety"}}, {"type": "Feature", "geometry": {"type": "Point", "coordinates": [-84.341589, 33.926738]}, "properties": {"brand": "Flock Safety"}}, {"type": "Feature", "geometry": {"type": "Point", "coordinates": [-84.341592, 33.926421]}, "properties": {"brand": "Flock Safety"}}, {"type": "Feature", "geometry": {"type": "Point", "coordinates": [-84.338974, 33.926337]}, "properties": {"brand": "Flock Safety"}}, {"type": "Feature", "geometry": {"type": "Point", "coordinates": [-84.338909, 33.926093]}, "properties": {"brand": "Flock Safety"}}, {"type": "Feature", "geometry": {"type": "Point", "coordinates": [-84.337872, 33.924959]}, "properties": {"brand": "Flock Safety"}}, {"type": "Feature", "geometry": {"type": "Point", "coordinates": [-84.338236, 33.924994]}, "properties": {"brand": "Flock Safety"}}, {"type": "Feature", "geometry": {"type": "Point", "coordinates": [-84.338301, 33.923799]}, "properties": {"brand": "Flock Safety"}}, {"type": "Feature", "geometry": {"type": "Point", "coordinates": [-84.33866, 33.923909]}, "properties": {"brand": "Flock Safety"}}, {"type": "Feature", "geometry": {"type": "Point", "coordinates": [-84.339002, 33.922224]}, "properties": {"brand": "Flock Safety"}}, {"type": "Feature", "geometry": {"type": "Point", "coordinates": [-84.339315, 33.922315]}, "properties": {"brand": "Flock Safety"}}, {"type": "Feature", "geometry": {"type": "Point", "coordinates": [-84.340992, 33.920892]}, "properties": {"brand": "Flock Safety"}}, {"type": "Feature", "geometry": {"type": "Point", "coordinates": [-84.340896, 33.921]}, "properties": {"brand": "Flock Safety"}}, {"type": "Feature", "geometry": {"type": "Point", "coordinates": [-84.34218, 33.921228]}, "properties": {"brand": "Flock Safety"}}, {"type": "Feature", "geometry": {"type": "Point", "coordinates": [-84.343318, 33.920445]}, "properties": {"brand": "Flock Safety"}}, {"type": "Feature", "geometry": {"type": "Point", "coordinates": [-84.601408, 33.853396]}, "properties": {"brand": "Flock Safety"}}, {"type": "Feature", "geometry": {"type": "Point", "coordinates": [-84.589292, 33.857072]}, "properties": {"brand": "Flock Safety"}}, {"type": "Feature", "geometry": {"type": "Point", "coordinates": [-84.591911, 33.857807]}, "properties": {"brand": "Flock Safety"}}, {"type": "Feature", "geometry": {"type": "Point", "coordinates": [-84.592149, 33.858802]}, "properties": {"brand": "Flock Safety"}}, {"type": "Feature", "geometry": {"type": "Point", "coordinates": [-84.348278, 33.90262]}, "properties": {"brand": "Flock Safety"}}, {"type": "Feature", "geometry": {"type": "Point", "coordinates": [-84.345662, 33.898649]}, "properties": {"brand": "Flock Safety"}}, {"type": "Feature", "geometry": {"type": "Point", "coordinates": [-84.347493, 33.901673]}, "properties": {"brand": "Flock Safety"}}, {"type": "Feature", "geometry": {"type": "Point", "coordinates": [-84.717675, 33.751005]}, "properties": {"brand": "Flock Safety"}}, {"type": "Feature", "geometry": {"type": "Point", "coordinates": [-84.71399, 33.750216]}, "properties": {"brand": "Flock Safety"}}, {"type": "Feature", "geometry": {"type": "Point", "coordinates": [-84.720121, 33.751384]}, "properties": {"brand": "Flock Safety"}}, {"type": "Feature", "geometry": {"type": "Point", "coordinates": [-84.720457, 33.750728]}, "properties": {"brand": "Flock Safety"}}, {"type": "Feature", "geometry": {"type": "Point", "coordinates": [-84.719557, 33.750791]}, "properties": {"brand": "Flock Safety"}}, {"type": "Feature", "geometry": {"type": "Point", "coordinates": [-84.726146, 33.751507]}, "properties": {"brand": "Flock Safety"}}, {"type": "Feature", "geometry": {"type": "Point", "coordinates": [-84.746563, 33.763552]}, "properties": {"brand": "Flock Safety"}}, {"type": "Feature", "geometry": {"type": "Point", "coordinates": [-84.519577, 34.09053]}, "properties": {"brand": "Flock Safety"}}, {"type": "Feature", "geometry": {"type": "Point", "coordinates": [-84.600654, 33.865099]}, "properties": {"brand": "Flock Safety"}}, {"type": "Feature", "geometry": {"type": "Point", "coordinates": [-84.521122, 33.940344]}, "properties": {"brand": "Flock Safety"}}, {"type": "Feature", "geometry": {"type": "Point", "coordinates": [-84.271486, 33.951316]}, "properties": {"brand": "Flock Safety"}}, {"type": "Feature", "geometry": {"type": "Point", "coordinates": [-84.252946, 34.024393]}, "properties": {"brand": "Flock Safety"}}, {"type": "Feature", "geometry": {"type": "Point", "coordinates": [-84.495207, 33.827054]}, "properties": {"brand": "Flock Safety"}}, {"type": "Feature", "geometry": {"type": "Point", "coordinates": [-84.384553, 33.754391]}, "properties": {"brand": "Genetec"}}, {"type": "Feature", "geometry": {"type": "Point", "coordinates": [-84.390797, 33.749659]}, "properties": {"brand": "Genetec"}}, {"type": "Feature", "geometry": {"type": "Point", "coordinates": [-84.390529, 33.749655]}, "properties": {"brand": "Genetec"}}, {"type": "Feature", "geometry": {"type": "Point", "coordinates": [-84.389696, 33.750827]}, "properties": {"brand": "Genetec"}}, {"type": "Feature", "geometry": {"type": "Point", "coordinates": [-84.389927, 33.750948]}, "properties": {"brand": "Genetec"}}, {"type": "Feature", "geometry": {"type": "Point", "coordinates": [-84.389212, 33.748925]}, "properties": {"brand": "Genetec"}}, {"type": "Feature", "geometry": {"type": "Point", "coordinates": [-84.389507, 33.748854]}, "properties": {"brand": "Genetec"}}, {"type": "Feature", "geometry": {"type": "Point", "coordinates": [-84.392975, 33.750852]}, "properties": {"brand": "Genetec"}}, {"type": "Feature", "geometry": {"type": "Point", "coordinates": [-84.392893, 33.751027]}, "properties": {"brand": "Genetec"}}, {"type": "Feature", "geometry": {"type": "Point", "coordinates": [-84.39166, 33.748504]}, "properties": {"brand": "Genetec"}}, {"type": "Feature", "geometry": {"type": "Point", "coordinates": [-84.390095, 33.747855]}, "properties": {"brand": "Genetec"}}, {"type": "Feature", "geometry": {"type": "Point", "coordinates": [-84.600844, 33.864608]}, "properties": {"brand": "Flock Safety"}}, {"type": "Feature", "geometry": {"type": "Point", "coordinates": [-84.403997, 33.781602]}, "properties": {"brand": "Flock Safety"}}, {"type": "Feature", "geometry": {"type": "Point", "coordinates": [-84.387893, 33.796239]}, "properties": {"brand": "Flock Safety"}}, {"type": "Feature", "geometry": {"type": "Point", "coordinates": [-84.867937, 33.919432]}, "properties": {"brand": "Flock Safety"}}, {"type": "Feature", "geometry": {"type": "Point", "coordinates": [-84.787803, 33.769701]}, "properties": {"brand": "Flock Safety"}}, {"type": "Feature", "geometry": {"type": "Point", "coordinates": [-84.776412, 33.722019]}, "properties": {"brand": "Flock Safety"}}, {"type": "Feature", "geometry": {"type": "Point", "coordinates": [-84.762525, 33.724948]}, "properties": {"brand": "Flock Safety"}}, {"type": "Feature", "geometry": {"type": "Point", "coordinates": [-84.762398, 33.727163]}, "properties": {"brand": "Flock Safety"}}, {"type": "Feature", "geometry": {"type": "Point", "coordinates": [-84.757414, 33.725957]}, "properties": {"brand": "Flock Safety"}}, {"type": "Feature", "geometry": {"type": "Point", "coordinates": [-84.776019, 33.743313]}, "properties": {"brand": "Flock Safety"}}, {"type": "Feature", "geometry": {"type": "Point", "coordinates": [-84.77657, 33.911812]}, "properties": {"brand": "Flock Safety"}}, {"type": "Feature", "geometry": {"type": "Point", "coordinates": [-84.728572, 33.883202]}, "properties": {"brand": "Flock Safety"}}, {"type": "Feature", "geometry": {"type": "Point", "coordinates": [-84.69639, 33.86726]}, "properties": {"brand": "Flock Safety"}}, {"type": "Feature", "geometry": {"type": "Point", "coordinates": [-84.343632, 33.83636]}, "properties": {"brand": "Flock Safety"}}, {"type": "Feature", "geometry": {"type": "Point", "coordinates": [-84.610519, 33.868634]}, "properties": {"brand": "Flock Safety"}}, {"type": "Feature", "geometry": {"type": "Point", "coordinates": [-84.610424, 33.868469]}, "properties": {"brand": "Flock Safety"}}, {"type": "Feature", "geometry": {"type": "Point", "coordinates": [-84.582354, 34.033041]}, "properties": {"brand": "Flock Safety"}}, {"type": "Feature", "geometry": {"type": "Point", "coordinates": [-84.582439, 34.03292]}, "properties": {"brand": "Flock Safety"}}, {"type": "Feature", "geometry": {"type": "Point", "coordinates": [-84.581429, 34.032445]}, "properties": {"brand": "Flock Safety"}}, {"type": "Feature", "geometry": {"type": "Point", "coordinates": [-84.393912, 33.750036]}, "properties": {"brand": "Flock Safety"}}, {"type": "Feature", "geometry": {"type": "Point", "coordinates": [-84.394525, 33.750322]}, "properties": {"brand": "Flock Safety"}}, {"type": "Feature", "geometry": {"type": "Point", "coordinates": [-84.392844, 33.747031]}, "properties": {"brand": "Genetec"}}, {"type": "Feature", "geometry": {"type": "Point", "coordinates": [-84.392759, 33.746818]}, "properties": {"brand": "Genetec"}}, {"type": "Feature", "geometry": {"type": "Point", "coordinates": [-84.396823, 33.746895]}, "properties": {"brand": "Genetec"}}, {"type": "Feature", "geometry": {"type": "Point", "coordinates": [-84.527749, 33.935001]}, "properties": {"brand": "Flock Safety"}}, {"type": "Feature", "geometry": {"type": "Point", "coordinates": [-84.527624, 33.934962]}, "properties": {"brand": "Flock Safety"}}, {"type": "Feature", "geometry": {"type": "Point", "coordinates": [-84.523028, 33.937549]}, "properties": {"brand": "Flock Safety"}}, {"type": "Feature", "geometry": {"type": "Point", "coordinates": [-84.523413, 33.937933]}, "properties": {"brand": "Flock Safety"}}, {"type": "Feature", "geometry": {"type": "Point", "coordinates": [-84.520164, 33.936141]}, "properties": {"brand": "Flock Safety"}}, {"type": "Feature", "geometry": {"type": "Point", "coordinates": [-84.515846, 33.938321]}, "properties": {"brand": "Flock Safety"}}, {"type": "Feature", "geometry": {"type": "Point", "coordinates": [-84.534459, 33.779838]}, "properties": {"brand": "Flock Safety"}}, {"type": "Feature", "geometry": {"type": "Point", "coordinates": [-84.534803, 33.779779]}, "properties": {"brand": "Flock Safety"}}, {"type": "Feature", "geometry": {"type": "Point", "coordinates": [-84.543929, 33.786285]}, "properties": {"brand": "Flock Safety"}}, {"type": "Feature", "geometry": {"type": "Point", "coordinates": [-84.793879, 34.199647]}, "properties": {"brand": "Flock Safety"}}, {"type": "Feature", "geometry": {"type": "Point", "coordinates": [-84.793725, 34.1996]}, "properties": {"brand": "Flock Safety"}}, {"type": "Feature", "geometry": {"type": "Point", "coordinates": [-84.584655, 34.036269]}, "properties": {"brand": "Flock Safety"}}, {"type": "Feature", "geometry": {"type": "Point", "coordinates": [-84.584802, 34.036166]}, "properties": {"brand": "Flock Safety"}}, {"type": "Feature", "geometry": {"type": "Point", "coordinates": [-84.585667, 34.037093]}, "properties": {"brand": "Flock Safety"}}, {"type": "Feature", "geometry": {"type": "Point", "coordinates": [-84.585607, 34.033707]}, "properties": {"brand": "Flock Safety"}}, {"type": "Feature", "geometry": {"type": "Point", "coordinates": [-84.584831, 34.03015]}, "properties": {"brand": "Flock Safety"}}, {"type": "Feature", "geometry": {"type": "Point", "coordinates": [-84.584763, 34.029972]}, "properties": {"brand": "Flock Safety"}}, {"type": "Feature", "geometry": {"type": "Point", "coordinates": [-84.521788, 33.941497]}, "properties": {"brand": "Flock Safety"}}, {"type": "Feature", "geometry": {"type": "Point", "coordinates": [-84.521933, 33.941461]}, "properties": {"brand": "Flock Safety"}}, {"type": "Feature", "geometry": {"type": "Point", "coordinates": [-84.521271, 33.940851]}, "properties": {"brand": "Flock Safety"}}, {"type": "Feature", "geometry": {"type": "Point", "coordinates": [-84.515581, 33.93683]}, "properties": {"brand": "Flock Safety"}}, {"type": "Feature", "geometry": {"type": "Point", "coordinates": [-84.516051, 33.93692]}, "properties": {"brand": "Flock Safety"}}, {"type": "Feature", "geometry": {"type": "Point", "coordinates": [-84.518615, 33.941631]}, "properties": {"brand": "Flock Safety"}}, {"type": "Feature", "geometry": {"type": "Point", "coordinates": [-84.518746, 33.941872]}, "properties": {"brand": "Flock Safety"}}, {"type": "Feature", "geometry": {"type": "Point", "coordinates": [-84.328698, 33.897883]}, "properties": {"brand": "Motorola Solutions"}}, {"type": "Feature", "geometry": {"type": "Point", "coordinates": [-84.628606, 33.868971]}, "properties": {"brand": "Flock Safety"}}, {"type": "Feature", "geometry": {"type": "Point", "coordinates": [-84.362664, 34.014221]}, "properties": {"brand": "Flock Safety"}}, {"type": "Feature", "geometry": {"type": "Point", "coordinates": [-84.601039, 33.85794]}, "properties": {"brand": "Flock Safety"}}, {"type": "Feature", "geometry": {"type": "Point", "coordinates": [-84.600886, 33.85794]}, "properties": {"brand": "Flock Safety"}}, {"type": "Feature", "geometry": {"type": "Point", "coordinates": [-84.602236, 33.85612]}, "properties": {"brand": "Flock Safety"}}, {"type": "Feature", "geometry": {"type": "Point", "coordinates": [-84.6025, 33.85612]}, "properties": {"brand": "Flock Safety"}}, {"type": "Feature", "geometry": {"type": "Point", "coordinates": [-84.606433, 33.858958]}, "properties": {"brand": "Flock Safety"}}, {"type": "Feature", "geometry": {"type": "Point", "coordinates": [-84.606445, 33.858826]}, "properties": {"brand": "Flock Safety"}}, {"type": "Feature", "geometry": {"type": "Point", "coordinates": [-84.607586, 33.857597]}, "properties": {"brand": "Flock Safety"}}, {"type": "Feature", "geometry": {"type": "Point", "coordinates": [-84.607865, 33.857531]}, "properties": {"brand": "Flock Safety"}}, {"type": "Feature", "geometry": {"type": "Point", "coordinates": [-84.608206, 33.848732]}, "properties": {"brand": "Flock Safety"}}, {"type": "Feature", "geometry": {"type": "Point", "coordinates": [-84.607566, 33.849092]}, "properties": {"brand": "Flock Safety"}}, {"type": "Feature", "geometry": {"type": "Point", "coordinates": [-84.627152, 33.866692]}, "properties": {"brand": "Flock Safety"}}, {"type": "Feature", "geometry": {"type": "Point", "coordinates": [-84.620279, 33.799708]}, "properties": {"brand": "Flock Safety"}}, {"type": "Feature", "geometry": {"type": "Point", "coordinates": [-84.620031, 33.799641]}, "properties": {"brand": "Flock Safety"}}, {"type": "Feature", "geometry": {"type": "Point", "coordinates": [-84.619703, 33.802949]}, "properties": {"brand": "Flock Safety"}}, {"type": "Feature", "geometry": {"type": "Point", "coordinates": [-84.617999, 33.817865]}, "properties": {"brand": "Flock Safety"}}, {"type": "Feature", "geometry": {"type": "Point", "coordinates": [-84.617784, 33.817858]}, "properties": {"brand": "Flock Safety"}}, {"type": "Feature", "geometry": {"type": "Point", "coordinates": [-84.615405, 33.817083]}, "properties": {"brand": "Flock Safety"}}, {"type": "Feature", "geometry": {"type": "Point", "coordinates": [-84.606657, 33.817358]}, "properties": {"brand": "Flock Safety"}}, {"type": "Feature", "geometry": {"type": "Point", "coordinates": [-84.606044, 33.817412]}, "properties": {"brand": "Flock Safety"}}, {"type": "Feature", "geometry": {"type": "Point", "coordinates": [-84.678649, 33.864177]}, "properties": {"brand": "Flock Safety"}}, {"type": "Feature", "geometry": {"type": "Point", "coordinates": [-84.675948, 33.864544]}, "properties": {"brand": "Flock Safety"}}, {"type": "Feature", "geometry": {"type": "Point", "coordinates": [-84.676587, 33.863426]}, "properties": {"brand": "Flock Safety"}}, {"type": "Feature", "geometry": {"type": "Point", "coordinates": [-84.659846, 33.85949]}, "properties": {"brand": "Flock Safety"}}, {"type": "Feature", "geometry": {"type": "Point", "coordinates": [-84.644534, 33.859924]}, "properties": {"brand": "Flock Safety"}}, {"type": "Feature", "geometry": {"type": "Point", "coordinates": [-84.644664, 33.860102]}, "properties": {"brand": "Flock Safety"}}, {"type": "Feature", "geometry": {"type": "Point", "coordinates": [-84.760599, 33.725662]}, "properties": {"brand": "Flock Safety"}}, {"type": "Feature", "geometry": {"type": "Point", "coordinates": [-84.477323, 33.862353]}, "properties": {"brand": "Flock Safety"}}, {"type": "Feature", "geometry": {"type": "Point", "coordinates": [-84.476553, 33.863361]}, "properties": {"brand": "Flock Safety"}}, {"type": "Feature", "geometry": {"type": "Point", "coordinates": [-84.476544, 33.863361]}, "properties": {"brand": "Flock Safety"}}, {"type": "Feature", "geometry": {"type": "Point", "coordinates": [-84.505399, 33.724099]}, "properties": {"brand": "Flock Safety"}}, {"type": "Feature", "geometry": {"type": "Point", "coordinates": [-84.505669, 33.726982]}, "properties": {"brand": "Flock Safety"}}, {"type": "Feature", "geometry": {"type": "Point", "coordinates": [-84.505684, 33.727686]}, "properties": {"brand": "Flock Safety"}}, {"type": "Feature", "geometry": {"type": "Point", "coordinates": [-84.50447, 33.728279]}, "properties": {"brand": "Flock Safety"}}, {"type": "Feature", "geometry": {"type": "Point", "coordinates": [-84.504248, 33.656227]}, "properties": {"brand": "Flock Safety"}}, {"type": "Feature", "geometry": {"type": "Point", "coordinates": [-84.504403, 33.657452]}, "properties": {"brand": "Flock Safety"}}, {"type": "Feature", "geometry": {"type": "Point", "coordinates": [-84.505086, 33.655452]}, "properties": {"brand": "Flock Safety"}}, {"type": "Feature", "geometry": {"type": "Point", "coordinates": [-84.503822, 33.65516]}, "properties": {"brand": "Flock Safety"}}, {"type": "Feature", "geometry": {"type": "Point", "coordinates": [-84.503536, 33.653907]}, "properties": {"brand": "Flock Safety"}}, {"type": "Feature", "geometry": {"type": "Point", "coordinates": [-84.503226, 33.652496]}, "properties": {"brand": "Flock Safety"}}, {"type": "Feature", "geometry": {"type": "Point", "coordinates": [-84.502983, 33.652361]}, "properties": {"brand": "Flock Safety"}}, {"type": "Feature", "geometry": {"type": "Point", "coordinates": [-84.503357, 33.65059]}, "properties": {"brand": "Flock Safety"}}, {"type": "Feature", "geometry": {"type": "Point", "coordinates": [-84.30664, 34.076404]}, "properties": {"brand": "Flock Safety"}}, {"type": "Feature", "geometry": {"type": "Point", "coordinates": [-84.306731, 34.076509]}, "properties": {"brand": "Flock Safety"}}, {"type": "Feature", "geometry": {"type": "Point", "coordinates": [-84.633402, 33.893543]}, "properties": {"brand": "Flock Safety"}}, {"type": "Feature", "geometry": {"type": "Point", "coordinates": [-84.633602, 33.893641]}, "properties": {"brand": "Flock Safety"}}, {"type": "Feature", "geometry": {"type": "Point", "coordinates": [-84.634462, 33.89423]}, "properties": {"brand": "Flock Safety"}}, {"type": "Feature", "geometry": {"type": "Point", "coordinates": [-84.634337, 33.894305]}, "properties": {"brand": "Flock Safety"}}, {"type": "Feature", "geometry": {"type": "Point", "coordinates": [-84.668637, 33.851749]}, "properties": {"brand": "Flock Safety"}}, {"type": "Feature", "geometry": {"type": "Point", "coordinates": [-84.657337, 33.83712]}, "properties": {"brand": "Flock Safety"}}, {"type": "Feature", "geometry": {"type": "Point", "coordinates": [-84.65738, 33.836956]}, "properties": {"brand": "Flock Safety"}}, {"type": "Feature", "geometry": {"type": "Point", "coordinates": [-84.658187, 33.838013]}, "properties": {"brand": "Flock Safety"}}, {"type": "Feature", "geometry": {"type": "Point", "coordinates": [-84.589835, 33.876329]}, "properties": {"brand": "Flock Safety"}}, {"type": "Feature", "geometry": {"type": "Point", "coordinates": [-84.589441, 33.876693]}, "properties": {"brand": "Flock Safety"}}, {"type": "Feature", "geometry": {"type": "Point", "coordinates": [-84.602639, 33.854634]}, "properties": {"brand": "Flock Safety"}}, {"type": "Feature", "geometry": {"type": "Point", "coordinates": [-84.924213, 34.147787]}, "properties": {"brand": "Flock Safety"}}, {"type": "Feature", "geometry": {"type": "Point", "coordinates": [-84.350283, 34.001517]}, "properties": {"brand": "Flock Safety"}}, {"type": "Feature", "geometry": {"type": "Point", "coordinates": [-84.338096, 33.998739]}, "properties": {"brand": "Flock Safety"}}, {"type": "Feature", "geometry": {"type": "Point", "coordinates": [-84.831127, 34.117182]}, "properties": {"brand": "Flock Safety"}}, {"type": "Feature", "geometry": {"type": "Point", "coordinates": [-84.833029, 34.117375]}, "properties": {"brand": "Flock Safety"}}, {"type": "Feature", "geometry": {"type": "Point", "coordinates": [-84.581468, 34.110018]}, "properties": {"brand": "Flock Safety"}}, {"type": "Feature", "geometry": {"type": "Point", "coordinates": [-84.297385, 34.07589]}, "properties": {"brand": "Flock Safety"}}, {"type": "Feature", "geometry": {"type": "Point", "coordinates": [-84.296819, 34.078698]}, "properties": {"brand": "Flock Safety"}}, {"type": "Feature", "geometry": {"type": "Point", "coordinates": [-84.77145, 33.701072]}, "properties": {"brand": "Flock Safety"}}, {"type": "Feature", "geometry": {"type": "Point", "coordinates": [-84.777496, 33.705731]}, "properties": {"brand": "Flock Safety"}}, {"type": "Feature", "geometry": {"type": "Point", "coordinates": [-84.777496, 33.705731]}, "properties": {"brand": "Flock Safety"}}, {"type": "Feature", "geometry": {"type": "Point", "coordinates": [-84.461374, 34.085319]}, "properties": {"brand": "Flock Safety"}}, {"type": "Feature", "geometry": {"type": "Point", "coordinates": [-84.461487, 34.085666]}, "properties": {"brand": "Flock Safety"}}, {"type": "Feature", "geometry": {"type": "Point", "coordinates": [-84.538332, 33.835721]}, "properties": {"brand": "Flock Safety"}}, {"type": "Feature", "geometry": {"type": "Point", "coordinates": [-84.539, 33.836042]}, "properties": {"brand": "Flock Safety"}}, {"type": "Feature", "geometry": {"type": "Point", "coordinates": [-84.468545, 34.098756]}, "properties": {"brand": "Flock Safety"}}, {"type": "Feature", "geometry": {"type": "Point", "coordinates": [-84.850753, 34.122481]}, "properties": {"brand": "Flock Safety"}}, {"type": "Feature", "geometry": {"type": "Point", "coordinates": [-84.850786, 34.122442]}, "properties": {"brand": "Flock Safety"}}, {"type": "Feature", "geometry": {"type": "Point", "coordinates": [-84.582256, 33.864741]}, "properties": {"brand": "Flock Safety"}}, {"type": "Feature", "geometry": {"type": "Point", "coordinates": [-84.582394, 33.864768]}, "properties": {"brand": "Flock Safety"}}, {"type": "Feature", "geometry": {"type": "Point", "coordinates": [-84.616194, 33.857675]}, "properties": {"brand": "Flock Safety"}}, {"type": "Feature", "geometry": {"type": "Point", "coordinates": [-84.617068, 33.857321]}, "properties": {"brand": "Flock Safety"}}, {"type": "Feature", "geometry": {"type": "Point", "coordinates": [-84.502007, 33.89207]}, "properties": {"brand": "Flock Safety"}}, {"type": "Feature", "geometry": {"type": "Point", "coordinates": [-84.502193, 33.892324]}, "properties": {"brand": "Flock Safety"}}, {"type": "Feature", "geometry": {"type": "Point", "coordinates": [-84.562454, 33.918755]}, "properties": {"brand": "Flock Safety"}}, {"type": "Feature", "geometry": {"type": "Point", "coordinates": [-84.562455, 33.918833]}, "properties": {"brand": "Flock Safety"}}, {"type": "Feature", "geometry": {"type": "Point", "coordinates": [-84.378961, 33.912778]}, "properties": {"brand": "Genetec"}}, {"type": "Feature", "geometry": {"type": "Point", "coordinates": [-84.460386, 33.910036]}, "properties": {"brand": "Flock Safety"}}, {"type": "Feature", "geometry": {"type": "Point", "coordinates": [-84.459832, 33.910224]}, "properties": {"brand": "Flock Safety"}}, {"type": "Feature", "geometry": {"type": "Point", "coordinates": [-84.460386, 33.910022]}, "properties": {"brand": "Flock Safety"}}, {"type": "Feature", "geometry": {"type": "Point", "coordinates": [-84.422126, 33.910756]}, "properties": {"brand": "Flock Safety"}}, {"type": "Feature", "geometry": {"type": "Point", "coordinates": [-84.423757, 33.910879]}, "properties": {"brand": "Flock Safety"}}, {"type": "Feature", "geometry": {"type": "Point", "coordinates": [-84.425195, 33.910626]}, "properties": {"brand": "Flock Safety"}}, {"type": "Feature", "geometry": {"type": "Point", "coordinates": [-84.426771, 33.908517]}, "properties": {"brand": "Flock Safety"}}, {"type": "Feature", "geometry": {"type": "Point", "coordinates": [-84.42715, 33.907945]}, "properties": {"brand": "Flock Safety"}}, {"type": "Feature", "geometry": {"type": "Point", "coordinates": [-84.338681, 33.828248]}, "properties": {"brand": "Flock Safety"}}, {"type": "Feature", "geometry": {"type": "Point", "coordinates": [-84.466559, 33.850789]}, "properties": {"brand": "Flock Safety"}}, {"type": "Feature", "geometry": {"type": "Point", "coordinates": [-84.427699, 33.906861]}, "properties": {"brand": "Flock Safety"}}, {"type": "Feature", "geometry": {"type": "Point", "coordinates": [-84.58841, 34.000613]}, "properties": {"brand": "Flock Safety"}}, {"type": "Feature", "geometry": {"type": "Point", "coordinates": [-84.334619, 33.872872]}, "properties": {"brand": "Flock Safety"}}, {"type": "Feature", "geometry": {"type": "Point", "coordinates": [-84.318177, 33.883728]}, "properties": {"brand": "Flock Safety"}}, {"type": "Feature", "geometry": {"type": "Point", "coordinates": [-84.316524, 33.884684]}, "properties": {"brand": "Flock Safety"}}, {"type": "Feature", "geometry": {"type": "Point", "coordinates": [-84.27436, 33.879933]}, "properties": {"brand": "Flock Safety"}}, {"type": "Feature", "geometry": {"type": "Point", "coordinates": [-84.602139, 33.771676]}, "properties": {"brand": "Flock Safety"}}, {"type": "Feature", "geometry": {"type": "Point", "coordinates": [-84.274806, 33.87866]}, "properties": {"brand": "Flock Safety"}}, {"type": "Feature", "geometry": {"type": "Point", "coordinates": [-84.490182, 33.845925]}, "properties": {"brand": "Flock Safety"}}, {"type": "Feature", "geometry": {"type": "Point", "coordinates": [-84.490362, 33.845685]}, "properties": {"brand": "Flock Safety"}}, {"type": "Feature", "geometry": {"type": "Point", "coordinates": [-84.51825, 33.853025]}, "properties": {"brand": "Flock Safety"}}, {"type": "Feature", "geometry": {"type": "Point", "coordinates": [-84.516097, 33.859661]}, "properties": {"brand": "Flock Safety"}}, {"type": "Feature", "geometry": {"type": "Point", "coordinates": [-84.707214, 33.778769]}, "properties": {"brand": "Flock Safety"}}, {"type": "Feature", "geometry": {"type": "Point", "coordinates": [-84.706748, 33.778186]}, "properties": {"brand": "Flock Safety"}}, {"type": "Feature", "geometry": {"type": "Point", "coordinates": [-84.903888, 34.148216]}, "properties": {"brand": "Flock Safety"}}, {"type": "Feature", "geometry": {"type": "Point", "coordinates": [-84.903681, 34.154106]}, "properties": {"brand": "Flock Safety"}}, {"type": "Feature", "geometry": {"type": "Point", "coordinates": [-84.91251, 34.148322]}, "properties": {"brand": "Flock Safety"}}, {"type": "Feature", "geometry": {"type": "Point", "coordinates": [-84.252471, 33.936297]}, "properties": {"brand": "Flock Safety"}}, {"type": "Feature", "geometry": {"type": "Point", "coordinates": [-84.269944, 33.920549]}, "properties": {"brand": "Flock Safety"}}, {"type": "Feature", "geometry": {"type": "Point", "coordinates": [-84.270021, 33.918614]}, "properties": {"brand": "Flock Safety"}}, {"type": "Feature", "geometry": {"type": "Point", "coordinates": [-84.273416, 33.907593]}, "properties": {"brand": "Flock Safety"}}, {"type": "Feature", "geometry": {"type": "Point", "coordinates": [-84.278333, 33.903444]}, "properties": {"brand": "Flock Safety"}}, {"type": "Feature", "geometry": {"type": "Point", "coordinates": [-84.520675, 33.942331]}, "properties": {"brand": "Flock Safety"}}, {"type": "Feature", "geometry": {"type": "Point", "coordinates": [-84.614719, 34.092616]}, "properties": {"brand": "Axon"}}, {"type": "Feature", "geometry": {"type": "Point", "coordinates": [-84.652845, 34.109187]}, "properties": {"brand": "Flock Safety"}}, {"type": "Feature", "geometry": {"type": "Point", "coordinates": [-84.929991, 34.147469]}, "properties": {"brand": "Flock Safety"}}, {"type": "Feature", "geometry": {"type": "Point", "coordinates": [-84.927644, 34.147489]}, "properties": {"brand": "Flock Safety"}}, {"type": "Feature", "geometry": {"type": "Point", "coordinates": [-84.927617, 34.148258]}, "properties": {"brand": "Flock Safety"}}, {"type": "Feature", "geometry": {"type": "Point", "coordinates": [-84.747577, 33.770128]}, "properties": {"brand": "Flock Safety"}}, {"type": "Feature", "geometry": {"type": "Point", "coordinates": [-84.939155, 33.722449]}, "properties": {"brand": "Motorola Solutions"}}, {"type": "Feature", "geometry": {"type": "Point", "coordinates": [-84.273982, 33.879875]}, "properties": {"brand": "Flock Safety"}}, {"type": "Feature", "geometry": {"type": "Point", "coordinates": [-84.284916, 33.88591]}, "properties": {"brand": "Flock Safety"}}, {"type": "Feature", "geometry": {"type": "Point", "coordinates": [-84.286061, 33.894302]}, "properties": {"brand": "Flock Safety"}}, {"type": "Feature", "geometry": {"type": "Point", "coordinates": [-84.287855, 33.886265]}, "properties": {"brand": "Flock Safety"}}, {"type": "Feature", "geometry": {"type": "Point", "coordinates": [-84.287855, 33.886265]}, "properties": {"brand": "Flock Safety"}}, {"type": "Feature", "geometry": {"type": "Point", "coordinates": [-84.305075, 33.886935]}, "properties": {"brand": "Flock Safety"}}, {"type": "Feature", "geometry": {"type": "Point", "coordinates": [-84.49849, 33.815498]}, "properties": {"brand": "Flock Safety"}}, {"type": "Feature", "geometry": {"type": "Point", "coordinates": [-84.498678, 33.816794]}, "properties": {"brand": "Flock Safety"}}, {"type": "Feature", "geometry": {"type": "Point", "coordinates": [-84.498496, 33.817084]}, "properties": {"brand": "Flock Safety"}}, {"type": "Feature", "geometry": {"type": "Point", "coordinates": [-84.497869, 33.817463]}, "properties": {"brand": "Flock Safety"}}, {"type": "Feature", "geometry": {"type": "Point", "coordinates": [-84.499207, 33.815706]}, "properties": {"brand": "Flock Safety"}}, {"type": "Feature", "geometry": {"type": "Point", "coordinates": [-84.300973, 33.893603]}, "properties": {"brand": "Flock Safety"}}, {"type": "Feature", "geometry": {"type": "Point", "coordinates": [-84.300997, 33.893613]}, "properties": {"brand": "Flock Safety"}}, {"type": "Feature", "geometry": {"type": "Point", "coordinates": [-84.406665, 33.844764]}, "properties": {"brand": "Flock Safety"}}, {"type": "Feature", "geometry": {"type": "Point", "coordinates": [-84.401284, 33.823784]}, "properties": {"brand": "Flock Safety"}}, {"type": "Feature", "geometry": {"type": "Point", "coordinates": [-84.481874, 33.834958]}, "properties": {"brand": "Flock Safety"}}, {"type": "Feature", "geometry": {"type": "Point", "coordinates": [-84.482135, 33.834878]}, "properties": {"brand": "Flock Safety"}}, {"type": "Feature", "geometry": {"type": "Point", "coordinates": [-84.474121, 33.839014]}, "properties": {"brand": "Flock Safety"}}, {"type": "Feature", "geometry": {"type": "Point", "coordinates": [-84.474156, 33.838804]}, "properties": {"brand": "Flock Safety"}}, {"type": "Feature", "geometry": {"type": "Point", "coordinates": [-84.473472, 33.839787]}, "properties": {"brand": "Flock Safety"}}, {"type": "Feature", "geometry": {"type": "Point", "coordinates": [-84.49313, 33.834599]}, "properties": {"brand": "Flock Safety"}}, {"type": "Feature", "geometry": {"type": "Point", "coordinates": [-84.49196, 33.83481]}, "properties": {"brand": "Flock Safety"}}, {"type": "Feature", "geometry": {"type": "Point", "coordinates": [-84.488971, 33.829726]}, "properties": {"brand": "Flock Safety"}}, {"type": "Feature", "geometry": {"type": "Point", "coordinates": [-84.472393, 33.838438]}, "properties": {"brand": "Flock Safety"}}, {"type": "Feature", "geometry": {"type": "Point", "coordinates": [-84.472574, 33.838139]}, "properties": {"brand": "Flock Safety"}}, {"type": "Feature", "geometry": {"type": "Point", "coordinates": [-84.492746, 33.864551]}, "properties": {"brand": "Flock Safety"}}, {"type": "Feature", "geometry": {"type": "Point", "coordinates": [-84.470324, 33.836248]}, "properties": {"brand": "Flock Safety"}}, {"type": "Feature", "geometry": {"type": "Point", "coordinates": [-84.470028, 33.835596]}, "properties": {"brand": "Flock Safety"}}, {"type": "Feature", "geometry": {"type": "Point", "coordinates": [-84.661381, 33.900721]}, "properties": {"brand": "Flock Safety"}}, {"type": "Feature", "geometry": {"type": "Point", "coordinates": [-84.663499, 33.90156]}, "properties": {"brand": "Flock Safety"}}, {"type": "Feature", "geometry": {"type": "Point", "coordinates": [-84.490686, 33.849365]}, "properties": {"brand": "Flock Safety"}}, {"type": "Feature", "geometry": {"type": "Point", "coordinates": [-84.49839, 33.87238]}, "properties": {"brand": "Flock Safety"}}, {"type": "Feature", "geometry": {"type": "Point", "coordinates": [-84.436664, 33.802535]}, "properties": {"brand": "Flock Safety"}}, {"type": "Feature", "geometry": {"type": "Point", "coordinates": [-84.30098, 33.893606]}, "properties": {"brand": "Flock Safety"}}, {"type": "Feature", "geometry": {"type": "Point", "coordinates": [-84.28958, 33.898165]}, "properties": {"brand": "Flock Safety"}}, {"type": "Feature", "geometry": {"type": "Point", "coordinates": [-84.299378, 33.893917]}, "properties": {"brand": "Flock Safety"}}, {"type": "Feature", "geometry": {"type": "Point", "coordinates": [-84.354917, 34.172061]}, "properties": {"brand": "Flock Safety"}}, {"type": "Feature", "geometry": {"type": "Point", "coordinates": [-84.28787, 34.16244]}, "properties": {"brand": "Flock Safety"}}, {"type": "Feature", "geometry": {"type": "Point", "coordinates": [-84.311849, 34.06658]}, "properties": {"brand": "Flock Safety"}}, {"type": "Feature", "geometry": {"type": "Point", "coordinates": [-84.311998, 34.065168]}, "properties": {"brand": "Flock Safety"}}, {"type": "Feature", "geometry": {"type": "Point", "coordinates": [-84.32612, 34.019675]}, "properties": {"brand": "Flock Safety"}}, {"type": "Feature", "geometry": {"type": "Point", "coordinates": [-84.382578, 33.855727]}, "properties": {"brand": "Flock Safety"}}, {"type": "Feature", "geometry": {"type": "Point", "coordinates": [-84.411377, 33.864841]}, "properties": {"brand": "Flock Safety"}}, {"type": "Feature", "geometry": {"type": "Point", "coordinates": [-84.429174, 33.867466]}, "properties": {"brand": "Motorola Solutions"}}, {"type": "Feature", "geometry": {"type": "Point", "coordinates": [-84.438818, 33.8662]}, "properties": {"brand": "Flock Safety"}}, {"type": "Feature", "geometry": {"type": "Point", "coordinates": [-84.456896, 33.870936]}, "properties": {"brand": "Flock Safety"}}, {"type": "Feature", "geometry": {"type": "Point", "coordinates": [-84.457621, 33.870582]}, "properties": {"brand": "Flock Safety"}}, {"type": "Feature", "geometry": {"type": "Point", "coordinates": [-84.481685, 33.863436]}, "properties": {"brand": "Leonardo"}}, {"type": "Feature", "geometry": {"type": "Point", "coordinates": [-84.347048, 33.929042]}, "properties": {"brand": "Flock Safety"}}, {"type": "Feature", "geometry": {"type": "Point", "coordinates": [-84.325107, 33.875711]}, "properties": {"brand": "Flock Safety"}}, {"type": "Feature", "geometry": {"type": "Point", "coordinates": [-84.334551, 33.873087]}, "properties": {"brand": "Flock Safety"}}, {"type": "Feature", "geometry": {"type": "Point", "coordinates": [-84.57795, 33.835883]}, "properties": {"brand": "Flock Safety"}}, {"type": "Feature", "geometry": {"type": "Point", "coordinates": [-84.577925, 33.835642]}, "properties": {"brand": "Flock Safety"}}, {"type": "Feature", "geometry": {"type": "Point", "coordinates": [-84.578795, 33.83599]}, "properties": {"brand": "Flock Safety"}}, {"type": "Feature", "geometry": {"type": "Point", "coordinates": [-84.578945, 33.836224]}, "properties": {"brand": "Flock Safety"}}, {"type": "Feature", "geometry": {"type": "Point", "coordinates": [-84.577468, 33.839127]}, "properties": {"brand": "Flock Safety"}}, {"type": "Feature", "geometry": {"type": "Point", "coordinates": [-84.577482, 33.839027]}, "properties": {"brand": "Flock Safety"}}, {"type": "Feature", "geometry": {"type": "Point", "coordinates": [-84.578255, 33.839605]}, "properties": {"brand": "Flock Safety"}}, {"type": "Feature", "geometry": {"type": "Point", "coordinates": [-84.578505, 33.839715]}, "properties": {"brand": "Flock Safety"}}, {"type": "Feature", "geometry": {"type": "Point", "coordinates": [-84.938924, 34.161496]}, "properties": {"brand": "Flock Safety"}}, {"type": "Feature", "geometry": {"type": "Point", "coordinates": [-84.289863, 33.9085]}, "properties": {"brand": "Flock Safety"}}, {"type": "Feature", "geometry": {"type": "Point", "coordinates": [-84.2899, 33.908498]}, "properties": {"brand": "Flock Safety"}}, {"type": "Feature", "geometry": {"type": "Point", "coordinates": [-84.577134, 34.087612]}, "properties": {"brand": "Flock Safety"}}, {"type": "Feature", "geometry": {"type": "Point", "coordinates": [-84.343902, 34.03712]}, "properties": {"brand": "Flock Safety"}}, {"type": "Feature", "geometry": {"type": "Point", "coordinates": [-84.334876, 33.81991]}, "properties": {"brand": "Flock Safety"}}, {"type": "Feature", "geometry": {"type": "Point", "coordinates": [-84.393446, 33.890709]}, "properties": {"brand": "Flock Safety"}}, {"type": "Feature", "geometry": {"type": "Point", "coordinates": [-84.364171, 33.932655]}, "properties": {"brand": "Flock Safety"}}, {"type": "Feature", "geometry": {"type": "Point", "coordinates": [-84.397767, 33.888209]}, "properties": {"brand": "Flock Safety"}}, {"type": "Feature", "geometry": {"type": "Point", "coordinates": [-84.383582, 34.05887]}, "properties": {"brand": "Flock Safety"}}, {"type": "Feature", "geometry": {"type": "Point", "coordinates": [-84.383582, 34.05887]}, "properties": {"brand": "Flock Safety"}}, {"type": "Feature", "geometry": {"type": "Point", "coordinates": [-84.38681, 34.060428]}, "properties": {"brand": "Flock Safety"}}, {"type": "Feature", "geometry": {"type": "Point", "coordinates": [-84.397093, 33.887374]}, "properties": {"brand": "Flock Safety"}}, {"type": "Feature", "geometry": {"type": "Point", "coordinates": [-84.36447, 33.934356]}, "properties": {"brand": "Flock Safety"}}, {"type": "Feature", "geometry": {"type": "Point", "coordinates": [-84.272812, 33.907787]}, "properties": {"brand": "Flock Safety"}}, {"type": "Feature", "geometry": {"type": "Point", "coordinates": [-84.338842, 33.828211]}, "properties": {"brand": "Genetec"}}, {"type": "Feature", "geometry": {"type": "Point", "coordinates": [-84.375046, 33.940702]}, "properties": {"brand": "Flock Safety"}}, {"type": "Feature", "geometry": {"type": "Point", "coordinates": [-84.377512, 33.938403]}, "properties": {"brand": "Flock Safety"}}, {"type": "Feature", "geometry": {"type": "Point", "coordinates": [-84.349893, 33.713098]}, "properties": {"brand": "Flock Safety"}}, {"type": "Feature", "geometry": {"type": "Point", "coordinates": [-84.349749, 33.713045]}, "properties": {"brand": "Flock Safety"}}, {"type": "Feature", "geometry": {"type": "Point", "coordinates": [-84.708462, 33.869075]}, "properties": {"brand": "Flock Safety"}}, {"type": "Feature", "geometry": {"type": "Point", "coordinates": [-84.597589, 34.052697]}, "properties": {"brand": "Flock Safety"}}, {"type": "Feature", "geometry": {"type": "Point", "coordinates": [-84.304957, 33.919409]}, "properties": {"brand": "Flock Safety"}}, {"type": "Feature", "geometry": {"type": "Point", "coordinates": [-84.429267, 33.904994]}, "properties": {"brand": "Flock Safety"}}, {"type": "Feature", "geometry": {"type": "Point", "coordinates": [-84.541706, 33.784544]}, "properties": {"brand": "Flock Safety"}}, {"type": "Feature", "geometry": {"type": "Point", "coordinates": [-84.543926, 33.786069]}, "properties": {"brand": "Flock Safety"}}, {"type": "Feature", "geometry": {"type": "Point", "coordinates": [-84.557673, 33.791837]}, "properties": {"brand": "Flock Safety"}}, {"type": "Feature", "geometry": {"type": "Point", "coordinates": [-84.555694, 33.791347]}, "properties": {"brand": "Flock Safety"}}, {"type": "Feature", "geometry": {"type": "Point", "coordinates": [-84.52412, 33.767614]}, "properties": {"brand": "Flock Safety"}}, {"type": "Feature", "geometry": {"type": "Point", "coordinates": [-84.537416, 33.779383]}, "properties": {"brand": "Flock Safety"}}, {"type": "Feature", "geometry": {"type": "Point", "coordinates": [-84.496374, 33.791011]}, "properties": {"brand": "Flock Safety"}}, {"type": "Feature", "geometry": {"type": "Point", "coordinates": [-84.491443, 33.78596]}, "properties": {"brand": "Flock Safety"}}, {"type": "Feature", "geometry": {"type": "Point", "coordinates": [-84.529621, 33.765118]}, "properties": {"brand": "Flock Safety"}}, {"type": "Feature", "geometry": {"type": "Point", "coordinates": [-84.549735, 33.788313]}, "properties": {"brand": "Flock Safety"}}, {"type": "Feature", "geometry": {"type": "Point", "coordinates": [-84.53924, 33.84265]}, "properties": {"brand": "Flock Safety"}}, {"type": "Feature", "geometry": {"type": "Point", "coordinates": [-84.533878, 33.795932]}, "properties": {"brand": "Flock Safety"}}, {"type": "Feature", "geometry": {"type": "Point", "coordinates": [-84.533751, 33.795917]}, "properties": {"brand": "Flock Safety"}}, {"type": "Feature", "geometry": {"type": "Point", "coordinates": [-84.524324, 33.851602]}, "properties": {"brand": "Flock Safety"}}, {"type": "Feature", "geometry": {"type": "Point", "coordinates": [-84.537319, 33.787799]}, "properties": {"brand": "Flock Safety"}}, {"type": "Feature", "geometry": {"type": "Point", "coordinates": [-84.53953, 33.799554]}, "properties": {"brand": "Flock Safety"}}, {"type": "Feature", "geometry": {"type": "Point", "coordinates": [-84.538454, 33.800884]}, "properties": {"brand": "Flock Safety"}}, {"type": "Feature", "geometry": {"type": "Point", "coordinates": [-84.540975, 34.081957]}, "properties": {"brand": "Flock Safety"}}, {"type": "Feature", "geometry": {"type": "Point", "coordinates": [-84.537325, 33.833965]}, "properties": {"brand": "Flock Safety"}}, {"type": "Feature", "geometry": {"type": "Point", "coordinates": [-84.556584, 33.818581]}, "properties": {"brand": "Flock Safety"}}, {"type": "Feature", "geometry": {"type": "Point", "coordinates": [-84.556591, 33.818579]}, "properties": {"brand": "Flock Safety"}}, {"type": "Feature", "geometry": {"type": "Point", "coordinates": [-84.379628, 33.822874]}, "properties": {"brand": "Flock Safety"}}, {"type": "Feature", "geometry": {"type": "Point", "coordinates": [-84.387466, 33.822783]}, "properties": {"brand": "Flock Safety"}}, {"type": "Feature", "geometry": {"type": "Point", "coordinates": [-84.387436, 33.82278]}, "properties": {"brand": "Flock Safety"}}, {"type": "Feature", "geometry": {"type": "Point", "coordinates": [-84.386287, 33.82288]}, "properties": {"brand": "Flock Safety"}}, {"type": "Feature", "geometry": {"type": "Point", "coordinates": [-84.387603, 33.822826]}, "properties": {"brand": "Flock Safety"}}, {"type": "Feature", "geometry": {"type": "Point", "coordinates": [-84.38754, 33.825085]}, "properties": {"brand": "Flock Safety"}}, {"type": "Feature", "geometry": {"type": "Point", "coordinates": [-84.38755, 33.828755]}, "properties": {"brand": "Motorola Solutions"}}, {"type": "Feature", "geometry": {"type": "Point", "coordinates": [-84.387562, 33.828727]}, "properties": {"brand": "Flock Safety"}}, {"type": "Feature", "geometry": {"type": "Point", "coordinates": [-84.387559, 33.828727]}, "properties": {"brand": "Flock Safety"}}, {"type": "Feature", "geometry": {"type": "Point", "coordinates": [-84.387578, 33.828741]}, "properties": {"brand": "Motorola Solutions"}}, {"type": "Feature", "geometry": {"type": "Point", "coordinates": [-84.380668, 33.828428]}, "properties": {"brand": "Flock Safety"}}, {"type": "Feature", "geometry": {"type": "Point", "coordinates": [-84.385131, 33.828701]}, "properties": {"brand": "Flock Safety"}}, {"type": "Feature", "geometry": {"type": "Point", "coordinates": [-84.387538, 33.827536]}, "properties": {"brand": "Flock Safety"}}, {"type": "Feature", "geometry": {"type": "Point", "coordinates": [-84.388391, 33.819726]}, "properties": {"brand": "Flock Safety"}}, {"type": "Feature", "geometry": {"type": "Point", "coordinates": [-84.393477, 33.809149]}, "properties": {"brand": "Flock Safety"}}, {"type": "Feature", "geometry": {"type": "Point", "coordinates": [-84.386389, 33.792408]}, "properties": {"brand": "Flock Safety"}}, {"type": "Feature", "geometry": {"type": "Point", "coordinates": [-84.384389, 33.786574]}, "properties": {"brand": "Flock Safety"}}, {"type": "Feature", "geometry": {"type": "Point", "coordinates": [-84.457408, 33.698735]}, "properties": {"brand": "Flock Safety"}}, {"type": "Feature", "geometry": {"type": "Point", "coordinates": [-84.457408, 33.698735]}, "properties": {"brand": "Flock Safety"}}, {"type": "Feature", "geometry": {"type": "Point", "coordinates": [-84.364843, 33.821358]}, "properties": {"brand": "Flock Safety"}}, {"type": "Feature", "geometry": {"type": "Point", "coordinates": [-84.363525, 33.821633]}, "properties": {"brand": "Flock Safety"}}, {"type": "Feature", "geometry": {"type": "Point", "coordinates": [-84.279351, 34.102028]}, "properties": {"brand": "Flock Safety"}}, {"type": "Feature", "geometry": {"type": "Point", "coordinates": [-84.279581, 34.09395]}, "properties": {"brand": "Flock Safety"}}, {"type": "Feature", "geometry": {"type": "Point", "coordinates": [-84.273358, 34.089095]}, "properties": {"brand": "Flock Safety"}}, {"type": "Feature", "geometry": {"type": "Point", "coordinates": [-84.274834, 34.090368]}, "properties": {"brand": "Flock Safety"}}, {"type": "Feature", "geometry": {"type": "Point", "coordinates": [-84.412335, 33.780333]}, "properties": {"brand": "Flock Safety"}}, {"type": "Feature", "geometry": {"type": "Point", "coordinates": [-84.524326, 33.90152]}, "properties": {"brand": "Flock Safety"}}, {"type": "Feature", "geometry": {"type": "Point", "coordinates": [-84.404269, 33.781574]}, "properties": {"brand": "Genetec"}}, {"type": "Feature", "geometry": {"type": "Point", "coordinates": [-84.404269, 33.781574]}, "properties": {"brand": "Genetec"}}, {"type": "Feature", "geometry": {"type": "Point", "coordinates": [-84.404269, 33.781574]}, "properties": {"brand": "Genetec"}}, {"type": "Feature", "geometry": {"type": "Point", "coordinates": [-84.404269, 33.781574]}, "properties": {"brand": "Genetec"}}, {"type": "Feature", "geometry": {"type": "Point", "coordinates": [-84.397688, 33.781462]}, "properties": {"brand": "Genetec"}}, {"type": "Feature", "geometry": {"type": "Point", "coordinates": [-84.407322, 33.781597]}, "properties": {"brand": "Genetec"}}, {"type": "Feature", "geometry": {"type": "Point", "coordinates": [-84.510471, 33.805471]}, "properties": {"brand": "Flock Safety"}}, {"type": "Feature", "geometry": {"type": "Point", "coordinates": [-84.507469, 33.807984]}, "properties": {"brand": "Flock Safety"}}, {"type": "Feature", "geometry": {"type": "Point", "coordinates": [-84.504518, 33.812001]}, "properties": {"brand": "Flock Safety"}}, {"type": "Feature", "geometry": {"type": "Point", "coordinates": [-84.52354, 33.823136]}, "properties": {"brand": "Flock Safety"}}, {"type": "Feature", "geometry": {"type": "Point", "coordinates": [-84.579012, 33.872888]}, "properties": {"brand": "Flock Safety"}}, {"type": "Feature", "geometry": {"type": "Point", "coordinates": [-84.567085, 33.888576]}, "properties": {"brand": "Flock Safety"}}, {"type": "Feature", "geometry": {"type": "Point", "coordinates": [-84.565886, 33.89484]}, "properties": {"brand": "Flock Safety"}}, {"type": "Feature", "geometry": {"type": "Point", "coordinates": [-84.566731, 33.89504]}, "properties": {"brand": "Flock Safety"}}, {"type": "Feature", "geometry": {"type": "Point", "coordinates": [-84.541525, 33.902587]}, "properties": {"brand": "Flock Safety"}}, {"type": "Feature", "geometry": {"type": "Point", "coordinates": [-84.393537, 33.781534]}, "properties": {"brand": "Flock Safety"}}, {"type": "Feature", "geometry": {"type": "Point", "coordinates": [-84.393537, 33.781534]}, "properties": {"brand": "Flock Safety"}}, {"type": "Feature", "geometry": {"type": "Point", "coordinates": [-84.280777, 34.093356]}, "properties": {"brand": "Flock Safety"}}, {"type": "Feature", "geometry": {"type": "Point", "coordinates": [-84.750965, 34.013238]}, "properties": {"brand": "Flock Safety"}}, {"type": "Feature", "geometry": {"type": "Point", "coordinates": [-84.563137, 33.77605]}, "properties": {"brand": "Flock Safety"}}, {"type": "Feature", "geometry": {"type": "Point", "coordinates": [-84.56328, 33.776407]}, "properties": {"brand": "Flock Safety"}}, {"type": "Feature", "geometry": {"type": "Point", "coordinates": [-84.574171, 33.778453]}, "properties": {"brand": "Flock Safety"}}, {"type": "Feature", "geometry": {"type": "Point", "coordinates": [-84.574379, 33.778259]}, "properties": {"brand": "Flock Safety"}}, {"type": "Feature", "geometry": {"type": "Point", "coordinates": [-84.55724, 33.786736]}, "properties": {"brand": "Flock Safety"}}, {"type": "Feature", "geometry": {"type": "Point", "coordinates": [-84.564273, 33.788913]}, "properties": {"brand": "Flock Safety"}}, {"type": "Feature", "geometry": {"type": "Point", "coordinates": [-84.564356, 33.788251]}, "properties": {"brand": "Flock Safety"}}, {"type": "Feature", "geometry": {"type": "Point", "coordinates": [-84.567411, 33.785838]}, "properties": {"brand": "Flock Safety"}}, {"type": "Feature", "geometry": {"type": "Point", "coordinates": [-84.351564, 33.926782]}, "properties": {"brand": "Flock Safety"}}, {"type": "Feature", "geometry": {"type": "Point", "coordinates": [-84.580082, 33.77841]}, "properties": {"brand": "Flock Safety"}}, {"type": "Feature", "geometry": {"type": "Point", "coordinates": [-84.594067, 33.780864]}, "properties": {"brand": "Flock Safety"}}, {"type": "Feature", "geometry": {"type": "Point", "coordinates": [-84.334136, 33.872746]}, "properties": {"brand": "Flock Safety"}}, {"type": "Feature", "geometry": {"type": "Point", "coordinates": [-84.334136, 33.872746]}, "properties": {"brand": "Flock Safety"}}, {"type": "Feature", "geometry": {"type": "Point", "coordinates": [-84.334857, 33.872834]}, "properties": {"brand": "Flock Safety"}}, {"type": "Feature", "geometry": {"type": "Point", "coordinates": [-84.405842, 33.885282]}, "properties": {"brand": "Flock Safety"}}, {"type": "Feature", "geometry": {"type": "Point", "coordinates": [-84.351183, 33.812238]}, "properties": {"brand": "Flock Safety"}}, {"type": "Feature", "geometry": {"type": "Point", "coordinates": [-84.351183, 33.812238]}, "properties": {"brand": "Flock Safety"}}, {"type": "Feature", "geometry": {"type": "Point", "coordinates": [-84.313778, 33.929436]}, "properties": {"brand": "Flock Safety"}}, {"type": "Feature", "geometry": {"type": "Point", "coordinates": [-84.331595, 33.943328]}, "properties": {"brand": "Flock Safety"}}, {"type": "Feature", "geometry": {"type": "Point", "coordinates": [-84.305247, 33.920832]}, "properties": {"brand": "Flock Safety"}}, {"type": "Feature", "geometry": {"type": "Point", "coordinates": [-84.297088, 33.920696]}, "properties": {"brand": "Flock Safety"}}, {"type": "Feature", "geometry": {"type": "Point", "coordinates": [-84.322398, 33.842301]}, "properties": {"brand": "Flock Safety"}}, {"type": "Feature", "geometry": {"type": "Point", "coordinates": [-84.325404, 33.837306]}, "properties": {"brand": "Flock Safety"}}, {"type": "Feature", "geometry": {"type": "Point", "coordinates": [-84.320708, 33.840396]}, "properties": {"brand": "Flock Safety"}}, {"type": "Feature", "geometry": {"type": "Point", "coordinates": [-84.291883, 33.860532]}, "properties": {"brand": "Flock Safety"}}, {"type": "Feature", "geometry": {"type": "Point", "coordinates": [-84.618596, 33.815061]}, "properties": {"brand": "Flock Safety"}}, {"type": "Feature", "geometry": {"type": "Point", "coordinates": [-84.608281, 33.783022]}, "properties": {"brand": "Flock Safety"}}, {"type": "Feature", "geometry": {"type": "Point", "coordinates": [-84.584545, 33.800705]}, "properties": {"brand": "Flock Safety"}}, {"type": "Feature", "geometry": {"type": "Point", "coordinates": [-84.547021, 33.812891]}, "properties": {"brand": "Flock Safety"}}, {"type": "Feature", "geometry": {"type": "Point", "coordinates": [-84.351071, 34.005817]}, "properties": {"brand": "Flock Safety"}}, {"type": "Feature", "geometry": {"type": "Point", "coordinates": [-84.357966, 34.025332]}, "properties": {"brand": "Flock Safety"}}, {"type": "Feature", "geometry": {"type": "Point", "coordinates": [-84.309966, 33.885271]}, "properties": {"brand": "Flock Safety"}}, {"type": "Feature", "geometry": {"type": "Point", "coordinates": [-84.275148, 33.902152]}, "properties": {"brand": "Flock Safety"}}, {"type": "Feature", "geometry": {"type": "Point", "coordinates": [-84.387636, 33.829962]}, "properties": {"brand": "Flock Safety"}}, {"type": "Feature", "geometry": {"type": "Point", "coordinates": [-84.405624, 33.836108]}, "properties": {"brand": "Flock Safety"}}, {"type": "Feature", "geometry": {"type": "Point", "coordinates": [-84.395215, 34.06309]}, "properties": {"brand": "Flock Safety"}}, {"type": "Feature", "geometry": {"type": "Point", "coordinates": [-84.435253, 33.659214]}, "properties": {"brand": "Flock Safety"}}, {"type": "Feature", "geometry": {"type": "Point", "coordinates": [-84.315054, 33.88688]}, "properties": {"brand": "Flock Safety"}}, {"type": "Feature", "geometry": {"type": "Point", "coordinates": [-84.554608, 33.979731]}, "properties": {"brand": "Flock Safety"}}, {"type": "Feature", "geometry": {"type": "Point", "coordinates": [-84.356708, 33.919109]}, "properties": {"brand": "Flock Safety"}}, {"type": "Feature", "geometry": {"type": "Point", "coordinates": [-84.483613, 33.92264]}, "properties": {"brand": "Flock Safety"}}, {"type": "Feature", "geometry": {"type": "Point", "coordinates": [-84.420623, 34.176335]}, "properties": {"brand": "Flock Safety"}}, {"type": "Feature", "geometry": {"type": "Point", "coordinates": [-84.516096, 33.942323]}, "properties": {"brand": "Flock Safety"}}, {"type": "Feature", "geometry": {"type": "Point", "coordinates": [-84.408399, 34.037832]}, "properties": {"brand": "Flock Safety"}}, {"type": "Feature", "geometry": {"type": "Point", "coordinates": [-84.67872, 33.785237]}, "properties": {"brand": "Flock Safety"}}, {"type": "Feature", "geometry": {"type": "Point", "coordinates": [-84.478818, 33.901023]}, "properties": {"brand": "Flock Safety"}}, {"type": "Feature", "geometry": {"type": "Point", "coordinates": [-84.47862, 33.900762]}, "properties": {"brand": "Flock Safety"}}, {"type": "Feature", "geometry": {"type": "Point", "coordinates": [-84.321813, 34.019965]}, "properties": {"brand": "Flock Safety"}}, {"type": "Feature", "geometry": {"type": "Point", "coordinates": [-84.329984, 34.011039]}, "properties": {"brand": "Flock Safety"}}, {"type": "Feature", "geometry": {"type": "Point", "coordinates": [-84.329475, 34.007517]}, "properties": {"brand": "Flock Safety"}}, {"type": "Feature", "geometry": {"type": "Point", "coordinates": [-84.288726, 33.884998]}, "properties": {"brand": "Flock Safety"}}, {"type": "Feature", "geometry": {"type": "Point", "coordinates": [-84.323753, 33.878129]}, "properties": {"brand": "Flock Safety"}}, {"type": "Feature", "geometry": {"type": "Point", "coordinates": [-84.30705, 33.885918]}, "properties": {"brand": "Flock Safety"}}, {"type": "Feature", "geometry": {"type": "Point", "coordinates": [-84.395363, 33.895683]}, "properties": {"brand": "Flock Safety"}}, {"type": "Feature", "geometry": {"type": "Point", "coordinates": [-84.288967, 33.884501]}, "properties": {"brand": "Flock Safety"}}, {"type": "Feature", "geometry": {"type": "Point", "coordinates": [-84.409494, 33.894795]}, "properties": {"brand": "Flock Safety"}}, {"type": "Feature", "geometry": {"type": "Point", "coordinates": [-84.409494, 33.894795]}, "properties": {"brand": "Flock Safety"}}, {"type": "Feature", "geometry": {"type": "Point", "coordinates": [-84.450523, 34.197597]}, "properties": {"brand": "Flock Safety"}}, {"type": "Feature", "geometry": {"type": "Point", "coordinates": [-84.429025, 33.867376]}, "properties": {"brand": "Flock Safety"}}, {"type": "Feature", "geometry": {"type": "Point", "coordinates": [-84.309968, 33.885265]}, "properties": {"brand": "Flock Safety"}}, {"type": "Feature", "geometry": {"type": "Point", "coordinates": [-84.379605, 33.839771]}, "properties": {"brand": "Flock Safety"}}, {"type": "Feature", "geometry": {"type": "Point", "coordinates": [-84.355683, 33.92889]}, "properties": {"brand": "Flock Safety"}}, {"type": "Feature", "geometry": {"type": "Point", "coordinates": [-84.305608, 33.76709]}, "properties": {"brand": "Flock Safety"}}, {"type": "Feature", "geometry": {"type": "Point", "coordinates": [-84.303836, 33.785113]}, "properties": {"brand": "Flock Safety"}}, {"type": "Feature", "geometry": {"type": "Point", "coordinates": [-84.303836, 33.785113]}, "properties": {"brand": "Flock Safety"}}, {"type": "Feature", "geometry": {"type": "Point", "coordinates": [-84.43038, 33.909928]}, "properties": {"brand": "Genetec"}}, {"type": "Feature", "geometry": {"type": "Point", "coordinates": [-84.441126, 33.902738]}, "properties": {"brand": "Genetec"}}, {"type": "Feature", "geometry": {"type": "Point", "coordinates": [-84.623629, 34.049814]}, "properties": {"brand": "Flock Safety"}}, {"type": "Feature", "geometry": {"type": "Point", "coordinates": [-84.621298, 34.049643]}, "properties": {"brand": "Flock Safety"}}, {"type": "Feature", "geometry": {"type": "Point", "coordinates": [-84.432545, 33.907704]}, "properties": {"brand": "Flock Safety"}}, {"type": "Feature", "geometry": {"type": "Point", "coordinates": [-84.430843, 33.908408]}, "properties": {"brand": "Flock Safety"}}, {"type": "Feature", "geometry": {"type": "Point", "coordinates": [-84.404435, 33.942622]}, "properties": {"brand": "Flock Safety"}}, {"type": "Feature", "geometry": {"type": "Point", "coordinates": [-84.513768, 33.962421]}, "properties": {"brand": "Flock Safety"}}, {"type": "Feature", "geometry": {"type": "Point", "coordinates": [-84.462414, 33.938748]}, "properties": {"brand": "Flock Safety"}}, {"type": "Feature", "geometry": {"type": "Point", "coordinates": [-84.351562, 33.792524]}, "properties": {"brand": "Flock Safety"}}, {"type": "Feature", "geometry": {"type": "Point", "coordinates": [-84.352857, 33.910323]}, "properties": {"brand": "Flock Safety"}}, {"type": "Feature", "geometry": {"type": "Point", "coordinates": [-84.406151, 33.945105]}, "properties": {"brand": "Flock Safety"}}, {"type": "Feature", "geometry": {"type": "Point", "coordinates": [-84.434356, 33.943931]}, "properties": {"brand": "Flock Safety"}}, {"type": "Feature", "geometry": {"type": "Point", "coordinates": [-84.351561, 33.792524]}, "properties": {"brand": "Flock Safety"}}, {"type": "Feature", "geometry": {"type": "Point", "coordinates": [-84.395894, 33.722271]}, "properties": {"brand": "Flock Safety"}}, {"type": "Feature", "geometry": {"type": "Point", "coordinates": [-84.407957, 33.703274]}, "properties": {"brand": "Flock Safety"}}, {"type": "Feature", "geometry": {"type": "Point", "coordinates": [-84.31228, 33.818044]}, "properties": {"brand": "Flock Safety"}}, {"type": "Feature", "geometry": {"type": "Point", "coordinates": [-84.540897, 34.082895]}, "properties": {"brand": "Flock Safety"}}, {"type": "Feature", "geometry": {"type": "Point", "coordinates": [-84.277096, 33.900459]}, "properties": {"brand": "Flock Safety"}}, {"type": "Feature", "geometry": {"type": "Point", "coordinates": [-84.937886, 33.730662]}, "properties": {"brand": "Flock Safety"}}, {"type": "Feature", "geometry": {"type": "Point", "coordinates": [-84.46738, 33.892941]}, "properties": {"brand": "Flock Safety"}}, {"type": "Feature", "geometry": {"type": "Point", "coordinates": [-84.471919, 33.889265]}, "properties": {"brand": "Flock Safety"}}, {"type": "Feature", "geometry": {"type": "Point", "coordinates": [-84.547357, 34.091845]}, "properties": {"brand": "Flock Safety"}}, {"type": "Feature", "geometry": {"type": "Point", "coordinates": [-84.470861, 33.886415]}, "properties": {"brand": "Flock Safety"}}, {"type": "Feature", "geometry": {"type": "Point", "coordinates": [-84.622334, 33.788767]}, "properties": {"brand": "Flock Safety"}}, {"type": "Feature", "geometry": {"type": "Point", "coordinates": [-84.622222, 33.788712]}, "properties": {"brand": "Flock Safety"}}, {"type": "Feature", "geometry": {"type": "Point", "coordinates": [-84.580051, 34.035146]}, "properties": {"brand": "Flock Safety"}}, {"type": "Feature", "geometry": {"type": "Point", "coordinates": [-84.580812, 34.046389]}, "properties": {"brand": "Flock Safety"}}, {"type": "Feature", "geometry": {"type": "Point", "coordinates": [-84.507658, 33.938411]}, "properties": {"brand": "Flock Safety"}}, {"type": "Feature", "geometry": {"type": "Point", "coordinates": [-84.324483, 33.826297]}, "properties": {"brand": "Flock Safety"}}, {"type": "Feature", "geometry": {"type": "Point", "coordinates": [-84.329338, 33.827317]}, "properties": {"brand": "Flock Safety"}}, {"type": "Feature", "geometry": {"type": "Point", "coordinates": [-84.330527, 33.8281]}, "properties": {"brand": "Genetec"}}, {"type": "Feature", "geometry": {"type": "Point", "coordinates": [-84.337367, 33.832644]}, "properties": {"brand": "Flock Safety"}}, {"type": "Feature", "geometry": {"type": "Point", "coordinates": [-84.3414, 33.832763]}, "properties": {"brand": "Flock Safety"}}, {"type": "Feature", "geometry": {"type": "Point", "coordinates": [-84.346426, 33.828024]}, "properties": {"brand": "Flock Safety"}}, {"type": "Feature", "geometry": {"type": "Point", "coordinates": [-84.360917, 33.825629]}, "properties": {"brand": "Flock Safety"}}, {"type": "Feature", "geometry": {"type": "Point", "coordinates": [-84.364191, 33.825327]}, "properties": {"brand": "Flock Safety"}}, {"type": "Feature", "geometry": {"type": "Point", "coordinates": [-84.365835, 33.82556]}, "properties": {"brand": "Flock Safety"}}, {"type": "Feature", "geometry": {"type": "Point", "coordinates": [-84.348354, 33.826394]}, "properties": {"brand": "Flock Safety"}}, {"type": "Feature", "geometry": {"type": "Point", "coordinates": [-84.323878, 33.826178]}, "properties": {"brand": "Flock Safety"}}, {"type": "Feature", "geometry": {"type": "Point", "coordinates": [-84.507325, 33.938392]}, "properties": {"brand": "Flock Safety"}}, {"type": "Feature", "geometry": {"type": "Point", "coordinates": [-84.605191, 33.776433]}, "properties": {"brand": "Flock Safety"}}, {"type": "Feature", "geometry": {"type": "Point", "coordinates": [-84.604697, 33.774931]}, "properties": {"brand": "Flock Safety"}}, {"type": "Feature", "geometry": {"type": "Point", "coordinates": [-84.55139, 33.953241]}, "properties": {"brand": "Flock Safety"}}, {"type": "Feature", "geometry": {"type": "Point", "coordinates": [-84.63996, 33.86276]}, "properties": {"brand": "Flock Safety"}}, {"type": "Feature", "geometry": {"type": "Point", "coordinates": [-84.943351, 33.716433]}, "properties": {"brand": "Flock Safety"}}, {"type": "Feature", "geometry": {"type": "Point", "coordinates": [-84.40642, 33.944799]}, "properties": {"brand": "Flock Safety"}}, {"type": "Feature", "geometry": {"type": "Point", "coordinates": [-84.343811, 33.990854]}, "properties": {"brand": "Flock Safety"}}, {"type": "Feature", "geometry": {"type": "Point", "coordinates": [-84.309559, 33.865405]}, "properties": {"brand": "Flock Safety"}}, {"type": "Feature", "geometry": {"type": "Point", "coordinates": [-84.551863, 33.955366]}, "properties": {"brand": "Flock Safety"}}, {"type": "Feature", "geometry": {"type": "Point", "coordinates": [-84.551863, 33.955366]}, "properties": {"brand": "Flock Safety"}}, {"type": "Feature", "geometry": {"type": "Point", "coordinates": [-84.341822, 34.118732]}, "properties": {"brand": "Flock Safety"}}, {"type": "Feature", "geometry": {"type": "Point", "coordinates": [-84.359473, 34.135898]}, "properties": {"brand": "Flock Safety"}}, {"type": "Feature", "geometry": {"type": "Point", "coordinates": [-84.361643, 34.13735]}, "properties": {"brand": "Flock Safety"}}, {"type": "Feature", "geometry": {"type": "Point", "coordinates": [-84.686732, 33.84212]}, "properties": {"brand": "Flock Safety"}}, {"type": "Feature", "geometry": {"type": "Point", "coordinates": [-84.514829, 33.950876]}, "properties": {"brand": "Flock Safety"}}, {"type": "Feature", "geometry": {"type": "Point", "coordinates": [-84.71838, 33.879579]}, "properties": {"brand": "Flock Safety"}}, {"type": "Feature", "geometry": {"type": "Point", "coordinates": [-84.445121, 33.901176]}, "properties": {"brand": "Flock Safety"}}, {"type": "Feature", "geometry": {"type": "Point", "coordinates": [-84.349185, 33.769644]}, "properties": {"brand": "Flock Safety"}}, {"type": "Feature", "geometry": {"type": "Point", "coordinates": [-84.341708, 33.773454]}, "properties": {"brand": "Flock Safety"}}, {"type": "Feature", "geometry": {"type": "Point", "coordinates": [-84.340686, 33.83375]}, "properties": {"brand": "Flock Safety"}}, {"type": "Feature", "geometry": {"type": "Point", "coordinates": [-84.340338, 33.857274]}, "properties": {"brand": "Flock Safety"}}, {"type": "Feature", "geometry": {"type": "Point", "coordinates": [-84.402366, 33.772901]}, "properties": {"brand": "Flock Safety"}}, {"type": "Feature", "geometry": {"type": "Point", "coordinates": [-84.402125, 33.772765]}, "properties": {"brand": "Motorola Solutions"}}, {"type": "Feature", "geometry": {"type": "Point", "coordinates": [-84.391794, 33.764763]}, "properties": {"brand": "Motorola Solutions"}}, {"type": "Feature", "geometry": {"type": "Point", "coordinates": [-84.39049, 33.764702]}, "properties": {"brand": "Motorola Solutions"}}, {"type": "Feature", "geometry": {"type": "Point", "coordinates": [-84.390483, 33.764667]}, "properties": {"brand": "Motorola Solutions"}}, {"type": "Feature", "geometry": {"type": "Point", "coordinates": [-84.288302, 34.053449]}, "properties": {"brand": "Flock Safety"}}, {"type": "Feature", "geometry": {"type": "Point", "coordinates": [-84.286233, 34.056795]}, "properties": {"brand": "Leonardo"}}, {"type": "Feature", "geometry": {"type": "Point", "coordinates": [-84.339194, 34.093424]}, "properties": {"brand": "Flock Safety"}}, {"type": "Feature", "geometry": {"type": "Point", "coordinates": [-84.338623, 34.096762]}, "properties": {"brand": "Flock Safety"}}, {"type": "Feature", "geometry": {"type": "Point", "coordinates": [-84.340644, 33.833568]}, "properties": {"brand": "Flock Safety"}}, {"type": "Feature", "geometry": {"type": "Point", "coordinates": [-84.343133, 33.83759]}, "properties": {"brand": "Flock Safety"}}, {"type": "Feature", "geometry": {"type": "Point", "coordinates": [-84.342119, 33.841899]}, "properties": {"brand": "Flock Safety"}}, {"type": "Feature", "geometry": {"type": "Point", "coordinates": [-84.372501, 33.802026]}, "properties": {"brand": "Genetec"}}, {"type": "Feature", "geometry": {"type": "Point", "coordinates": [-84.369433, 33.797746]}, "properties": {"brand": "Flock Safety"}}, {"type": "Feature", "geometry": {"type": "Point", "coordinates": [-84.367847, 33.799145]}, "properties": {"brand": "Genetec"}}, {"type": "Feature", "geometry": {"type": "Point", "coordinates": [-84.327325, 33.8169]}, "properties": {"brand": "Flock Safety"}}, {"type": "Feature", "geometry": {"type": "Point", "coordinates": [-84.323341, 33.81586]}, "properties": {"brand": "Flock Safety"}}, {"type": "Feature", "geometry": {"type": "Point", "coordinates": [-84.321648, 33.815055]}, "properties": {"brand": "Flock Safety"}}, {"type": "Feature", "geometry": {"type": "Point", "coordinates": [-84.316598, 33.816428]}, "properties": {"brand": "Flock Safety"}}, {"type": "Feature", "geometry": {"type": "Point", "coordinates": [-84.736015, 34.143296]}, "properties": {"brand": "Flock Safety"}}, {"type": "Feature", "geometry": {"type": "Point", "coordinates": [-84.386719, 33.985613]}, "properties": {"brand": "Flock Safety"}}, {"type": "Feature", "geometry": {"type": "Point", "coordinates": [-84.425237, 33.950989]}, "properties": {"brand": "Flock Safety"}}, {"type": "Feature", "geometry": {"type": "Point", "coordinates": [-84.360783, 34.069767]}, "properties": {"brand": "Flock Safety"}}, {"type": "Feature", "geometry": {"type": "Point", "coordinates": [-84.370202, 34.082839]}, "properties": {"brand": "Flock Safety"}}, {"type": "Feature", "geometry": {"type": "Point", "coordinates": [-84.309546, 33.873923]}, "properties": {"brand": "Flock Safety"}}, {"type": "Feature", "geometry": {"type": "Point", "coordinates": [-84.343996, 33.990882]}, "properties": {"brand": "Flock Safety"}}, {"type": "Feature", "geometry": {"type": "Point", "coordinates": [-84.343996, 33.990882]}, "properties": {"brand": "Flock Safety"}}, {"type": "Feature", "geometry": {"type": "Point", "coordinates": [-84.314701, 33.843284]}, "properties": {"brand": "Flock Safety"}}, {"type": "Feature", "geometry": {"type": "Point", "coordinates": [-84.314701, 33.843284]}, "properties": {"brand": "Flock Safety"}}, {"type": "Feature", "geometry": {"type": "Point", "coordinates": [-84.332265, 34.026083]}, "properties": {"brand": "Flock Safety"}}, {"type": "Feature", "geometry": {"type": "Point", "coordinates": [-84.276826, 34.019598]}, "properties": {"brand": "Motorola Solutions"}}, {"type": "Feature", "geometry": {"type": "Point", "coordinates": [-84.392265, 33.804847]}, "properties": {"brand": "Flock Safety"}}, {"type": "Feature", "geometry": {"type": "Point", "coordinates": [-84.399158, 33.808728]}, "properties": {"brand": "Motorola Solutions"}}, {"type": "Feature", "geometry": {"type": "Point", "coordinates": [-84.397741, 33.808489]}, "properties": {"brand": "Flock Safety"}}, {"type": "Feature", "geometry": {"type": "Point", "coordinates": [-84.396229, 33.808019]}, "properties": {"brand": "Flock Safety"}}, {"type": "Feature", "geometry": {"type": "Point", "coordinates": [-84.346333, 33.929469]}, "properties": {"brand": "Flock Safety"}}, {"type": "Feature", "geometry": {"type": "Point", "coordinates": [-84.346352, 33.929442]}, "properties": {"brand": "Flock Safety"}}, {"type": "Feature", "geometry": {"type": "Point", "coordinates": [-84.511271, 34.198624]}, "properties": {"brand": "Flock Safety"}}, {"type": "Feature", "geometry": {"type": "Point", "coordinates": [-84.776571, 33.911873]}, "properties": {"brand": "Flock Safety"}}, {"type": "Feature", "geometry": {"type": "Point", "coordinates": [-84.462683, 33.894205]}, "properties": {"brand": "Flock Safety"}}, {"type": "Feature", "geometry": {"type": "Point", "coordinates": [-84.452134, 33.890671]}, "properties": {"brand": "Flock Safety"}}, {"type": "Feature", "geometry": {"type": "Point", "coordinates": [-84.282184, 34.038775]}, "properties": {"brand": "Flock Safety"}}, {"type": "Feature", "geometry": {"type": "Point", "coordinates": [-84.27787, 34.034648]}, "properties": {"brand": "Flock Safety"}}, {"type": "Feature", "geometry": {"type": "Point", "coordinates": [-84.287455, 34.022757]}, "properties": {"brand": "Flock Safety"}}, {"type": "Feature", "geometry": {"type": "Point", "coordinates": [-84.287455, 34.022757]}, "properties": {"brand": "Flock Safety"}}, {"type": "Feature", "geometry": {"type": "Point", "coordinates": [-84.287455, 34.022757]}, "properties": {"brand": "Flock Safety"}}, {"type": "Feature", "geometry": {"type": "Point", "coordinates": [-84.31812, 34.019066]}, "properties": {"brand": "Flock Safety"}}, {"type": "Feature", "geometry": {"type": "Point", "coordinates": [-84.338055, 34.010901]}, "properties": {"brand": "Flock Safety"}}, {"type": "Feature", "geometry": {"type": "Point", "coordinates": [-84.350764, 34.005144]}, "properties": {"brand": "Flock Safety"}}, {"type": "Feature", "geometry": {"type": "Point", "coordinates": [-84.712097, 34.110231]}, "properties": {"brand": "Flock Safety"}}, {"type": "Feature", "geometry": {"type": "Point", "coordinates": [-84.744124, 34.120019]}, "properties": {"brand": "Flock Safety"}}, {"type": "Feature", "geometry": {"type": "Point", "coordinates": [-84.737721, 34.119057]}, "properties": {"brand": "Flock Safety"}}, {"type": "Feature", "geometry": {"type": "Point", "coordinates": [-84.596056, 34.039308]}, "properties": {"brand": "Flock Safety"}}, {"type": "Feature", "geometry": {"type": "Point", "coordinates": [-84.283969, 33.776222]}, "properties": {"brand": "Flock Safety"}}, {"type": "Feature", "geometry": {"type": "Point", "coordinates": [-84.28399, 33.776135]}, "properties": {"brand": "Flock Safety"}}, {"type": "Feature", "geometry": {"type": "Point", "coordinates": [-84.475876, 33.901087]}, "properties": {"brand": "Flock Safety"}}, {"type": "Feature", "geometry": {"type": "Point", "coordinates": [-84.501061, 34.196719]}, "properties": {"brand": "Flock Safety"}}, {"type": "Feature", "geometry": {"type": "Point", "coordinates": [-84.466253, 34.170485]}, "properties": {"brand": "Flock Safety"}}, {"type": "Feature", "geometry": {"type": "Point", "coordinates": [-84.452956, 34.167648]}, "properties": {"brand": "Flock Safety"}}, {"type": "Feature", "geometry": {"type": "Point", "coordinates": [-84.567093, 33.902863]}, "properties": {"brand": "Flock Safety"}}, {"type": "Feature", "geometry": {"type": "Point", "coordinates": [-84.566554, 33.902633]}, "properties": {"brand": "Flock Safety"}}, {"type": "Feature", "geometry": {"type": "Point", "coordinates": [-84.540366, 33.894469]}, "properties": {"brand": "Flock Safety"}}, {"type": "Feature", "geometry": {"type": "Point", "coordinates": [-84.521439, 34.06898]}, "properties": {"brand": "Flock Safety"}}, {"type": "Feature", "geometry": {"type": "Point", "coordinates": [-84.52192, 34.076079]}, "properties": {"brand": "Flock Safety"}}, {"type": "Feature", "geometry": {"type": "Point", "coordinates": [-84.306676, 33.787067]}, "properties": {"brand": "Flock Safety"}}, {"type": "Feature", "geometry": {"type": "Point", "coordinates": [-84.281352, 33.774843]}, "properties": {"brand": "Flock Safety"}}, {"type": "Feature", "geometry": {"type": "Point", "coordinates": [-84.375695, 33.902489]}, "properties": {"brand": "Flock Safety"}}, {"type": "Feature", "geometry": {"type": "Point", "coordinates": [-84.275664, 33.876056]}, "properties": {"brand": "Flock Safety"}}, {"type": "Feature", "geometry": {"type": "Point", "coordinates": [-84.496902, 33.817328]}, "properties": {"brand": "Flock Safety"}}, {"type": "Feature", "geometry": {"type": "Point", "coordinates": [-84.497448, 33.816349]}, "properties": {"brand": "Flock Safety"}}, {"type": "Feature", "geometry": {"type": "Point", "coordinates": [-84.482302, 33.897895]}, "properties": {"brand": "Flock Safety"}}, {"type": "Feature", "geometry": {"type": "Point", "coordinates": [-84.482308, 33.897892]}, "properties": {"brand": "Flock Safety"}}, {"type": "Feature", "geometry": {"type": "Point", "coordinates": [-84.479247, 33.901]}, "properties": {"brand": "Flock Safety"}}, {"type": "Feature", "geometry": {"type": "Point", "coordinates": [-84.47934, 33.901073]}, "properties": {"brand": "Flock Safety"}}, {"type": "Feature", "geometry": {"type": "Point", "coordinates": [-84.274067, 33.775278]}, "properties": {"brand": "Flock Safety"}}, {"type": "Feature", "geometry": {"type": "Point", "coordinates": [-84.307543, 33.812668]}, "properties": {"brand": "Flock Safety"}}, {"type": "Feature", "geometry": {"type": "Point", "coordinates": [-84.273865, 33.810553]}, "properties": {"brand": "Flock Safety"}}, {"type": "Feature", "geometry": {"type": "Point", "coordinates": [-84.274067, 33.775278]}, "properties": {"brand": "Flock Safety"}}, {"type": "Feature", "geometry": {"type": "Point", "coordinates": [-84.299499, 34.18571]}, "properties": {"brand": "Flock Safety"}}, {"type": "Feature", "geometry": {"type": "Point", "coordinates": [-84.297139, 34.184815]}, "properties": {"brand": "Flock Safety"}}, {"type": "Feature", "geometry": {"type": "Point", "coordinates": [-84.297139, 34.184815]}, "properties": {"brand": "Flock Safety"}}, {"type": "Feature", "geometry": {"type": "Point", "coordinates": [-84.297139, 34.184815]}, "properties": {"brand": "Flock Safety"}}, {"type": "Feature", "geometry": {"type": "Point", "coordinates": [-84.761808, 33.724717]}, "properties": {"brand": "Flock Safety"}}, {"type": "Feature", "geometry": {"type": "Point", "coordinates": [-84.901242, 33.723611]}, "properties": {"brand": "Flock Safety"}}, {"type": "Feature", "geometry": {"type": "Point", "coordinates": [-84.586895, 33.999888]}, "properties": {"brand": "Flock Safety"}}, {"type": "Feature", "geometry": {"type": "Point", "coordinates": [-84.586745, 33.999848]}, "properties": {"brand": "Flock Safety"}}, {"type": "Feature", "geometry": {"type": "Point", "coordinates": [-84.748262, 33.769354]}, "properties": {"brand": "Flock Safety"}}, {"type": "Feature", "geometry": {"type": "Point", "coordinates": [-84.748737, 33.765893]}, "properties": {"brand": "Flock Safety"}}, {"type": "Feature", "geometry": {"type": "Point", "coordinates": [-84.712851, 33.749881]}, "properties": {"brand": "Flock Safety"}}, {"type": "Feature", "geometry": {"type": "Point", "coordinates": [-84.698234, 33.732973]}, "properties": {"brand": "Flock Safety"}}, {"type": "Feature", "geometry": {"type": "Point", "coordinates": [-84.695001, 33.746354]}, "properties": {"brand": "Flock Safety"}}, {"type": "Feature", "geometry": {"type": "Point", "coordinates": [-84.342152, 33.755549]}, "properties": {"brand": "Flock Safety"}}, {"type": "Feature", "geometry": {"type": "Point", "coordinates": [-84.376108, 33.936911]}, "properties": {"brand": "Flock Safety"}}, {"type": "Feature", "geometry": {"type": "Point", "coordinates": [-84.349314, 33.936413]}, "properties": {"brand": "Flock Safety"}}, {"type": "Feature", "geometry": {"type": "Point", "coordinates": [-84.347219, 33.938468]}, "properties": {"brand": "Flock Safety"}}, {"type": "Feature", "geometry": {"type": "Point", "coordinates": [-84.335826, 33.94528]}, "properties": {"brand": "Flock Safety"}}, {"type": "Feature", "geometry": {"type": "Point", "coordinates": [-84.381568, 33.936813]}, "properties": {"brand": "Flock Safety"}}, {"type": "Feature", "geometry": {"type": "Point", "coordinates": [-84.394636, 33.937845]}, "properties": {"brand": "Flock Safety"}}, {"type": "Feature", "geometry": {"type": "Point", "coordinates": [-84.328801, 34.025227]}, "properties": {"brand": "Flock Safety"}}, {"type": "Feature", "geometry": {"type": "Point", "coordinates": [-84.577161, 33.654073]}, "properties": {"brand": "Flock Safety"}}, {"type": "Feature", "geometry": {"type": "Point", "coordinates": [-84.639097, 33.693294]}, "properties": {"brand": "Flock Safety"}}, {"type": "Feature", "geometry": {"type": "Point", "coordinates": [-84.663864, 33.697165]}, "properties": {"brand": "Flock Safety"}}, {"type": "Feature", "geometry": {"type": "Point", "coordinates": [-84.325282, 33.826651]}, "properties": {"brand": "Flock Safety"}}, {"type": "Feature", "geometry": {"type": "Point", "coordinates": [-84.740206, 34.057635]}, "properties": {"brand": "Flock Safety"}}, {"type": "Feature", "geometry": {"type": "Point", "coordinates": [-84.71999, 34.086143]}, "properties": {"brand": "Flock Safety"}}, {"type": "Feature", "geometry": {"type": "Point", "coordinates": [-84.297978, 33.891745]}, "properties": {"brand": "Flock Safety"}}, {"type": "Feature", "geometry": {"type": "Point", "coordinates": [-84.337197, 33.865436]}, "properties": {"brand": "Flock Safety"}}, {"type": "Feature", "geometry": {"type": "Point", "coordinates": [-84.353167, 33.88286]}, "properties": {"brand": "Motorola Solutions"}}, {"type": "Feature", "geometry": {"type": "Point", "coordinates": [-84.356897, 33.884978]}, "properties": {"brand": "Flock Safety"}}, {"type": "Feature", "geometry": {"type": "Point", "coordinates": [-84.312325, 34.023839]}, "properties": {"brand": "Flock Safety"}}, {"type": "Feature", "geometry": {"type": "Point", "coordinates": [-84.382806, 34.073314]}, "properties": {"brand": "Flock Safety"}}, {"type": "Feature", "geometry": {"type": "Point", "coordinates": [-84.435473, 34.165666]}, "properties": {"brand": "Flock Safety"}}, {"type": "Feature", "geometry": {"type": "Point", "coordinates": [-84.446052, 34.167765]}, "properties": {"brand": "Flock Safety"}}, {"type": "Feature", "geometry": {"type": "Point", "coordinates": [-84.496487, 34.173416]}, "properties": {"brand": "Flock Safety"}}, {"type": "Feature", "geometry": {"type": "Point", "coordinates": [-84.50046, 34.173251]}, "properties": {"brand": "Flock Safety"}}, {"type": "Feature", "geometry": {"type": "Point", "coordinates": [-84.510835, 34.149495]}, "properties": {"brand": "Flock Safety"}}, {"type": "Feature", "geometry": {"type": "Point", "coordinates": [-84.513863, 34.144703]}, "properties": {"brand": "Flock Safety"}}, {"type": "Feature", "geometry": {"type": "Point", "coordinates": [-84.54116, 34.064978]}, "properties": {"brand": "Motorola Solutions"}}, {"type": "Feature", "geometry": {"type": "Point", "coordinates": [-84.54116, 34.064978]}, "properties": {"brand": "Motorola Solutions"}}, {"type": "Feature", "geometry": {"type": "Point", "coordinates": [-84.551606, 33.990754]}, "properties": {"brand": "Flock Safety"}}, {"type": "Feature", "geometry": {"type": "Point", "coordinates": [-84.322933, 33.825779]}, "properties": {"brand": "Flock Safety"}}, {"type": "Feature", "geometry": {"type": "Point", "coordinates": [-84.325282, 33.826651]}, "properties": {"brand": "Flock Safety"}}, {"type": "Feature", "geometry": {"type": "Point", "coordinates": [-84.342951, 34.035876]}, "properties": {"brand": "Flock Safety"}}, {"type": "Feature", "geometry": {"type": "Point", "coordinates": [-84.341253, 34.032756]}, "properties": {"brand": "Flock Safety"}}, {"type": "Feature", "geometry": {"type": "Point", "coordinates": [-84.346504, 34.020779]}, "properties": {"brand": "Flock Safety"}}, {"type": "Feature", "geometry": {"type": "Point", "coordinates": [-84.326911, 34.020227]}, "properties": {"brand": "Flock Safety"}}, {"type": "Feature", "geometry": {"type": "Point", "coordinates": [-84.742718, 34.119959]}, "properties": {"brand": "Flock Safety"}}, {"type": "Feature", "geometry": {"type": "Point", "coordinates": [-84.310587, 33.685995]}, "properties": {"brand": "Flock Safety"}}, {"type": "Feature", "geometry": {"type": "Point", "coordinates": [-84.392246, 33.65333]}, "properties": {"brand": "Flock Safety"}}, {"type": "Feature", "geometry": {"type": "Point", "coordinates": [-84.310813, 33.685108]}, "properties": {"brand": "Flock Safety"}}, {"type": "Feature", "geometry": {"type": "Point", "coordinates": [-84.33313, 33.825669]}, "properties": {"brand": "Flock Safety"}}, {"type": "Feature", "geometry": {"type": "Point", "coordinates": [-84.391807, 33.892723]}, "properties": {"brand": "Flock Safety"}}, {"type": "Feature", "geometry": {"type": "Point", "coordinates": [-84.518517, 33.853404]}, "properties": {"brand": "Flock Safety"}}, {"type": "Feature", "geometry": {"type": "Point", "coordinates": [-84.351693, 33.818534]}, "properties": {"brand": "Flock Safety"}}, {"type": "Feature", "geometry": {"type": "Point", "coordinates": [-84.351229, 33.81824]}, "properties": {"brand": "Flock Safety"}}, {"type": "Feature", "geometry": {"type": "Point", "coordinates": [-84.349068, 33.820359]}, "properties": {"brand": "Flock Safety"}}, {"type": "Feature", "geometry": {"type": "Point", "coordinates": [-84.79294, 34.196852]}, "properties": {"brand": "Flock Safety"}}, {"type": "Feature", "geometry": {"type": "Point", "coordinates": [-84.393445, 33.721885]}, "properties": {"brand": "Flock Safety"}}, {"type": "Feature", "geometry": {"type": "Point", "coordinates": [-84.393445, 33.721885]}, "properties": {"brand": "Flock Safety"}}, {"type": "Feature", "geometry": {"type": "Point", "coordinates": [-84.444672, 33.979412]}, "properties": {"brand": "Flock Safety"}}, {"type": "Feature", "geometry": {"type": "Point", "coordinates": [-84.444585, 33.97929]}, "properties": {"brand": "Flock Safety"}}, {"type": "Feature", "geometry": {"type": "Point", "coordinates": [-84.47315, 33.975255]}, "properties": {"brand": "Flock Safety"}}, {"type": "Feature", "geometry": {"type": "Point", "coordinates": [-84.337529, 33.931096]}, "properties": {"brand": "Flock Safety"}}, {"type": "Feature", "geometry": {"type": "Point", "coordinates": [-84.3371, 33.931577]}, "properties": {"brand": "Flock Safety"}}, {"type": "Feature", "geometry": {"type": "Point", "coordinates": [-84.33905, 33.919498]}, "properties": {"brand": "Flock Safety"}}, {"type": "Feature", "geometry": {"type": "Point", "coordinates": [-84.339059, 33.919521]}, "properties": {"brand": "Flock Safety"}}, {"type": "Feature", "geometry": {"type": "Point", "coordinates": [-84.355419, 33.787552]}, "properties": {"brand": "Flock Safety"}}, {"type": "Feature", "geometry": {"type": "Point", "coordinates": [-84.360707, 33.848615]}, "properties": {"brand": "Flock Safety"}}, {"type": "Feature", "geometry": {"type": "Point", "coordinates": [-84.443955, 33.901876]}, "properties": {"brand": "Flock Safety"}}, {"type": "Feature", "geometry": {"type": "Point", "coordinates": [-84.463995, 33.905378]}, "properties": {"brand": "Flock Safety"}}, {"type": "Feature", "geometry": {"type": "Point", "coordinates": [-84.472267, 33.902605]}, "properties": {"brand": "Flock Safety"}}, {"type": "Feature", "geometry": {"type": "Point", "coordinates": [-84.471408, 33.903187]}, "properties": {"brand": "Flock Safety"}}, {"type": "Feature", "geometry": {"type": "Point", "coordinates": [-84.362199, 33.85049]}, "properties": {"brand": "Flock Safety"}}, {"type": "Feature", "geometry": {"type": "Point", "coordinates": [-84.361742, 33.850539]}, "properties": {"brand": "Flock Safety"}}, {"type": "Feature", "geometry": {"type": "Point", "coordinates": [-84.36015, 33.85308]}, "properties": {"brand": "Genetec"}}, {"type": "Feature", "geometry": {"type": "Point", "coordinates": [-84.361745, 33.850537]}, "properties": {"brand": "Genetec"}}, {"type": "Feature", "geometry": {"type": "Point", "coordinates": [-84.367823, 33.837774]}, "properties": {"brand": "Flock Safety"}}, {"type": "Feature", "geometry": {"type": "Point", "coordinates": [-84.411226, 33.848769]}, "properties": {"brand": "Flock Safety"}}, {"type": "Feature", "geometry": {"type": "Point", "coordinates": [-84.511626, 33.938992]}, "properties": {"brand": "Flock Safety"}}, {"type": "Feature", "geometry": {"type": "Point", "coordinates": [-84.939325, 33.696634]}, "properties": {"brand": "Flock Safety"}}, {"type": "Feature", "geometry": {"type": "Point", "coordinates": [-84.574696, 34.042472]}, "properties": {"brand": "Flock Safety"}}, {"type": "Feature", "geometry": {"type": "Point", "coordinates": [-84.33349, 33.833601]}, "properties": {"brand": "Flock Safety"}}, {"type": "Feature", "geometry": {"type": "Point", "coordinates": [-84.393401, 33.736955]}, "properties": {"brand": "Flock Safety"}}, {"type": "Feature", "geometry": {"type": "Point", "coordinates": [-84.574017, 34.041529]}, "properties": {"brand": "Flock Safety"}}, {"type": "Feature", "geometry": {"type": "Point", "coordinates": [-84.399486, 33.672994]}, "properties": {"brand": "Flock Safety"}}, {"type": "Feature", "geometry": {"type": "Point", "coordinates": [-84.399486, 33.672994]}, "properties": {"brand": "Flock Safety"}}, {"type": "Feature", "geometry": {"type": "Point", "coordinates": [-84.676672, 34.078252]}, "properties": {"brand": "Flock Safety"}}, {"type": "Feature", "geometry": {"type": "Point", "coordinates": [-84.382993, 33.840646]}, "properties": {"brand": "Flock Safety"}}, {"type": "Feature", "geometry": {"type": "Point", "coordinates": [-84.407356, 33.847385]}, "properties": {"brand": "Motorola Solutions"}}, {"type": "Feature", "geometry": {"type": "Point", "coordinates": [-84.387592, 33.843756]}, "properties": {"brand": "Flock Safety"}}, {"type": "Feature", "geometry": {"type": "Point", "coordinates": [-84.433467, 33.859085]}, "properties": {"brand": "Flock Safety"}}, {"type": "Feature", "geometry": {"type": "Point", "coordinates": [-84.393858, 33.84401]}, "properties": {"brand": "Flock Safety"}}, {"type": "Feature", "geometry": {"type": "Point", "coordinates": [-84.400435, 33.845414]}, "properties": {"brand": "Flock Safety"}}, {"type": "Feature", "geometry": {"type": "Point", "coordinates": [-84.49878, 33.951964]}, "properties": {"brand": "Flock Safety"}}, {"type": "Feature", "geometry": {"type": "Point", "coordinates": [-84.591426, 33.710884]}, "properties": {"brand": "Flock Safety"}}, {"type": "Feature", "geometry": {"type": "Point", "coordinates": [-84.453856, 33.880432]}, "properties": {"brand": "Flock Safety"}}, {"type": "Feature", "geometry": {"type": "Point", "coordinates": [-84.456339, 33.877447]}, "properties": {"brand": "Flock Safety"}}, {"type": "Feature", "geometry": {"type": "Point", "coordinates": [-84.456861, 33.878172]}, "properties": {"brand": "Flock Safety"}}, {"type": "Feature", "geometry": {"type": "Point", "coordinates": [-84.456852, 33.878259]}, "properties": {"brand": "Flock Safety"}}, {"type": "Feature", "geometry": {"type": "Point", "coordinates": [-84.455244, 33.877668]}, "properties": {"brand": "Flock Safety"}}, {"type": "Feature", "geometry": {"type": "Point", "coordinates": [-84.455495, 33.877678]}, "properties": {"brand": "Flock Safety"}}, {"type": "Feature", "geometry": {"type": "Point", "coordinates": [-84.456318, 33.877634]}, "properties": {"brand": "Flock Safety"}}, {"type": "Feature", "geometry": {"type": "Point", "coordinates": [-84.45593, 33.87988]}, "properties": {"brand": "Flock Safety"}}, {"type": "Feature", "geometry": {"type": "Point", "coordinates": [-84.455985, 33.87965]}, "properties": {"brand": "Flock Safety"}}, {"type": "Feature", "geometry": {"type": "Point", "coordinates": [-84.385866, 33.842486]}, "properties": {"brand": "Flock Safety"}}, {"type": "Feature", "geometry": {"type": "Point", "coordinates": [-84.385615, 33.842159]}, "properties": {"brand": "Flock Safety"}}, {"type": "Feature", "geometry": {"type": "Point", "coordinates": [-84.384547, 33.841524]}, "properties": {"brand": "Flock Safety"}}, {"type": "Feature", "geometry": {"type": "Point", "coordinates": [-84.384547, 33.841524]}, "properties": {"brand": "Flock Safety"}}, {"type": "Feature", "geometry": {"type": "Point", "coordinates": [-84.37166, 33.838302]}, "properties": {"brand": "Flock Safety"}}, {"type": "Feature", "geometry": {"type": "Point", "coordinates": [-84.371659, 33.83836]}, "properties": {"brand": "Flock Safety"}}, {"type": "Feature", "geometry": {"type": "Point", "coordinates": [-84.664316, 34.077777]}, "properties": {"brand": "Flock Safety"}}, {"type": "Feature", "geometry": {"type": "Point", "coordinates": [-84.675729, 34.073823]}, "properties": {"brand": "Flock Safety"}}, {"type": "Feature", "geometry": {"type": "Point", "coordinates": [-84.654717, 34.076652]}, "properties": {"brand": "Flock Safety"}}, {"type": "Feature", "geometry": {"type": "Point", "coordinates": [-84.675847, 34.073728]}, "properties": {"brand": "Flock Safety"}}, {"type": "Feature", "geometry": {"type": "Point", "coordinates": [-84.469364, 33.895368]}, "properties": {"brand": "Flock Safety"}}, {"type": "Feature", "geometry": {"type": "Point", "coordinates": [-84.474754, 33.900096]}, "properties": {"brand": "Flock Safety"}}, {"type": "Feature", "geometry": {"type": "Point", "coordinates": [-84.470567, 33.894849]}, "properties": {"brand": "Flock Safety"}}, {"type": "Feature", "geometry": {"type": "Point", "coordinates": [-84.315832, 33.886352]}, "properties": {"brand": "Flock Safety"}}, {"type": "Feature", "geometry": {"type": "Point", "coordinates": [-84.453059, 33.978711]}, "properties": {"brand": "Flock Safety"}}, {"type": "Feature", "geometry": {"type": "Point", "coordinates": [-84.453003, 33.978799]}, "properties": {"brand": "Flock Safety"}}, {"type": "Feature", "geometry": {"type": "Point", "coordinates": [-84.385344, 33.928562]}, "properties": {"brand": "Flock Safety"}}, {"type": "Feature", "geometry": {"type": "Point", "coordinates": [-84.37953, 33.925351]}, "properties": {"brand": "Flock Safety"}}, {"type": "Feature", "geometry": {"type": "Point", "coordinates": [-84.282389, 33.92473]}, "properties": {"brand": "Flock Safety"}}, {"type": "Feature", "geometry": {"type": "Point", "coordinates": [-84.283961, 33.929214]}, "properties": {"brand": "Flock Safety"}}, {"type": "Feature", "geometry": {"type": "Point", "coordinates": [-84.284535, 33.931454]}, "properties": {"brand": "Flock Safety"}}, {"type": "Feature", "geometry": {"type": "Point", "coordinates": [-84.282286, 33.924523]}, "properties": {"brand": "Flock Safety"}}, {"type": "Feature", "geometry": {"type": "Point", "coordinates": [-84.28257, 33.925846]}, "properties": {"brand": "Flock Safety"}}, {"type": "Feature", "geometry": {"type": "Point", "coordinates": [-84.293344, 33.93625]}, "properties": {"brand": "Flock Safety"}}, {"type": "Feature", "geometry": {"type": "Point", "coordinates": [-84.300523, 33.943692]}, "properties": {"brand": "Flock Safety"}}, {"type": "Feature", "geometry": {"type": "Point", "coordinates": [-84.3052, 33.943694]}, "properties": {"brand": "Flock Safety"}}, {"type": "Feature", "geometry": {"type": "Point", "coordinates": [-84.306033, 33.94372]}, "properties": {"brand": "Flock Safety"}}, {"type": "Feature", "geometry": {"type": "Point", "coordinates": [-84.304364, 33.943685]}, "properties": {"brand": "Flock Safety"}}, {"type": "Feature", "geometry": {"type": "Point", "coordinates": [-84.353009, 33.929613]}, "properties": {"brand": "Flock Safety"}}, {"type": "Feature", "geometry": {"type": "Point", "coordinates": [-84.481557, 33.916364]}, "properties": {"brand": "Flock Safety"}}, {"type": "Feature", "geometry": {"type": "Point", "coordinates": [-84.481173, 33.916525]}, "properties": {"brand": "Flock Safety"}}, {"type": "Feature", "geometry": {"type": "Point", "coordinates": [-84.468812, 33.924258]}, "properties": {"brand": "Flock Safety"}}, {"type": "Feature", "geometry": {"type": "Point", "coordinates": [-84.471492, 33.913821]}, "properties": {"brand": "Flock Safety"}}, {"type": "Feature", "geometry": {"type": "Point", "coordinates": [-84.490265, 33.906154]}, "properties": {"brand": "Flock Safety"}}, {"type": "Feature", "geometry": {"type": "Point", "coordinates": [-84.322539, 33.934828]}, "properties": {"brand": "Flock Safety"}}, {"type": "Feature", "geometry": {"type": "Point", "coordinates": [-84.299851, 33.919715]}, "properties": {"brand": "Flock Safety"}}, {"type": "Feature", "geometry": {"type": "Point", "coordinates": [-84.297072, 33.919415]}, "properties": {"brand": "Flock Safety"}}, {"type": "Feature", "geometry": {"type": "Point", "coordinates": [-84.282949, 33.908841]}, "properties": {"brand": "Flock Safety"}}, {"type": "Feature", "geometry": {"type": "Point", "coordinates": [-84.324503, 33.837693]}, "properties": {"brand": "Flock Safety"}}, {"type": "Feature", "geometry": {"type": "Point", "coordinates": [-84.279196, 33.905471]}, "properties": {"brand": "Flock Safety"}}, {"type": "Feature", "geometry": {"type": "Point", "coordinates": [-84.324709, 33.838321]}, "properties": {"brand": "Flock Safety"}}, {"type": "Feature", "geometry": {"type": "Point", "coordinates": [-84.761656, 33.730129]}, "properties": {"brand": "Flock Safety"}}, {"type": "Feature", "geometry": {"type": "Point", "coordinates": [-84.634757, 33.670072]}, "properties": {"brand": "Flock Safety"}}, {"type": "Feature", "geometry": {"type": "Point", "coordinates": [-84.366752, 33.826136]}, "properties": {"brand": "Flock Safety"}}, {"type": "Feature", "geometry": {"type": "Point", "coordinates": [-84.532837, 33.935642]}, "properties": {"brand": "Flock Safety"}}, {"type": "Feature", "geometry": {"type": "Point", "coordinates": [-84.532503, 33.935105]}, "properties": {"brand": "Flock Safety"}}, {"type": "Feature", "geometry": {"type": "Point", "coordinates": [-84.580789, 33.889606]}, "properties": {"brand": "Flock Safety"}}, {"type": "Feature", "geometry": {"type": "Point", "coordinates": [-84.60669, 33.850618]}, "properties": {"brand": "Flock Safety"}}, {"type": "Feature", "geometry": {"type": "Point", "coordinates": [-84.340421, 33.833677]}, "properties": {"brand": "Flock Safety"}}, {"type": "Feature", "geometry": {"type": "Point", "coordinates": [-84.348388, 33.845394]}, "properties": {"brand": "Flock Safety"}}, {"type": "Feature", "geometry": {"type": "Point", "coordinates": [-84.360667, 33.848781]}, "properties": {"brand": "Flock Safety"}}, {"type": "Feature", "geometry": {"type": "Point", "coordinates": [-84.397171, 33.993356]}, "properties": {"brand": "Flock Safety"}}, {"type": "Feature", "geometry": {"type": "Point", "coordinates": [-84.353872, 33.847983]}, "properties": {"brand": "Flock Safety"}}, {"type": "Feature", "geometry": {"type": "Point", "coordinates": [-84.353107, 33.849074]}, "properties": {"brand": "Flock Safety"}}, {"type": "Feature", "geometry": {"type": "Point", "coordinates": [-84.359276, 33.846696]}, "properties": {"brand": "Flock Safety"}}, {"type": "Feature", "geometry": {"type": "Point", "coordinates": [-84.348849, 33.846445]}, "properties": {"brand": "Flock Safety"}}, {"type": "Feature", "geometry": {"type": "Point", "coordinates": [-84.347984, 33.845394]}, "properties": {"brand": "Flock Safety"}}, {"type": "Feature", "geometry": {"type": "Point", "coordinates": [-84.339159, 33.84497]}, "properties": {"brand": "Flock Safety"}}, {"type": "Feature", "geometry": {"type": "Point", "coordinates": [-84.336841, 33.836872]}, "properties": {"brand": "Flock Safety"}}, {"type": "Feature", "geometry": {"type": "Point", "coordinates": [-84.33713, 33.826093]}, "properties": {"brand": "Flock Safety"}}, {"type": "Feature", "geometry": {"type": "Point", "coordinates": [-84.338109, 33.804605]}, "properties": {"brand": "Genetec"}}, {"type": "Feature", "geometry": {"type": "Point", "coordinates": [-84.369938, 33.797586]}, "properties": {"brand": "Flock Safety"}}, {"type": "Feature", "geometry": {"type": "Point", "coordinates": [-84.371195, 33.799819]}, "properties": {"brand": "Flock Safety"}}, {"type": "Feature", "geometry": {"type": "Point", "coordinates": [-84.369662, 33.797751]}, "properties": {"brand": "Flock Safety"}}, {"type": "Feature", "geometry": {"type": "Point", "coordinates": [-84.787078, 34.158678]}, "properties": {"brand": "Flock Safety"}}, {"type": "Feature", "geometry": {"type": "Point", "coordinates": [-84.792874, 34.197629]}, "properties": {"brand": "Flock Safety"}}, {"type": "Feature", "geometry": {"type": "Point", "coordinates": [-84.4067, 33.844731]}, "properties": {"brand": "Flock Safety"}}, {"type": "Feature", "geometry": {"type": "Point", "coordinates": [-84.315581, 33.918909]}, "properties": {"brand": "Flock Safety"}}, {"type": "Feature", "geometry": {"type": "Point", "coordinates": [-84.370563, 33.798999]}, "properties": {"brand": "Flock Safety"}}, {"type": "Feature", "geometry": {"type": "Point", "coordinates": [-84.352439, 33.773899]}, "properties": {"brand": "Flock Safety"}}, {"type": "Feature", "geometry": {"type": "Point", "coordinates": [-84.371908, 33.759975]}, "properties": {"brand": "Genetec"}}, {"type": "Feature", "geometry": {"type": "Point", "coordinates": [-84.552157, 33.952127]}, "properties": {"brand": "Flock Safety"}}, {"type": "Feature", "geometry": {"type": "Point", "coordinates": [-84.430453, 33.849096]}, "properties": {"brand": "Flock Safety"}}, {"type": "Feature", "geometry": {"type": "Point", "coordinates": [-84.454791, 33.858977]}, "properties": {"brand": "Flock Safety"}}, {"type": "Feature", "geometry": {"type": "Point", "coordinates": [-84.454846, 33.85887]}, "properties": {"brand": "Flock Safety"}}, {"type": "Feature", "geometry": {"type": "Point", "coordinates": [-84.351931, 33.792985]}, "properties": {"brand": "Flock Safety"}}, {"type": "Feature", "geometry": {"type": "Point", "coordinates": [-84.352083, 33.792847]}, "properties": {"brand": "Flock Safety"}}, {"type": "Feature", "geometry": {"type": "Point", "coordinates": [-84.367662, 33.922901]}, "properties": {"brand": "Flock Safety"}}, {"type": "Feature", "geometry": {"type": "Point", "coordinates": [-84.270387, 33.812947]}, "properties": {"brand": "Flock Safety"}}, {"type": "Feature", "geometry": {"type": "Point", "coordinates": [-84.934874, 33.754139]}, "properties": {"brand": "Flock Safety"}}, {"type": "Feature", "geometry": {"type": "Point", "coordinates": [-84.53404, 33.943012]}, "properties": {"brand": "Flock Safety"}}, {"type": "Feature", "geometry": {"type": "Point", "coordinates": [-84.595615, 34.051477]}, "properties": {"brand": "Flock Safety"}}, {"type": "Feature", "geometry": {"type": "Point", "coordinates": [-84.542653, 33.920788]}, "properties": {"brand": "Flock Safety"}}, {"type": "Feature", "geometry": {"type": "Point", "coordinates": [-84.367393, 33.922819]}, "properties": {"brand": "Flock Safety"}}, {"type": "Feature", "geometry": {"type": "Point", "coordinates": [-84.367213, 33.925029]}, "properties": {"brand": "Flock Safety"}}, {"type": "Feature", "geometry": {"type": "Point", "coordinates": [-84.367573, 33.925078]}, "properties": {"brand": "Flock Safety"}}, {"type": "Feature", "geometry": {"type": "Point", "coordinates": [-84.367573, 33.925078]}, "properties": {"brand": "Flock Safety"}}, {"type": "Feature", "geometry": {"type": "Point", "coordinates": [-84.252483, 34.024293]}, "properties": {"brand": "Flock Safety"}}, {"type": "Feature", "geometry": {"type": "Point", "coordinates": [-84.404024, 34.025727]}, "properties": {"brand": "Flock Safety"}}, {"type": "Feature", "geometry": {"type": "Point", "coordinates": [-84.403616, 34.025905]}, "properties": {"brand": "Flock Safety"}}, {"type": "Feature", "geometry": {"type": "Point", "coordinates": [-84.269136, 33.814493]}, "properties": {"brand": "Flock Safety"}}, {"type": "Feature", "geometry": {"type": "Point", "coordinates": [-84.32914, 33.828061]}, "properties": {"brand": "Flock Safety"}}, {"type": "Feature", "geometry": {"type": "Point", "coordinates": [-84.381332, 33.852949]}, "properties": {"brand": "Flock Safety"}}, {"type": "Feature", "geometry": {"type": "Point", "coordinates": [-84.415539, 33.795386]}, "properties": {"brand": "Flock Safety"}}, {"type": "Feature", "geometry": {"type": "Point", "coordinates": [-84.461538, 34.037818]}, "properties": {"brand": "Flock Safety"}}, {"type": "Feature", "geometry": {"type": "Point", "coordinates": [-84.31169, 33.817148]}, "properties": {"brand": "Flock Safety"}}, {"type": "Feature", "geometry": {"type": "Point", "coordinates": [-84.305774, 34.049191]}, "properties": {"brand": "Flock Safety"}}, {"type": "Feature", "geometry": {"type": "Point", "coordinates": [-84.305035, 34.04869]}, "properties": {"brand": "Flock Safety"}}, {"type": "Feature", "geometry": {"type": "Point", "coordinates": [-84.793844, 33.696257]}, "properties": {"brand": "Flock Safety"}}, {"type": "Feature", "geometry": {"type": "Point", "coordinates": [-84.834243, 33.71662]}, "properties": {"brand": "Flock Safety"}}, {"type": "Feature", "geometry": {"type": "Point", "coordinates": [-84.833979, 33.717539]}, "properties": {"brand": "Flock Safety"}}, {"type": "Feature", "geometry": {"type": "Point", "coordinates": [-84.349238, 33.995149]}, "properties": {"brand": "Flock Safety"}}, {"type": "Feature", "geometry": {"type": "Point", "coordinates": [-84.341325, 33.977746]}, "properties": {"brand": "Flock Safety"}}, {"type": "Feature", "geometry": {"type": "Point", "coordinates": [-84.271365, 33.951344]}, "properties": {"brand": "Flock Safety"}}, {"type": "Feature", "geometry": {"type": "Point", "coordinates": [-84.500391, 34.124623]}, "properties": {"brand": "Flock Safety"}}, {"type": "Feature", "geometry": {"type": "Point", "coordinates": [-84.481074, 34.132842]}, "properties": {"brand": "Flock Safety"}}, {"type": "Feature", "geometry": {"type": "Point", "coordinates": [-84.529126, 34.102469]}, "properties": {"brand": "Flock Safety"}}, {"type": "Feature", "geometry": {"type": "Point", "coordinates": [-84.811826, 33.70597]}, "properties": {"brand": "Flock Safety"}}, {"type": "Feature", "geometry": {"type": "Point", "coordinates": [-84.552617, 33.955492]}, "properties": {"brand": "Flock Safety"}}, {"type": "Feature", "geometry": {"type": "Point", "coordinates": [-84.551751, 33.952143]}, "properties": {"brand": "Flock Safety"}}, {"type": "Feature", "geometry": {"type": "Point", "coordinates": [-84.358155, 33.745779]}, "properties": {"brand": "Motorola Solutions"}}, {"type": "Feature", "geometry": {"type": "Point", "coordinates": [-84.358153, 33.745023]}, "properties": {"brand": "Motorola Solutions"}}, {"type": "Feature", "geometry": {"type": "Point", "coordinates": [-84.358148, 33.74415]}, "properties": {"brand": "Motorola Solutions"}}, {"type": "Feature", "geometry": {"type": "Point", "coordinates": [-84.358097, 33.741951]}, "properties": {"brand": "Motorola Solutions"}}, {"type": "Feature", "geometry": {"type": "Point", "coordinates": [-84.35819, 33.739687]}, "properties": {"brand": "Motorola Solutions"}}, {"type": "Feature", "geometry": {"type": "Point", "coordinates": [-84.879549, 33.72825]}, "properties": {"brand": "Flock Safety"}}, {"type": "Feature", "geometry": {"type": "Point", "coordinates": [-84.811689, 33.729579]}, "properties": {"brand": "Flock Safety"}}, {"type": "Feature", "geometry": {"type": "Point", "coordinates": [-84.77642, 33.722025]}, "properties": {"brand": "Flock Safety"}}, {"type": "Feature", "geometry": {"type": "Point", "coordinates": [-84.551193, 34.107492]}, "properties": {"brand": "Flock Safety"}}, {"type": "Feature", "geometry": {"type": "Point", "coordinates": [-84.42499, 33.659528]}, "properties": {"brand": "Flock Safety"}}, {"type": "Feature", "geometry": {"type": "Point", "coordinates": [-84.423865, 33.659073]}, "properties": {"brand": "Flock Safety"}}, {"type": "Feature", "geometry": {"type": "Point", "coordinates": [-84.307867, 33.720795]}, "properties": {"brand": "Flock Safety"}}, {"type": "Feature", "geometry": {"type": "Point", "coordinates": [-84.289509, 33.898242]}, "properties": {"brand": "Flock Safety"}}, {"type": "Feature", "geometry": {"type": "Point", "coordinates": [-84.483221, 33.92246]}, "properties": {"brand": "Flock Safety"}}, {"type": "Feature", "geometry": {"type": "Point", "coordinates": [-84.483221, 33.92246]}, "properties": {"brand": "Flock Safety"}}, {"type": "Feature", "geometry": {"type": "Point", "coordinates": [-84.656776, 33.953317]}, "properties": {"brand": "Flock Safety"}}, {"type": "Feature", "geometry": {"type": "Point", "coordinates": [-84.5091, 33.950803]}, "properties": {"brand": "Flock Safety"}}, {"type": "Feature", "geometry": {"type": "Point", "coordinates": [-84.500822, 33.957422]}, "properties": {"brand": "Flock Safety"}}, {"type": "Feature", "geometry": {"type": "Point", "coordinates": [-84.487579, 33.971832]}, "properties": {"brand": "Flock Safety"}}, {"type": "Feature", "geometry": {"type": "Point", "coordinates": [-84.605424, 34.089521]}, "properties": {"brand": "Flock Safety"}}, {"type": "Feature", "geometry": {"type": "Point", "coordinates": [-84.654624, 34.087404]}, "properties": {"brand": "Flock Safety"}}, {"type": "Feature", "geometry": {"type": "Point", "coordinates": [-84.650534, 34.075647]}, "properties": {"brand": "Flock Safety"}}, {"type": "Feature", "geometry": {"type": "Point", "coordinates": [-84.734524, 34.085854]}, "properties": {"brand": "Flock Safety"}}, {"type": "Feature", "geometry": {"type": "Point", "coordinates": [-84.73004, 34.081297]}, "properties": {"brand": "Flock Safety"}}, {"type": "Feature", "geometry": {"type": "Point", "coordinates": [-84.749189, 34.114238]}, "properties": {"brand": "Flock Safety"}}, {"type": "Feature", "geometry": {"type": "Point", "coordinates": [-84.370809, 33.947877]}, "properties": {"brand": "Flock Safety"}}, {"type": "Feature", "geometry": {"type": "Point", "coordinates": [-84.371238, 33.947916]}, "properties": {"brand": "Flock Safety"}}, {"type": "Feature", "geometry": {"type": "Point", "coordinates": [-84.406324, 34.062817]}, "properties": {"brand": "Flock Safety"}}, {"type": "Feature", "geometry": {"type": "Point", "coordinates": [-84.363582, 34.07314]}, "properties": {"brand": "Flock Safety"}}, {"type": "Feature", "geometry": {"type": "Point", "coordinates": [-84.29296, 34.072638]}, "properties": {"brand": "Flock Safety"}}, {"type": "Feature", "geometry": {"type": "Point", "coordinates": [-84.334515, 34.061274]}, "properties": {"brand": "Flock Safety"}}, {"type": "Feature", "geometry": {"type": "Point", "coordinates": [-84.401547, 34.061084]}, "properties": {"brand": "Flock Safety"}}, {"type": "Feature", "geometry": {"type": "Point", "coordinates": [-84.46481, 34.036174]}, "properties": {"brand": "Flock Safety"}}, {"type": "Feature", "geometry": {"type": "Point", "coordinates": [-84.412853, 33.993422]}, "properties": {"brand": "Flock Safety"}}, {"type": "Feature", "geometry": {"type": "Point", "coordinates": [-84.470853, 33.651735]}, "properties": {"brand": "Flock Safety"}}, {"type": "Feature", "geometry": {"type": "Point", "coordinates": [-84.621739, 33.947061]}, "properties": {"brand": "Flock Safety"}}, {"type": "Feature", "geometry": {"type": "Point", "coordinates": [-84.620906, 33.946392]}, "properties": {"brand": "Flock Safety"}}, {"type": "Feature", "geometry": {"type": "Point", "coordinates": [-84.621719, 33.947009]}, "properties": {"brand": "Flock Safety"}}, {"type": "Feature", "geometry": {"type": "Point", "coordinates": [-84.484663, 34.077291]}, "properties": {"brand": "Flock Safety"}}, {"type": "Feature", "geometry": {"type": "Point", "coordinates": [-84.747351, 34.030918]}, "properties": {"brand": "Flock Safety"}}, {"type": "Feature", "geometry": {"type": "Point", "coordinates": [-84.41252, 34.07647]}, "properties": {"brand": "Flock Safety"}}, {"type": "Feature", "geometry": {"type": "Point", "coordinates": [-84.563377, 33.930779]}, "properties": {"brand": "Flock Safety"}}, {"type": "Feature", "geometry": {"type": "Point", "coordinates": [-84.55032, 33.948011]}, "properties": {"brand": "Flock Safety"}}, {"type": "Feature", "geometry": {"type": "Point", "coordinates": [-84.552224, 33.957996]}, "properties": {"brand": "Flock Safety"}}, {"type": "Feature", "geometry": {"type": "Point", "coordinates": [-84.420345, 34.069506]}, "properties": {"brand": "Flock Safety"}}, {"type": "Feature", "geometry": {"type": "Point", "coordinates": [-84.551972, 33.966826]}, "properties": {"brand": "Flock Safety"}}, {"type": "Feature", "geometry": {"type": "Point", "coordinates": [-84.551977, 33.966507]}, "properties": {"brand": "Flock Safety"}}, {"type": "Feature", "geometry": {"type": "Point", "coordinates": [-84.844698, 33.854253]}, "properties": {"brand": "Flock Safety"}}, {"type": "Feature", "geometry": {"type": "Point", "coordinates": [-84.761833, 33.730163]}, "properties": {"brand": "Flock Safety"}}, {"type": "Feature", "geometry": {"type": "Point", "coordinates": [-84.270744, 33.878197]}, "properties": {"brand": "Flock Safety"}}, {"type": "Feature", "geometry": {"type": "Point", "coordinates": [-84.274042, 33.879841]}, "properties": {"brand": "Flock Safety"}}, {"type": "Feature", "geometry": {"type": "Point", "coordinates": [-84.400607, 34.062123]}, "properties": {"brand": "Flock Safety"}}, {"type": "Feature", "geometry": {"type": "Point", "coordinates": [-84.40147, 34.061387]}, "properties": {"brand": "Flock Safety"}}, {"type": "Feature", "geometry": {"type": "Point", "coordinates": [-84.551937, 33.990672]}, "properties": {"brand": "Flock Safety"}}, {"type": "Feature", "geometry": {"type": "Point", "coordinates": [-84.485034, 33.9773]}, "properties": {"brand": "Flock Safety"}}, {"type": "Feature", "geometry": {"type": "Point", "coordinates": [-84.329663, 33.880313]}, "properties": {"brand": "Flock Safety"}}, {"type": "Feature", "geometry": {"type": "Point", "coordinates": [-84.584941, 33.949946]}, "properties": {"brand": "Flock Safety"}}, {"type": "Feature", "geometry": {"type": "Point", "coordinates": [-84.591425, 33.94714]}, "properties": {"brand": "Flock Safety"}}, {"type": "Feature", "geometry": {"type": "Point", "coordinates": [-84.35106, 33.764099]}, "properties": {"brand": "Flock Safety"}}, {"type": "Feature", "geometry": {"type": "Point", "coordinates": [-84.551813, 33.991326]}, "properties": {"brand": "Flock Safety"}}, {"type": "Feature", "geometry": {"type": "Point", "coordinates": [-84.292611, 33.803198]}, "properties": {"brand": "Flock Safety"}}, {"type": "Feature", "geometry": {"type": "Point", "coordinates": [-84.924166, 34.147834]}, "properties": {"brand": "Flock Safety"}}, {"type": "Feature", "geometry": {"type": "Point", "coordinates": [-84.556579, 33.952275]}, "properties": {"brand": "Flock Safety"}}, {"type": "Feature", "geometry": {"type": "Point", "coordinates": [-84.299513, 33.919642]}, "properties": {"brand": "Flock Safety"}}, {"type": "Feature", "geometry": {"type": "Point", "coordinates": [-84.305595, 33.921255]}, "properties": {"brand": "Flock Safety"}}, {"type": "Feature", "geometry": {"type": "Point", "coordinates": [-84.470355, 33.889665]}, "properties": {"brand": "Flock Safety"}}, {"type": "Feature", "geometry": {"type": "Point", "coordinates": [-84.471012, 33.88878]}, "properties": {"brand": "Flock Safety"}}, {"type": "Feature", "geometry": {"type": "Point", "coordinates": [-84.471384, 33.88755]}, "properties": {"brand": "Flock Safety"}}, {"type": "Feature", "geometry": {"type": "Point", "coordinates": [-84.471082, 33.886705]}, "properties": {"brand": "Flock Safety"}}, {"type": "Feature", "geometry": {"type": "Point", "coordinates": [-84.497167, 34.105943]}, "properties": {"brand": "Flock Safety"}}, {"type": "Feature", "geometry": {"type": "Point", "coordinates": [-84.469239, 33.891657]}, "properties": {"brand": "Flock Safety"}}, {"type": "Feature", "geometry": {"type": "Point", "coordinates": [-84.431569, 33.905869]}, "properties": {"brand": "Genetec"}}, {"type": "Feature", "geometry": {"type": "Point", "coordinates": [-84.539835, 33.720232]}, "properties": {"brand": "Flock Safety"}}, {"type": "Feature", "geometry": {"type": "Point", "coordinates": [-84.279959, 33.915819]}, "properties": {"brand": "Flock Safety"}}, {"type": "Feature", "geometry": {"type": "Point", "coordinates": [-84.771812, 34.174848]}, "properties": {"brand": "Flock Safety"}}, {"type": "Feature", "geometry": {"type": "Point", "coordinates": [-84.427861, 33.785681]}, "properties": {"brand": "Flock Safety"}}, {"type": "Feature", "geometry": {"type": "Point", "coordinates": [-84.427861, 33.785681]}, "properties": {"brand": "Flock Safety"}}, {"type": "Feature", "geometry": {"type": "Point", "coordinates": [-84.436698, 33.802518]}, "properties": {"brand": "Flock Safety"}}, {"type": "Feature", "geometry": {"type": "Point", "coordinates": [-84.81492, 33.899944]}, "properties": {"brand": "Flock Safety"}}, {"type": "Feature", "geometry": {"type": "Point", "coordinates": [-84.353856, 33.682902]}, "properties": {"brand": "Flock Safety"}}, {"type": "Feature", "geometry": {"type": "Point", "coordinates": [-84.325966, 34.022386]}, "properties": {"brand": "Flock Safety"}}, {"type": "Feature", "geometry": {"type": "Point", "coordinates": [-84.362903, 33.842878]}, "properties": {"brand": "Flock Safety"}}, {"type": "Feature", "geometry": {"type": "Point", "coordinates": [-84.35164, 33.76443]}, "properties": {"brand": "Flock Safety"}}, {"type": "Feature", "geometry": {"type": "Point", "coordinates": [-84.39217, 33.770789]}, "properties": {"brand": "Flock Safety"}}, {"type": "Feature", "geometry": {"type": "Point", "coordinates": [-84.390637, 33.781569]}, "properties": {"brand": "Genetec"}}, {"type": "Feature", "geometry": {"type": "Point", "coordinates": [-84.412708, 33.809388]}, "properties": {"brand": "Flock Safety"}}, {"type": "Feature", "geometry": {"type": "Point", "coordinates": [-84.351188, 33.922442]}, "properties": {"brand": "Flock Safety"}}, {"type": "Feature", "geometry": {"type": "Point", "coordinates": [-84.40759, 33.797365]}, "properties": {"brand": "Flock Safety"}}, {"type": "Feature", "geometry": {"type": "Point", "coordinates": [-84.405681, 33.791577]}, "properties": {"brand": "Flock Safety"}}, {"type": "Feature", "geometry": {"type": "Point", "coordinates": [-84.76131, 34.173811]}, "properties": {"brand": "Flock Safety"}}, {"type": "Feature", "geometry": {"type": "Point", "coordinates": [-84.538805, 34.192711]}, "properties": {"brand": "Flock Safety"}}, {"type": "Feature", "geometry": {"type": "Point", "coordinates": [-84.551311, 34.179757]}, "properties": {"brand": "Flock Safety"}}, {"type": "Feature", "geometry": {"type": "Point", "coordinates": [-84.396841, 33.772608]}, "properties": {"brand": "Flock Safety"}}, {"type": "Feature", "geometry": {"type": "Point", "coordinates": [-84.395621, 33.771849]}, "properties": {"brand": "Flock Safety"}}, {"type": "Feature", "geometry": {"type": "Point", "coordinates": [-84.424137, 33.880017]}, "properties": {"brand": "Flock Safety"}}, {"type": "Feature", "geometry": {"type": "Point", "coordinates": [-84.417946, 33.882316]}, "properties": {"brand": "Flock Safety"}}, {"type": "Feature", "geometry": {"type": "Point", "coordinates": [-84.422982, 33.657481]}, "properties": {"brand": "Flock Safety"}}, {"type": "Feature", "geometry": {"type": "Point", "coordinates": [-84.423206, 33.653822]}, "properties": {"brand": "Flock Safety"}}, {"type": "Feature", "geometry": {"type": "Point", "coordinates": [-84.422981, 33.653629]}, "properties": {"brand": "Flock Safety"}}, {"type": "Feature", "geometry": {"type": "Point", "coordinates": [-84.423219, 33.657541]}, "properties": {"brand": "Flock Safety"}}, {"type": "Feature", "geometry": {"type": "Point", "coordinates": [-84.428162, 33.658456]}, "properties": {"brand": "Flock Safety"}}, {"type": "Feature", "geometry": {"type": "Point", "coordinates": [-84.465385, 33.892319]}, "properties": {"brand": "Flock Safety"}}, {"type": "Feature", "geometry": {"type": "Point", "coordinates": [-84.465667, 33.892671]}, "properties": {"brand": "Flock Safety"}}, {"type": "Feature", "geometry": {"type": "Point", "coordinates": [-84.46673, 33.889701]}, "properties": {"brand": "Flock Safety"}}, {"type": "Feature", "geometry": {"type": "Point", "coordinates": [-84.466583, 33.88979]}, "properties": {"brand": "Flock Safety"}}, {"type": "Feature", "geometry": {"type": "Point", "coordinates": [-84.468159, 33.888326]}, "properties": {"brand": "Flock Safety"}}, {"type": "Feature", "geometry": {"type": "Point", "coordinates": [-84.385979, 33.993832]}, "properties": {"brand": "Flock Safety"}}, {"type": "Feature", "geometry": {"type": "Point", "coordinates": [-84.301416, 33.901024]}, "properties": {"brand": "Flock Safety"}}, {"type": "Feature", "geometry": {"type": "Point", "coordinates": [-84.805199, 34.060612]}, "properties": {"brand": "Flock Safety"}}, {"type": "Feature", "geometry": {"type": "Point", "coordinates": [-84.503929, 34.182559]}, "properties": {"brand": "Flock Safety"}}, {"type": "Feature", "geometry": {"type": "Point", "coordinates": [-84.52063, 33.936026]}, "properties": {"brand": "Flock Safety"}}, {"type": "Feature", "geometry": {"type": "Point", "coordinates": [-84.425683, 33.655589]}, "properties": {"brand": "Flock Safety"}}, {"type": "Feature", "geometry": {"type": "Point", "coordinates": [-84.4255, 33.655658]}, "properties": {"brand": "Flock Safety"}}, {"type": "Feature", "geometry": {"type": "Point", "coordinates": [-84.26877, 33.758777]}, "properties": {"brand": "Flock Safety"}}, {"type": "Feature", "geometry": {"type": "Point", "coordinates": [-84.608109, 33.857283]}, "properties": {"brand": "Flock Safety"}}, {"type": "Feature", "geometry": {"type": "Point", "coordinates": [-84.272595, 34.021935]}, "properties": {"brand": "Flock Safety"}}, {"type": "Feature", "geometry": {"type": "Point", "coordinates": [-84.280737, 34.015275]}, "properties": {"brand": "Flock Safety"}}, {"type": "Feature", "geometry": {"type": "Point", "coordinates": [-84.282087, 34.011871]}, "properties": {"brand": "Flock Safety"}}, {"type": "Feature", "geometry": {"type": "Point", "coordinates": [-84.305158, 33.895236]}, "properties": {"brand": "Axis Communications"}}, {"type": "Feature", "geometry": {"type": "Point", "coordinates": [-84.310463, 33.910848]}, "properties": {"brand": "Axis Communications"}}, {"type": "Feature", "geometry": {"type": "Point", "coordinates": [-84.298091, 33.911296]}, "properties": {"brand": "Flock Safety"}}, {"type": "Feature", "geometry": {"type": "Point", "coordinates": [-84.291902, 33.910075]}, "properties": {"brand": "Flock Safety"}}, {"type": "Feature", "geometry": {"type": "Point", "coordinates": [-84.298158, 33.777831]}, "properties": {"brand": "Flock Safety"}}, {"type": "Feature", "geometry": {"type": "Point", "coordinates": [-84.747344, 33.70833]}, "properties": {"brand": "Flock Safety"}}, {"type": "Feature", "geometry": {"type": "Point", "coordinates": [-84.398599, 33.793099]}, "properties": {"brand": "Flock Safety"}}, {"type": "Feature", "geometry": {"type": "Point", "coordinates": [-84.400072, 33.79296]}, "properties": {"brand": "Genetec"}}, {"type": "Feature", "geometry": {"type": "Point", "coordinates": [-84.393168, 33.790047]}, "properties": {"brand": "Flock Safety"}}, {"type": "Feature", "geometry": {"type": "Point", "coordinates": [-84.37052, 33.798855]}, "properties": {"brand": "Flock Safety"}}, {"type": "Feature", "geometry": {"type": "Point", "coordinates": [-84.369683, 33.796581]}, "properties": {"brand": "Flock Safety"}}, {"type": "Feature", "geometry": {"type": "Point", "coordinates": [-84.369683, 33.796581]}, "properties": {"brand": "Flock Safety"}}, {"type": "Feature", "geometry": {"type": "Point", "coordinates": [-84.358166, 33.902377]}, "properties": {"brand": "Flock Safety"}}, {"type": "Feature", "geometry": {"type": "Point", "coordinates": [-84.354932, 33.908037]}, "properties": {"brand": "Flock Safety"}}, {"type": "Feature", "geometry": {"type": "Point", "coordinates": [-84.35567, 33.90787]}, "properties": {"brand": "Flock Safety"}}, {"type": "Feature", "geometry": {"type": "Point", "coordinates": [-84.356431, 33.907783]}, "properties": {"brand": "Flock Safety"}}, {"type": "Feature", "geometry": {"type": "Point", "coordinates": [-84.360169, 33.900681]}, "properties": {"brand": "Flock Safety"}}, {"type": "Feature", "geometry": {"type": "Point", "coordinates": [-84.331359, 33.903008]}, "properties": {"brand": "Flock Safety"}}, {"type": "Feature", "geometry": {"type": "Point", "coordinates": [-84.32392, 33.902386]}, "properties": {"brand": "Flock Safety"}}, {"type": "Feature", "geometry": {"type": "Point", "coordinates": [-84.304254, 33.895105]}, "properties": {"brand": "Flock Safety"}}, {"type": "Feature", "geometry": {"type": "Point", "coordinates": [-84.304254, 33.895105]}, "properties": {"brand": "Flock Safety"}}, {"type": "Feature", "geometry": {"type": "Point", "coordinates": [-84.316471, 33.822174]}, "properties": {"brand": "Flock Safety"}}, {"type": "Feature", "geometry": {"type": "Point", "coordinates": [-84.289863, 33.793354]}, "properties": {"brand": "Flock Safety"}}, {"type": "Feature", "geometry": {"type": "Point", "coordinates": [-84.29468, 33.782325]}, "properties": {"brand": "Flock Safety"}}, {"type": "Feature", "geometry": {"type": "Point", "coordinates": [-84.285688, 33.79174]}, "properties": {"brand": "Flock Safety"}}, {"type": "Feature", "geometry": {"type": "Point", "coordinates": [-84.265434, 33.928769]}, "properties": {"brand": "Flock Safety"}}, {"type": "Feature", "geometry": {"type": "Point", "coordinates": [-84.268896, 33.919492]}, "properties": {"brand": "Flock Safety"}}, {"type": "Feature", "geometry": {"type": "Point", "coordinates": [-84.259334, 33.91693]}, "properties": {"brand": "Flock Safety"}}, {"type": "Feature", "geometry": {"type": "Point", "coordinates": [-84.308424, 33.901335]}, "properties": {"brand": "Flock Safety"}}, {"type": "Feature", "geometry": {"type": "Point", "coordinates": [-84.329678, 33.902144]}, "properties": {"brand": "Flock Safety"}}, {"type": "Feature", "geometry": {"type": "Point", "coordinates": [-84.358508, 33.929509]}, "properties": {"brand": "Flock Safety"}}, {"type": "Feature", "geometry": {"type": "Point", "coordinates": [-84.284854, 33.792646]}, "properties": {"brand": "Flock Safety"}}, {"type": "Feature", "geometry": {"type": "Point", "coordinates": [-84.328013, 33.861228]}, "properties": {"brand": "Flock Safety"}}, {"type": "Feature", "geometry": {"type": "Point", "coordinates": [-84.327452, 33.861565]}, "properties": {"brand": "Flock Safety"}}, {"type": "Feature", "geometry": {"type": "Point", "coordinates": [-84.334735, 33.860256]}, "properties": {"brand": "Flock Safety"}}, {"type": "Feature", "geometry": {"type": "Point", "coordinates": [-84.337741, 33.860499]}, "properties": {"brand": "Flock Safety"}}, {"type": "Feature", "geometry": {"type": "Point", "coordinates": [-84.337471, 33.864915]}, "properties": {"brand": "Flock Safety"}}, {"type": "Feature", "geometry": {"type": "Point", "coordinates": [-84.33716, 33.86544]}, "properties": {"brand": "Flock Safety"}}, {"type": "Feature", "geometry": {"type": "Point", "coordinates": [-84.334482, 33.86915]}, "properties": {"brand": "Flock Safety"}}, {"type": "Feature", "geometry": {"type": "Point", "coordinates": [-84.318149, 33.883751]}, "properties": {"brand": "Flock Safety"}}, {"type": "Feature", "geometry": {"type": "Point", "coordinates": [-84.316394, 33.886121]}, "properties": {"brand": "Flock Safety"}}, {"type": "Feature", "geometry": {"type": "Point", "coordinates": [-84.703898, 33.757975]}, "properties": {"brand": "Flock Safety"}}, {"type": "Feature", "geometry": {"type": "Point", "coordinates": [-84.705123, 33.77849]}, "properties": {"brand": "Flock Safety"}}, {"type": "Feature", "geometry": {"type": "Point", "coordinates": [-84.29121, 33.757446]}, "properties": {"brand": "Flock Safety"}}, {"type": "Feature", "geometry": {"type": "Point", "coordinates": [-84.360889, 33.848264]}, "properties": {"brand": "Flock Safety"}}, {"type": "Feature", "geometry": {"type": "Point", "coordinates": [-84.724283, 34.067271]}, "properties": {"brand": "Flock Safety"}}, {"type": "Feature", "geometry": {"type": "Point", "coordinates": [-84.308534, 33.813424]}, "properties": {"brand": "Flock Safety"}}, {"type": "Feature", "geometry": {"type": "Point", "coordinates": [-84.285388, 34.05262]}, "properties": {"brand": "Flock Safety"}}, {"type": "Feature", "geometry": {"type": "Point", "coordinates": [-84.289881, 34.031078]}, "properties": {"brand": "Flock Safety"}}, {"type": "Feature", "geometry": {"type": "Point", "coordinates": [-84.289909, 34.02667]}, "properties": {"brand": "Flock Safety"}}, {"type": "Feature", "geometry": {"type": "Point", "coordinates": [-84.293819, 34.044783]}, "properties": {"brand": "Flock Safety"}}, {"type": "Feature", "geometry": {"type": "Point", "coordinates": [-84.309427, 34.019393]}, "properties": {"brand": "Flock Safety"}}, {"type": "Feature", "geometry": {"type": "Point", "coordinates": [-84.310357, 34.018857]}, "properties": {"brand": "Flock Safety"}}, {"type": "Feature", "geometry": {"type": "Point", "coordinates": [-84.310832, 34.018281]}, "properties": {"brand": "Flock Safety"}}, {"type": "Feature", "geometry": {"type": "Point", "coordinates": [-84.309461, 34.018213]}, "properties": {"brand": "Flock Safety"}}, {"type": "Feature", "geometry": {"type": "Point", "coordinates": [-84.287534, 34.055672]}, "properties": {"brand": "Flock Safety"}}, {"type": "Feature", "geometry": {"type": "Point", "coordinates": [-84.287316, 34.040547]}, "properties": {"brand": "Flock Safety"}}, {"type": "Feature", "geometry": {"type": "Point", "coordinates": [-84.353516, 33.933124]}, "properties": {"brand": "Genetec"}}, {"type": "Feature", "geometry": {"type": "Point", "coordinates": [-84.35444, 33.93322]}, "properties": {"brand": "Genetec"}}, {"type": "Feature", "geometry": {"type": "Point", "coordinates": [-84.353411, 33.933586]}, "properties": {"brand": "Genetec"}}, {"type": "Feature", "geometry": {"type": "Point", "coordinates": [-84.359157, 33.933562]}, "properties": {"brand": "Genetec"}}, {"type": "Feature", "geometry": {"type": "Point", "coordinates": [-84.364861, 33.936258]}, "properties": {"brand": "Flock Safety"}}, {"type": "Feature", "geometry": {"type": "Point", "coordinates": [-84.463164, 33.984343]}, "properties": {"brand": "Flock Safety"}}, {"type": "Feature", "geometry": {"type": "Point", "coordinates": [-84.28215, 34.0118]}, "properties": {"brand": "Flock Safety"}}, {"type": "Feature", "geometry": {"type": "Point", "coordinates": [-84.263066, 33.78804]}, "properties": {"brand": "Flock Safety"}}, {"type": "Feature", "geometry": {"type": "Point", "coordinates": [-84.26336, 33.787944]}, "properties": {"brand": "Flock Safety"}}, {"type": "Feature", "geometry": {"type": "Point", "coordinates": [-84.263667, 33.790306]}, "properties": {"brand": "Flock Safety"}}, {"type": "Feature", "geometry": {"type": "Point", "coordinates": [-84.263532, 33.790218]}, "properties": {"brand": "Flock Safety"}}, {"type": "Feature", "geometry": {"type": "Point", "coordinates": [-84.258736, 33.798197]}, "properties": {"brand": "Flock Safety"}}, {"type": "Feature", "geometry": {"type": "Point", "coordinates": [-84.708359, 33.992737]}, "properties": {"brand": "Flock Safety"}}, {"type": "Feature", "geometry": {"type": "Point", "coordinates": [-84.343541, 33.981177]}, "properties": {"brand": "Flock Safety"}}, {"type": "Feature", "geometry": {"type": "Point", "coordinates": [-84.378243, 33.917884]}, "properties": {"brand": "Flock Safety"}}, {"type": "Feature", "geometry": {"type": "Point", "coordinates": [-84.379365, 33.913832]}, "properties": {"brand": "Flock Safety"}}, {"type": "Feature", "geometry": {"type": "Point", "coordinates": [-84.33515, 33.947271]}, "properties": {"brand": "Flock Safety"}}, {"type": "Feature", "geometry": {"type": "Point", "coordinates": [-84.383482, 33.843105]}, "properties": {"brand": "Flock Safety"}}, {"type": "Feature", "geometry": {"type": "Point", "coordinates": [-84.479746, 33.953957]}, "properties": {"brand": "Flock Safety"}}, {"type": "Feature", "geometry": {"type": "Point", "coordinates": [-84.826289, 34.150788]}, "properties": {"brand": "Flock Safety"}}, {"type": "Feature", "geometry": {"type": "Point", "coordinates": [-84.253023, 34.023066]}, "properties": {"brand": "Flock Safety"}}, {"type": "Feature", "geometry": {"type": "Point", "coordinates": [-84.405639, 33.820482]}, "properties": {"brand": "Flock Safety"}}, {"type": "Feature", "geometry": {"type": "Point", "coordinates": [-84.292304, 34.044736]}, "properties": {"brand": "Flock Safety"}}, {"type": "Feature", "geometry": {"type": "Point", "coordinates": [-84.292592, 34.045543]}, "properties": {"brand": "Flock Safety"}}, {"type": "Feature", "geometry": {"type": "Point", "coordinates": [-84.288895, 34.047967]}, "properties": {"brand": "Flock Safety"}}, {"type": "Feature", "geometry": {"type": "Point", "coordinates": [-84.280901, 33.791719]}, "properties": {"brand": "Flock Safety"}}, {"type": "Feature", "geometry": {"type": "Point", "coordinates": [-84.280845, 33.791627]}, "properties": {"brand": "Flock Safety"}}, {"type": "Feature", "geometry": {"type": "Point", "coordinates": [-84.384111, 33.781833]}, "properties": {"brand": "Flock Safety"}}, {"type": "Feature", "geometry": {"type": "Point", "coordinates": [-84.618777, 33.859495]}, "properties": {"brand": "Flock Safety"}}, {"type": "Feature", "geometry": {"type": "Point", "coordinates": [-84.613894, 33.855084]}, "properties": {"brand": "Flock Safety"}}, {"type": "Feature", "geometry": {"type": "Point", "coordinates": [-84.613695, 33.855084]}, "properties": {"brand": "Flock Safety"}}, {"type": "Feature", "geometry": {"type": "Point", "coordinates": [-84.303477, 33.754908]}, "properties": {"brand": "Flock Safety"}}, {"type": "Feature", "geometry": {"type": "Point", "coordinates": [-84.26697, 33.77766]}, "properties": {"brand": "Flock Safety"}}, {"type": "Feature", "geometry": {"type": "Point", "coordinates": [-84.378025, 33.919039]}, "properties": {"brand": "Flock Safety"}}, {"type": "Feature", "geometry": {"type": "Point", "coordinates": [-84.294042, 33.751588]}, "properties": {"brand": "Flock Safety"}}, {"type": "Feature", "geometry": {"type": "Point", "coordinates": [-84.367501, 33.844487]}, "properties": {"brand": "Flock Safety"}}, {"type": "Feature", "geometry": {"type": "Point", "coordinates": [-84.34163, 33.784514]}, "properties": {"brand": "Flock Safety"}}, {"type": "Feature", "geometry": {"type": "Point", "coordinates": [-84.392022, 33.771325]}, "properties": {"brand": "Flock Safety"}}, {"type": "Feature", "geometry": {"type": "Point", "coordinates": [-84.428431, 33.664762]}, "properties": {"brand": "Flock Safety"}}, {"type": "Feature", "geometry": {"type": "Point", "coordinates": [-84.428669, 33.665666]}, "properties": {"brand": "Flock Safety"}}, {"type": "Feature", "geometry": {"type": "Point", "coordinates": [-84.428343, 33.664138]}, "properties": {"brand": "Flock Safety"}}, {"type": "Feature", "geometry": {"type": "Point", "coordinates": [-84.440906, 33.669345]}, "properties": {"brand": "Flock Safety"}}, {"type": "Feature", "geometry": {"type": "Point", "coordinates": [-84.317939, 33.793841]}, "properties": {"brand": "Flock Safety"}}, {"type": "Feature", "geometry": {"type": "Point", "coordinates": [-84.343493, 33.982246]}, "properties": {"brand": "Genetec"}}, {"type": "Feature", "geometry": {"type": "Point", "coordinates": [-84.574445, 33.959794]}, "properties": {"brand": "Flock Safety"}}, {"type": "Feature", "geometry": {"type": "Point", "coordinates": [-84.574468, 33.959555]}, "properties": {"brand": "Flock Safety"}}, {"type": "Feature", "geometry": {"type": "Point", "coordinates": [-84.575184, 33.959642]}, "properties": {"brand": "Flock Safety"}}, {"type": "Feature", "geometry": {"type": "Point", "coordinates": [-84.57278, 34.002594]}, "properties": {"brand": "Flock Safety"}}, {"type": "Feature", "geometry": {"type": "Point", "coordinates": [-84.580847, 33.995078]}, "properties": {"brand": "Flock Safety"}}, {"type": "Feature", "geometry": {"type": "Point", "coordinates": [-84.410602, 33.780558]}, "properties": {"brand": "Flock Safety"}}, {"type": "Feature", "geometry": {"type": "Point", "coordinates": [-84.48858, 33.652538]}, "properties": {"brand": "Flock Safety"}}, {"type": "Feature", "geometry": {"type": "Point", "coordinates": [-84.493238, 33.654084]}, "properties": {"brand": "Flock Safety"}}, {"type": "Feature", "geometry": {"type": "Point", "coordinates": [-84.494279, 33.655988]}, "properties": {"brand": "Flock Safety"}}, {"type": "Feature", "geometry": {"type": "Point", "coordinates": [-84.489444, 33.650453]}, "properties": {"brand": "Flock Safety"}}, {"type": "Feature", "geometry": {"type": "Point", "coordinates": [-84.293459, 34.003047]}, "properties": {"brand": "Flock Safety"}}, {"type": "Feature", "geometry": {"type": "Point", "coordinates": [-84.939863, 34.126791]}, "properties": {"brand": "Flock Safety"}}, {"type": "Feature", "geometry": {"type": "Point", "coordinates": [-84.765567, 34.118887]}, "properties": {"brand": "Flock Safety"}}, {"type": "Feature", "geometry": {"type": "Point", "coordinates": [-84.403127, 33.768575]}, "properties": {"brand": "Flock Safety"}}, {"type": "Feature", "geometry": {"type": "Point", "coordinates": [-84.403316, 33.769723]}, "properties": {"brand": "Flock Safety"}}, {"type": "Feature", "geometry": {"type": "Point", "coordinates": [-84.401542, 33.768845]}, "properties": {"brand": "Flock Safety"}}, {"type": "Feature", "geometry": {"type": "Point", "coordinates": [-84.270211, 33.738433]}, "properties": {"brand": "Flock Safety"}}, {"type": "Feature", "geometry": {"type": "Point", "coordinates": [-84.851014, 33.711328]}, "properties": {"brand": "Flock Safety"}}, {"type": "Feature", "geometry": {"type": "Point", "coordinates": [-84.509077, 33.95082]}, "properties": {"brand": "Flock Safety"}}, {"type": "Feature", "geometry": {"type": "Point", "coordinates": [-84.507769, 33.951307]}, "properties": {"brand": "Flock Safety"}}, {"type": "Feature", "geometry": {"type": "Point", "coordinates": [-84.468754, 33.895268]}, "properties": {"brand": "Flock Safety"}}, {"type": "Feature", "geometry": {"type": "Point", "coordinates": [-84.459955, 33.911116]}, "properties": {"brand": "Flock Safety"}}, {"type": "Feature", "geometry": {"type": "Point", "coordinates": [-84.424123, 34.025981]}, "properties": {"brand": "Flock Safety"}}, {"type": "Feature", "geometry": {"type": "Point", "coordinates": [-84.290925, 33.717282]}, "properties": {"brand": "Flock Safety"}}, {"type": "Feature", "geometry": {"type": "Point", "coordinates": [-84.253524, 34.02039]}, "properties": {"brand": "Flock Safety"}}, {"type": "Feature", "geometry": {"type": "Point", "coordinates": [-84.538525, 34.108562]}, "properties": {"brand": "Flock Safety"}}, {"type": "Feature", "geometry": {"type": "Point", "coordinates": [-84.538177, 34.108472]}, "properties": {"brand": "Flock Safety"}}, {"type": "Feature", "geometry": {"type": "Point", "coordinates": [-84.753432, 33.924249]}, "properties": {"brand": "Flock Safety"}}, {"type": "Feature", "geometry": {"type": "Point", "coordinates": [-84.386092, 33.993488]}, "properties": {"brand": "Flock Safety"}}, {"type": "Feature", "geometry": {"type": "Point", "coordinates": [-84.738276, 33.832027]}, "properties": {"brand": "Flock Safety"}}, {"type": "Feature", "geometry": {"type": "Point", "coordinates": [-84.740241, 33.83392]}, "properties": {"brand": "Flock Safety"}}, {"type": "Feature", "geometry": {"type": "Point", "coordinates": [-84.358031, 33.843532]}, "properties": {"brand": "Flock Safety"}}, {"type": "Feature", "geometry": {"type": "Point", "coordinates": [-84.267588, 33.754643]}, "properties": {"brand": "Flock Safety"}}, {"type": "Feature", "geometry": {"type": "Point", "coordinates": [-84.291206, 33.757399]}, "properties": {"brand": "Flock Safety"}}, {"type": "Feature", "geometry": {"type": "Point", "coordinates": [-84.461206, 33.893529]}, "properties": {"brand": "Flock Safety"}}, {"type": "Feature", "geometry": {"type": "Point", "coordinates": [-84.569456, 33.85646]}, "properties": {"brand": "Flock Safety"}}, {"type": "Feature", "geometry": {"type": "Point", "coordinates": [-84.724941, 33.881856]}, "properties": {"brand": "Flock Safety"}}, {"type": "Feature", "geometry": {"type": "Point", "coordinates": [-84.251942, 33.738017]}, "properties": {"brand": "Flock Safety"}}, {"type": "Feature", "geometry": {"type": "Point", "coordinates": [-84.252067, 33.737869]}, "properties": {"brand": "Flock Safety"}}, {"type": "Feature", "geometry": {"type": "Point", "coordinates": [-84.531022, 33.873784]}, "properties": {"brand": "Flock Safety"}}, {"type": "Feature", "geometry": {"type": "Point", "coordinates": [-84.499178, 33.883852]}, "properties": {"brand": "Flock Safety"}}, {"type": "Feature", "geometry": {"type": "Point", "coordinates": [-84.498439, 33.88384]}, "properties": {"brand": "Flock Safety"}}, {"type": "Feature", "geometry": {"type": "Point", "coordinates": [-84.475729, 33.88346]}, "properties": {"brand": "Flock Safety"}}, {"type": "Feature", "geometry": {"type": "Point", "coordinates": [-84.475719, 33.883415]}, "properties": {"brand": "Flock Safety"}}, {"type": "Feature", "geometry": {"type": "Point", "coordinates": [-84.475897, 33.883691]}, "properties": {"brand": "Flock Safety"}}, {"type": "Feature", "geometry": {"type": "Point", "coordinates": [-84.484095, 33.883526]}, "properties": {"brand": "Flock Safety"}}, {"type": "Feature", "geometry": {"type": "Point", "coordinates": [-84.484099, 33.883529]}, "properties": {"brand": "Flock Safety"}}, {"type": "Feature", "geometry": {"type": "Point", "coordinates": [-84.620253, 34.021417]}, "properties": {"brand": "Flock Safety"}}, {"type": "Feature", "geometry": {"type": "Point", "coordinates": [-84.621978, 34.026223]}, "properties": {"brand": "Flock Safety"}}, {"type": "Feature", "geometry": {"type": "Point", "coordinates": [-84.339056, 33.853246]}, "properties": {"brand": "Flock Safety"}}, {"type": "Feature", "geometry": {"type": "Point", "coordinates": [-84.339079, 33.844997]}, "properties": {"brand": "Flock Safety"}}, {"type": "Feature", "geometry": {"type": "Point", "coordinates": [-84.306247, 34.03773]}, "properties": {"brand": "Flock Safety"}}, {"type": "Feature", "geometry": {"type": "Point", "coordinates": [-84.252381, 34.046223]}, "properties": {"brand": "Flock Safety"}}, {"type": "Feature", "geometry": {"type": "Point", "coordinates": [-84.37483, 33.822841]}, "properties": {"brand": "Flock Safety"}}, {"type": "Feature", "geometry": {"type": "Point", "coordinates": [-84.302392, 33.960863]}, "properties": {"brand": "Flock Safety"}}, {"type": "Feature", "geometry": {"type": "Point", "coordinates": [-84.296643, 33.920933]}, "properties": {"brand": "Flock Safety"}}, {"type": "Feature", "geometry": {"type": "Point", "coordinates": [-84.302803, 33.957423]}, "properties": {"brand": "Flock Safety"}}, {"type": "Feature", "geometry": {"type": "Point", "coordinates": [-84.384143, 33.756639]}, "properties": {"brand": "Flock Safety"}}, {"type": "Feature", "geometry": {"type": "Point", "coordinates": [-84.384369, 33.756654]}, "properties": {"brand": "Flock Safety"}}, {"type": "Feature", "geometry": {"type": "Point", "coordinates": [-84.382213, 33.754591]}, "properties": {"brand": "Flock Safety"}}, {"type": "Feature", "geometry": {"type": "Point", "coordinates": [-84.494026, 33.867985]}, "properties": {"brand": "Flock Safety"}}, {"type": "Feature", "geometry": {"type": "Point", "coordinates": [-84.374306, 33.79168]}, "properties": {"brand": "Flock Safety"}}, {"type": "Feature", "geometry": {"type": "Point", "coordinates": [-84.512418, 33.87985]}, "properties": {"brand": "Flock Safety"}}, {"type": "Feature", "geometry": {"type": "Point", "coordinates": [-84.513919, 33.88035]}, "properties": {"brand": "Flock Safety"}}, {"type": "Feature", "geometry": {"type": "Point", "coordinates": [-84.511776, 33.880194]}, "properties": {"brand": "Flock Safety"}}, {"type": "Feature", "geometry": {"type": "Point", "coordinates": [-84.530288, 33.874093]}, "properties": {"brand": "Flock Safety"}}, {"type": "Feature", "geometry": {"type": "Point", "coordinates": [-84.280097, 33.920518]}, "properties": {"brand": "Flock Safety"}}, {"type": "Feature", "geometry": {"type": "Point", "coordinates": [-84.350394, 33.715549]}, "properties": {"brand": "Flock Safety"}}, {"type": "Feature", "geometry": {"type": "Point", "coordinates": [-84.396342, 33.808131]}, "properties": {"brand": "Flock Safety"}}, {"type": "Feature", "geometry": {"type": "Point", "coordinates": [-84.397798, 33.808527]}, "properties": {"brand": "Flock Safety"}}, {"type": "Feature", "geometry": {"type": "Point", "coordinates": [-84.397857, 33.808613]}, "properties": {"brand": "Flock Safety"}}, {"type": "Feature", "geometry": {"type": "Point", "coordinates": [-84.295207, 34.009436]}, "properties": {"brand": "Flock Safety"}}, {"type": "Feature", "geometry": {"type": "Point", "coordinates": [-84.781076, 33.882765]}, "properties": {"brand": "Flock Safety"}}, {"type": "Feature", "geometry": {"type": "Point", "coordinates": [-84.793062, 33.910446]}, "properties": {"brand": "Flock Safety"}}, {"type": "Feature", "geometry": {"type": "Point", "coordinates": [-84.779698, 33.90081]}, "properties": {"brand": "Flock Safety"}}, {"type": "Feature", "geometry": {"type": "Point", "coordinates": [-84.512647, 33.880494]}, "properties": {"brand": "Flock Safety"}}, {"type": "Feature", "geometry": {"type": "Point", "coordinates": [-84.336912, 33.75762]}, "properties": {"brand": "Flock Safety"}}, {"type": "Feature", "geometry": {"type": "Point", "coordinates": [-84.346645, 33.758583]}, "properties": {"brand": "Flock Safety"}}, {"type": "Feature", "geometry": {"type": "Point", "coordinates": [-84.347601, 33.758816]}, "properties": {"brand": "Flock Safety"}}, {"type": "Feature", "geometry": {"type": "Point", "coordinates": [-84.393581, 33.809088]}, "properties": {"brand": "Flock Safety"}}, {"type": "Feature", "geometry": {"type": "Point", "coordinates": [-84.427432, 33.840809]}, "properties": {"brand": "Flock Safety"}}, {"type": "Feature", "geometry": {"type": "Point", "coordinates": [-84.427475, 33.840671]}, "properties": {"brand": "Flock Safety"}}, {"type": "Feature", "geometry": {"type": "Point", "coordinates": [-84.315409, 33.915845]}, "properties": {"brand": "Flock Safety"}}, {"type": "Feature", "geometry": {"type": "Point", "coordinates": [-84.314722, 33.920911]}, "properties": {"brand": "Flock Safety"}}, {"type": "Feature", "geometry": {"type": "Point", "coordinates": [-84.343051, 34.037499]}, "properties": {"brand": "Flock Safety"}}, {"type": "Feature", "geometry": {"type": "Point", "coordinates": [-84.329503, 34.023805]}, "properties": {"brand": "Flock Safety"}}, {"type": "Feature", "geometry": {"type": "Point", "coordinates": [-84.363781, 33.935425]}, "properties": {"brand": "Flock Safety"}}, {"type": "Feature", "geometry": {"type": "Point", "coordinates": [-84.314167, 33.921819]}, "properties": {"brand": "Flock Safety"}}, {"type": "Feature", "geometry": {"type": "Point", "coordinates": [-84.313509, 33.919749]}, "properties": {"brand": "Flock Safety"}}, {"type": "Feature", "geometry": {"type": "Point", "coordinates": [-84.304945, 33.919818]}, "properties": {"brand": "Flock Safety"}}, {"type": "Feature", "geometry": {"type": "Point", "coordinates": [-84.254299, 33.974926]}, "properties": {"brand": "Flock Safety"}}, {"type": "Feature", "geometry": {"type": "Point", "coordinates": [-84.25438, 33.974853]}, "properties": {"brand": "Flock Safety"}}, {"type": "Feature", "geometry": {"type": "Point", "coordinates": [-84.260006, 33.982112]}, "properties": {"brand": "Flock Safety"}}, {"type": "Feature", "geometry": {"type": "Point", "coordinates": [-84.272491, 33.954913]}, "properties": {"brand": "Flock Safety"}}, {"type": "Feature", "geometry": {"type": "Point", "coordinates": [-84.307478, 33.962494]}, "properties": {"brand": "Flock Safety"}}, {"type": "Feature", "geometry": {"type": "Point", "coordinates": [-84.303752, 33.959978]}, "properties": {"brand": "Flock Safety"}}, {"type": "Feature", "geometry": {"type": "Point", "coordinates": [-84.253478, 33.973617]}, "properties": {"brand": "Flock Safety"}}, {"type": "Feature", "geometry": {"type": "Point", "coordinates": [-84.253502, 33.973465]}, "properties": {"brand": "Flock Safety"}}, {"type": "Feature", "geometry": {"type": "Point", "coordinates": [-84.338012, 33.971471]}, "properties": {"brand": "Flock Safety"}}, {"type": "Feature", "geometry": {"type": "Point", "coordinates": [-84.342769, 33.969527]}, "properties": {"brand": "Flock Safety"}}, {"type": "Feature", "geometry": {"type": "Point", "coordinates": [-84.348226, 33.960849]}, "properties": {"brand": "Flock Safety"}}, {"type": "Feature", "geometry": {"type": "Point", "coordinates": [-84.34959, 33.959946]}, "properties": {"brand": "Flock Safety"}}, {"type": "Feature", "geometry": {"type": "Point", "coordinates": [-84.365613, 33.955763]}, "properties": {"brand": "Flock Safety"}}, {"type": "Feature", "geometry": {"type": "Point", "coordinates": [-84.403202, 33.943261]}, "properties": {"brand": "Flock Safety"}}, {"type": "Feature", "geometry": {"type": "Point", "coordinates": [-84.252826, 34.021557]}, "properties": {"brand": "Flock Safety"}}, {"type": "Feature", "geometry": {"type": "Point", "coordinates": [-84.357921, 33.956162]}, "properties": {"brand": "Flock Safety"}}, {"type": "Feature", "geometry": {"type": "Point", "coordinates": [-84.344524, 33.95939]}, "properties": {"brand": "Flock Safety"}}, {"type": "Feature", "geometry": {"type": "Point", "coordinates": [-84.345579, 33.969039]}, "properties": {"brand": "Flock Safety"}}, {"type": "Feature", "geometry": {"type": "Point", "coordinates": [-84.345633, 33.969317]}, "properties": {"brand": "Flock Safety"}}, {"type": "Feature", "geometry": {"type": "Point", "coordinates": [-84.345757, 33.969437]}, "properties": {"brand": "Flock Safety"}}, {"type": "Feature", "geometry": {"type": "Point", "coordinates": [-84.336212, 33.970524]}, "properties": {"brand": "Flock Safety"}}, {"type": "Feature", "geometry": {"type": "Point", "coordinates": [-84.327345, 33.967853]}, "properties": {"brand": "Flock Safety"}}, {"type": "Feature", "geometry": {"type": "Point", "coordinates": [-84.32365, 33.967282]}, "properties": {"brand": "Flock Safety"}}, {"type": "Feature", "geometry": {"type": "Point", "coordinates": [-84.336659, 33.951977]}, "properties": {"brand": "Flock Safety"}}, {"type": "Feature", "geometry": {"type": "Point", "coordinates": [-84.335822, 33.95694]}, "properties": {"brand": "Flock Safety"}}, {"type": "Feature", "geometry": {"type": "Point", "coordinates": [-84.336451, 33.959121]}, "properties": {"brand": "Flock Safety"}}, {"type": "Feature", "geometry": {"type": "Point", "coordinates": [-84.339169, 33.970566]}, "properties": {"brand": "Flock Safety"}}, {"type": "Feature", "geometry": {"type": "Point", "coordinates": [-84.338775, 33.968996]}, "properties": {"brand": "Flock Safety"}}, {"type": "Feature", "geometry": {"type": "Point", "coordinates": [-84.389705, 33.93499]}, "properties": {"brand": "Flock Safety"}}, {"type": "Feature", "geometry": {"type": "Point", "coordinates": [-84.389128, 33.936137]}, "properties": {"brand": "Flock Safety"}}, {"type": "Feature", "geometry": {"type": "Point", "coordinates": [-84.309613, 33.871202]}, "properties": {"brand": "Flock Safety"}}, {"type": "Feature", "geometry": {"type": "Point", "coordinates": [-84.310835, 33.871276]}, "properties": {"brand": "Flock Safety"}}, {"type": "Feature", "geometry": {"type": "Point", "coordinates": [-84.524329, 33.901522]}, "properties": {"brand": "Flock Safety"}}, {"type": "Feature", "geometry": {"type": "Point", "coordinates": [-84.521107, 33.894539]}, "properties": {"brand": "Flock Safety"}}, {"type": "Feature", "geometry": {"type": "Point", "coordinates": [-84.580661, 33.736043]}, "properties": {"brand": ""}}, {"type": "Feature", "geometry": {"type": "Point", "coordinates": [-84.400014, 34.014569]}, "properties": {"brand": "Flock Safety"}}, {"type": "Feature", "geometry": {"type": "Point", "coordinates": [-84.40015, 34.015158]}, "properties": {"brand": "Flock Safety"}}, {"type": "Feature", "geometry": {"type": "Point", "coordinates": [-84.338107, 33.954077]}, "properties": {"brand": "Flock Safety"}}, {"type": "Feature", "geometry": {"type": "Point", "coordinates": [-84.366881, 33.79309]}, "properties": {"brand": "Flock Safety"}}, {"type": "Feature", "geometry": {"type": "Point", "coordinates": [-84.679301, 33.864797]}, "properties": {"brand": "Flock Safety"}}, {"type": "Feature", "geometry": {"type": "Point", "coordinates": [-84.660525, 33.952667]}, "properties": {"brand": "Flock Safety"}}, {"type": "Feature", "geometry": {"type": "Point", "coordinates": [-84.659026, 33.95304]}, "properties": {"brand": "Flock Safety"}}, {"type": "Feature", "geometry": {"type": "Point", "coordinates": [-84.745402, 33.881081]}, "properties": {"brand": "Flock Safety"}}, {"type": "Feature", "geometry": {"type": "Point", "coordinates": [-84.320792, 33.789047]}, "properties": {"brand": "Flock Safety"}}, {"type": "Feature", "geometry": {"type": "Point", "coordinates": [-84.416511, 33.881628]}, "properties": {"brand": "Flock Safety"}}, {"type": "Feature", "geometry": {"type": "Point", "coordinates": [-84.482766, 33.863307]}, "properties": {"brand": "Flock Safety"}}, {"type": "Feature", "geometry": {"type": "Point", "coordinates": [-84.482798, 33.863413]}, "properties": {"brand": "Flock Safety"}}, {"type": "Feature", "geometry": {"type": "Point", "coordinates": [-84.515687, 33.887037]}, "properties": {"brand": "Flock Safety"}}, {"type": "Feature", "geometry": {"type": "Point", "coordinates": [-84.515693, 33.887039]}, "properties": {"brand": "Flock Safety"}}, {"type": "Feature", "geometry": {"type": "Point", "coordinates": [-84.514168, 33.883914]}, "properties": {"brand": "Flock Safety"}}, {"type": "Feature", "geometry": {"type": "Point", "coordinates": [-84.514448, 33.88438]}, "properties": {"brand": "Flock Safety"}}, {"type": "Feature", "geometry": {"type": "Point", "coordinates": [-84.514569, 33.883881]}, "properties": {"brand": "Flock Safety"}}, {"type": "Feature", "geometry": {"type": "Point", "coordinates": [-84.514635, 33.884076]}, "properties": {"brand": "Flock Safety"}}, {"type": "Feature", "geometry": {"type": "Point", "coordinates": [-84.381351, 33.896437]}, "properties": {"brand": "Flock Safety"}}, {"type": "Feature", "geometry": {"type": "Point", "coordinates": [-84.833636, 33.881097]}, "properties": {"brand": "Flock Safety"}}, {"type": "Feature", "geometry": {"type": "Point", "coordinates": [-84.537793, 33.894417]}, "properties": {"brand": "Flock Safety"}}, {"type": "Feature", "geometry": {"type": "Point", "coordinates": [-84.26947, 33.764933]}, "properties": {"brand": "Flock Safety"}}, {"type": "Feature", "geometry": {"type": "Point", "coordinates": [-84.335689, 33.747445]}, "properties": {"brand": "Flock Safety"}}, {"type": "Feature", "geometry": {"type": "Point", "coordinates": [-84.336445, 33.747448]}, "properties": {"brand": "Flock Safety"}}, {"type": "Feature", "geometry": {"type": "Point", "coordinates": [-84.637217, 33.772213]}, "properties": {"brand": "Flock Safety"}}, {"type": "Feature", "geometry": {"type": "Point", "coordinates": [-84.546394, 33.87694]}, "properties": {"brand": "Flock Safety"}}, {"type": "Feature", "geometry": {"type": "Point", "coordinates": [-84.429557, 33.801757]}, "properties": {"brand": "Flock Safety"}}, {"type": "Feature", "geometry": {"type": "Point", "coordinates": [-84.428198, 33.801081]}, "properties": {"brand": "Flock Safety"}}, {"type": "Feature", "geometry": {"type": "Point", "coordinates": [-84.785984, 34.153641]}, "properties": {"brand": "Flock Safety"}}, {"type": "Feature", "geometry": {"type": "Point", "coordinates": [-84.657347, 33.798091]}, "properties": {"brand": "Flock Safety"}}, {"type": "Feature", "geometry": {"type": "Point", "coordinates": [-84.352603, 33.901751]}, "properties": {"brand": "Flock Safety"}}, {"type": "Feature", "geometry": {"type": "Point", "coordinates": [-84.427077, 33.804587]}, "properties": {"brand": "Flock Safety"}}, {"type": "Feature", "geometry": {"type": "Point", "coordinates": [-84.430941, 33.802486]}, "properties": {"brand": "Flock Safety"}}, {"type": "Feature", "geometry": {"type": "Point", "coordinates": [-84.517665, 33.894364]}, "properties": {"brand": "Flock Safety"}}, {"type": "Feature", "geometry": {"type": "Point", "coordinates": [-84.433782, 33.805205]}, "properties": {"brand": "Flock Safety"}}, {"type": "Feature", "geometry": {"type": "Point", "coordinates": [-84.429613, 33.806415]}, "properties": {"brand": "Flock Safety"}}, {"type": "Feature", "geometry": {"type": "Point", "coordinates": [-84.636906, 33.925766]}, "properties": {"brand": "Flock Safety"}}, {"type": "Feature", "geometry": {"type": "Point", "coordinates": [-84.830151, 33.921213]}, "properties": {"brand": "Flock Safety"}}, {"type": "Feature", "geometry": {"type": "Point", "coordinates": [-84.41744, 33.746611]}, "properties": {"brand": "Flock Safety"}}, {"type": "Feature", "geometry": {"type": "Point", "coordinates": [-84.325441, 33.7887]}, "properties": {"brand": "Flock Safety"}}, {"type": "Feature", "geometry": {"type": "Point", "coordinates": [-84.38421, 33.754556]}, "properties": {"brand": "Flock Safety"}}, {"type": "Feature", "geometry": {"type": "Point", "coordinates": [-84.754124, 33.893485]}, "properties": {"brand": "Flock Safety"}}, {"type": "Feature", "geometry": {"type": "Point", "coordinates": [-84.533316, 34.102582]}, "properties": {"brand": "Flock Safety"}}, {"type": "Feature", "geometry": {"type": "Point", "coordinates": [-84.30299, 33.758199]}, "properties": {"brand": "Flock Safety"}}, {"type": "Feature", "geometry": {"type": "Point", "coordinates": [-84.497934, 33.815429]}, "properties": {"brand": "Flock Safety"}}, {"type": "Feature", "geometry": {"type": "Point", "coordinates": [-84.497746, 33.815866]}, "properties": {"brand": "Flock Safety"}}, {"type": "Feature", "geometry": {"type": "Point", "coordinates": [-84.4973, 33.816731]}, "properties": {"brand": "Flock Safety"}}, {"type": "Feature", "geometry": {"type": "Point", "coordinates": [-84.496616, 33.817825]}, "properties": {"brand": "Flock Safety"}}, {"type": "Feature", "geometry": {"type": "Point", "coordinates": [-84.471588, 33.882522]}, "properties": {"brand": "Flock Safety"}}, {"type": "Feature", "geometry": {"type": "Point", "coordinates": [-84.73108, 33.886612]}, "properties": {"brand": "Flock Safety"}}, {"type": "Feature", "geometry": {"type": "Point", "coordinates": [-84.270024, 33.920377]}, "properties": {"brand": "Flock Safety"}}, {"type": "Feature", "geometry": {"type": "Point", "coordinates": [-84.337686, 33.781728]}, "properties": {"brand": "Flock Safety"}}, {"type": "Feature", "geometry": {"type": "Point", "coordinates": [-84.321812, 33.795289]}, "properties": {"brand": "Flock Safety"}}, {"type": "Feature", "geometry": {"type": "Point", "coordinates": [-84.781013, 33.885219]}, "properties": {"brand": "Flock Safety"}}, {"type": "Feature", "geometry": {"type": "Point", "coordinates": [-84.353557, 33.891043]}, "properties": {"brand": "Flock Safety"}}, {"type": "Feature", "geometry": {"type": "Point", "coordinates": [-84.601007, 33.768675]}, "properties": {"brand": "Flock Safety"}}, {"type": "Feature", "geometry": {"type": "Point", "coordinates": [-84.601381, 33.768238]}, "properties": {"brand": "Flock Safety"}}, {"type": "Feature", "geometry": {"type": "Point", "coordinates": [-84.668312, 33.776355]}, "properties": {"brand": "Flock Safety"}}, {"type": "Feature", "geometry": {"type": "Point", "coordinates": [-84.668084, 33.778657]}, "properties": {"brand": "Flock Safety"}}, {"type": "Feature", "geometry": {"type": "Point", "coordinates": [-84.752167, 33.780607]}, "properties": {"brand": "Flock Safety"}}, {"type": "Feature", "geometry": {"type": "Point", "coordinates": [-84.527738, 33.960637]}, "properties": {"brand": "Flock Safety"}}, {"type": "Feature", "geometry": {"type": "Point", "coordinates": [-84.333684, 33.803523]}, "properties": {"brand": "Flock Safety"}}, {"type": "Feature", "geometry": {"type": "Point", "coordinates": [-84.684038, 33.880741]}, "properties": {"brand": "Flock Safety"}}, {"type": "Feature", "geometry": {"type": "Point", "coordinates": [-84.686995, 33.887925]}, "properties": {"brand": "Flock Safety"}}, {"type": "Feature", "geometry": {"type": "Point", "coordinates": [-84.676465, 33.882598]}, "properties": {"brand": "Flock Safety"}}, {"type": "Feature", "geometry": {"type": "Point", "coordinates": [-84.712248, 33.938173]}, "properties": {"brand": "Flock Safety"}}, {"type": "Feature", "geometry": {"type": "Point", "coordinates": [-84.685243, 33.871174]}, "properties": {"brand": "Flock Safety"}}, {"type": "Feature", "geometry": {"type": "Point", "coordinates": [-84.722479, 33.922825]}, "properties": {"brand": "Flock Safety"}}, {"type": "Feature", "geometry": {"type": "Point", "coordinates": [-84.722631, 33.920944]}, "properties": {"brand": "Flock Safety"}}, {"type": "Feature", "geometry": {"type": "Point", "coordinates": [-84.371771, 33.799595]}, "properties": {"brand": "Flock Safety"}}, {"type": "Feature", "geometry": {"type": "Point", "coordinates": [-84.372568, 33.799376]}, "properties": {"brand": "Flock Safety"}}, {"type": "Feature", "geometry": {"type": "Point", "coordinates": [-84.348944, 33.918625]}, "properties": {"brand": "Flock Safety"}}, {"type": "Feature", "geometry": {"type": "Point", "coordinates": [-84.310178, 33.715275]}, "properties": {"brand": "Flock Safety"}}, {"type": "Feature", "geometry": {"type": "Point", "coordinates": [-84.415377, 33.755233]}, "properties": {"brand": "Flock Safety"}}, {"type": "Feature", "geometry": {"type": "Point", "coordinates": [-84.366962, 33.793067]}, "properties": {"brand": "Flock Safety"}}, {"type": "Feature", "geometry": {"type": "Point", "coordinates": [-84.27413, 33.901263]}, "properties": {"brand": "Flock Safety"}}, {"type": "Feature", "geometry": {"type": "Point", "coordinates": [-84.27309, 33.900466]}, "properties": {"brand": "Flock Safety"}}, {"type": "Feature", "geometry": {"type": "Point", "coordinates": [-84.314808, 33.845649]}, "properties": {"brand": "Flock Safety"}}, {"type": "Feature", "geometry": {"type": "Point", "coordinates": [-84.306789, 33.844978]}, "properties": {"brand": "Flock Safety"}}, {"type": "Feature", "geometry": {"type": "Point", "coordinates": [-84.363246, 34.019269]}, "properties": {"brand": "Flock Safety"}}, {"type": "Feature", "geometry": {"type": "Point", "coordinates": [-84.384045, 33.762315]}, "properties": {"brand": "Genetec"}}, {"type": "Feature", "geometry": {"type": "Point", "coordinates": [-84.391935, 33.771207]}, "properties": {"brand": "Genetec"}}, {"type": "Feature", "geometry": {"type": "Point", "coordinates": [-84.395949, 33.771289]}, "properties": {"brand": "Genetec"}}, {"type": "Feature", "geometry": {"type": "Point", "coordinates": [-84.393713, 33.776823]}, "properties": {"brand": "Genetec"}}, {"type": "Feature", "geometry": {"type": "Point", "coordinates": [-84.391993, 33.776966]}, "properties": {"brand": "Genetec"}}, {"type": "Feature", "geometry": {"type": "Point", "coordinates": [-84.381896, 33.772622]}, "properties": {"brand": "Flock Safety"}}, {"type": "Feature", "geometry": {"type": "Point", "coordinates": [-84.382004, 33.771391]}, "properties": {"brand": "Axon Enterprise"}}, {"type": "Feature", "geometry": {"type": "Point", "coordinates": [-84.381817, 33.771411]}, "properties": {"brand": "Genetec"}}, {"type": "Feature", "geometry": {"type": "Point", "coordinates": [-84.367395, 33.795243]}, "properties": {"brand": "Flock Safety"}}, {"type": "Feature", "geometry": {"type": "Point", "coordinates": [-84.323074, 33.797612]}, "properties": {"brand": "Flock Safety"}}, {"type": "Feature", "geometry": {"type": "Point", "coordinates": [-84.341756, 33.771269]}, "properties": {"brand": "Flock Safety"}}, {"type": "Feature", "geometry": {"type": "Point", "coordinates": [-84.38945, 33.86197]}, "properties": {"brand": "Flock Safety"}}, {"type": "Feature", "geometry": {"type": "Point", "coordinates": [-84.311013, 33.764982]}, "properties": {"brand": "Flock Safety"}}, {"type": "Feature", "geometry": {"type": "Point", "coordinates": [-84.413901, 33.899533]}, "properties": {"brand": "Flock Safety"}}, {"type": "Feature", "geometry": {"type": "Point", "coordinates": [-84.289056, 34.001946]}, "properties": {"brand": "Flock Safety"}}, {"type": "Feature", "geometry": {"type": "Point", "coordinates": [-84.289105, 34.001655]}, "properties": {"brand": "Flock Safety"}}, {"type": "Feature", "geometry": {"type": "Point", "coordinates": [-84.289355, 34.001727]}, "properties": {"brand": "Flock Safety"}}, {"type": "Feature", "geometry": {"type": "Point", "coordinates": [-84.577083, 33.919238]}, "properties": {"brand": "Flock Safety"}}, {"type": "Feature", "geometry": {"type": "Point", "coordinates": [-84.577518, 33.921035]}, "properties": {"brand": "Flock Safety"}}, {"type": "Feature", "geometry": {"type": "Point", "coordinates": [-84.276325, 34.116189]}, "properties": {"brand": "Flock Safety"}}, {"type": "Feature", "geometry": {"type": "Point", "coordinates": [-84.424665, 34.025337]}, "properties": {"brand": "Flock Safety"}}, {"type": "Feature", "geometry": {"type": "Point", "coordinates": [-84.618256, 34.022518]}, "properties": {"brand": "Flock Safety"}}, {"type": "Feature", "geometry": {"type": "Point", "coordinates": [-84.61794, 34.024647]}, "properties": {"brand": "Flock Safety"}}, {"type": "Feature", "geometry": {"type": "Point", "coordinates": [-84.617437, 34.024191]}, "properties": {"brand": "Flock Safety"}}, {"type": "Feature", "geometry": {"type": "Point", "coordinates": [-84.768717, 34.020523]}, "properties": {"brand": "Flock Safety"}}, {"type": "Feature", "geometry": {"type": "Point", "coordinates": [-84.310961, 33.910596]}, "properties": {"brand": "Flock Safety"}}, {"type": "Feature", "geometry": {"type": "Point", "coordinates": [-84.369049, 33.947089]}, "properties": {"brand": "Flock Safety"}}, {"type": "Feature", "geometry": {"type": "Point", "coordinates": [-84.278205, 33.887786]}, "properties": {"brand": "Flock Safety"}}, {"type": "Feature", "geometry": {"type": "Point", "coordinates": [-84.271394, 33.882706]}, "properties": {"brand": "Flock Safety"}}, {"type": "Feature", "geometry": {"type": "Point", "coordinates": [-84.272582, 33.885508]}, "properties": {"brand": "Flock Safety"}}, {"type": "Feature", "geometry": {"type": "Point", "coordinates": [-84.27659, 33.895584]}, "properties": {"brand": "Flock Safety"}}, {"type": "Feature", "geometry": {"type": "Point", "coordinates": [-84.277167, 33.900266]}, "properties": {"brand": "Flock Safety"}}, {"type": "Feature", "geometry": {"type": "Point", "coordinates": [-84.275718, 33.901323]}, "properties": {"brand": "Flock Safety"}}, {"type": "Feature", "geometry": {"type": "Point", "coordinates": [-84.26806, 33.754829]}, "properties": {"brand": "Flock Safety"}}, {"type": "Feature", "geometry": {"type": "Point", "coordinates": [-84.291678, 33.74699]}, "properties": {"brand": "Flock Safety"}}, {"type": "Feature", "geometry": {"type": "Point", "coordinates": [-84.299149, 33.770443]}, "properties": {"brand": "Flock Safety"}}, {"type": "Feature", "geometry": {"type": "Point", "coordinates": [-84.55239, 33.855429]}, "properties": {"brand": "Flock Safety"}}, {"type": "Feature", "geometry": {"type": "Point", "coordinates": [-84.421974, 33.809745]}, "properties": {"brand": "Flock Safety"}}, {"type": "Feature", "geometry": {"type": "Point", "coordinates": [-84.422068, 33.80983]}, "properties": {"brand": "Flock Safety"}}, {"type": "Feature", "geometry": {"type": "Point", "coordinates": [-84.425637, 33.811129]}, "properties": {"brand": "Flock Safety"}}, {"type": "Feature", "geometry": {"type": "Point", "coordinates": [-84.425469, 33.811068]}, "properties": {"brand": "Flock Safety"}}, {"type": "Feature", "geometry": {"type": "Point", "coordinates": [-84.423663, 33.810534]}, "properties": {"brand": "Flock Safety"}}, {"type": "Feature", "geometry": {"type": "Point", "coordinates": [-84.345289, 33.920692]}, "properties": {"brand": "Flock Safety"}}, {"type": "Feature", "geometry": {"type": "Point", "coordinates": [-84.416153, 33.799279]}, "properties": {"brand": "Flock Safety"}}, {"type": "Feature", "geometry": {"type": "Point", "coordinates": [-84.415901, 33.799539]}, "properties": {"brand": "Flock Safety"}}, {"type": "Feature", "geometry": {"type": "Point", "coordinates": [-84.41679, 33.79971]}, "properties": {"brand": "Flock Safety"}}, {"type": "Feature", "geometry": {"type": "Point", "coordinates": [-84.412866, 33.806024]}, "properties": {"brand": "Flock Safety"}}, {"type": "Feature", "geometry": {"type": "Point", "coordinates": [-84.569156, 34.029397]}, "properties": {"brand": "Flock Safety"}}, {"type": "Feature", "geometry": {"type": "Point", "coordinates": [-84.52834, 34.020889]}, "properties": {"brand": "Flock Safety"}}, {"type": "Feature", "geometry": {"type": "Point", "coordinates": [-84.526119, 34.025428]}, "properties": {"brand": "Flock Safety"}}, {"type": "Feature", "geometry": {"type": "Point", "coordinates": [-84.364533, 33.956947]}, "properties": {"brand": "Flock Safety"}}, {"type": "Feature", "geometry": {"type": "Point", "coordinates": [-84.365379, 33.959079]}, "properties": {"brand": "Flock Safety"}}, {"type": "Feature", "geometry": {"type": "Point", "coordinates": [-84.357197, 33.834475]}, "properties": {"brand": "Flock Safety"}}, {"type": "Feature", "geometry": {"type": "Point", "coordinates": [-84.577104, 34.087584]}, "properties": {"brand": "Flock Safety"}}, {"type": "Feature", "geometry": {"type": "Point", "coordinates": [-84.498554, 33.896264]}, "properties": {"brand": "Flock Safety"}}, {"type": "Feature", "geometry": {"type": "Point", "coordinates": [-84.499295, 33.896222]}, "properties": {"brand": "Flock Safety"}}, {"type": "Feature", "geometry": {"type": "Point", "coordinates": [-84.420218, 34.181759]}, "properties": {"brand": "Flock Safety"}}, {"type": "Feature", "geometry": {"type": "Point", "coordinates": [-84.30034, 33.773489]}, "properties": {"brand": "Flock Safety"}}, {"type": "Feature", "geometry": {"type": "Point", "coordinates": [-84.430313, 33.893785]}, "properties": {"brand": "Flock Safety"}}, {"type": "Feature", "geometry": {"type": "Point", "coordinates": [-84.429533, 33.907823]}, "properties": {"brand": "Flock Safety"}}, {"type": "Feature", "geometry": {"type": "Point", "coordinates": [-84.427943, 33.901801]}, "properties": {"brand": "Flock Safety"}}, {"type": "Feature", "geometry": {"type": "Point", "coordinates": [-84.893035, 33.678596]}, "properties": {"brand": "Flock Safety"}}, {"type": "Feature", "geometry": {"type": "Point", "coordinates": [-84.808192, 33.730398]}, "properties": {"brand": "Flock Safety"}}, {"type": "Feature", "geometry": {"type": "Point", "coordinates": [-84.777887, 33.74216]}, "properties": {"brand": "Flock Safety"}}, {"type": "Feature", "geometry": {"type": "Point", "coordinates": [-84.338674, 33.919158]}, "properties": {"brand": "Flock Safety"}}, {"type": "Feature", "geometry": {"type": "Point", "coordinates": [-84.339796, 33.920653]}, "properties": {"brand": "Flock Safety"}}, {"type": "Feature", "geometry": {"type": "Point", "coordinates": [-84.256035, 33.77262]}, "properties": {"brand": "Flock Safety"}}, {"type": "Feature", "geometry": {"type": "Point", "coordinates": [-84.872656, 34.18682]}, "properties": {"brand": "Flock Safety"}}, {"type": "Feature", "geometry": {"type": "Point", "coordinates": [-84.429668, 33.895309]}, "properties": {"brand": "Flock Safety"}}, {"type": "Feature", "geometry": {"type": "Point", "coordinates": [-84.4117, 33.876635]}, "properties": {"brand": "Flock Safety"}}, {"type": "Feature", "geometry": {"type": "Point", "coordinates": [-84.403327, 33.859894]}, "properties": {"brand": "Flock Safety"}}, {"type": "Feature", "geometry": {"type": "Point", "coordinates": [-84.383026, 33.854614]}, "properties": {"brand": "Flock Safety"}}, {"type": "Feature", "geometry": {"type": "Point", "coordinates": [-84.382833, 33.853172]}, "properties": {"brand": "Flock Safety"}}, {"type": "Feature", "geometry": {"type": "Point", "coordinates": [-84.382567, 33.853401]}, "properties": {"brand": "Flock Safety"}}, {"type": "Feature", "geometry": {"type": "Point", "coordinates": [-84.376425, 33.837125]}, "properties": {"brand": "Flock Safety"}}, {"type": "Feature", "geometry": {"type": "Point", "coordinates": [-84.376425, 33.837125]}, "properties": {"brand": "Genetec"}}, {"type": "Feature", "geometry": {"type": "Point", "coordinates": [-84.316601, 33.791514]}, "properties": {"brand": "Flock Safety"}}, {"type": "Feature", "geometry": {"type": "Point", "coordinates": [-84.579981, 34.036504]}, "properties": {"brand": "Flock Safety"}}, {"type": "Feature", "geometry": {"type": "Point", "coordinates": [-84.535823, 33.95048]}, "properties": {"brand": "Flock Safety"}}, {"type": "Feature", "geometry": {"type": "Point", "coordinates": [-84.553908, 33.970272]}, "properties": {"brand": "Flock Safety"}}, {"type": "Feature", "geometry": {"type": "Point", "coordinates": [-84.550734, 33.970345]}, "properties": {"brand": "Flock Safety"}}, {"type": "Feature", "geometry": {"type": "Point", "coordinates": [-84.551537, 33.773669]}, "properties": {"brand": "Flock Safety"}}, {"type": "Feature", "geometry": {"type": "Point", "coordinates": [-84.551749, 33.773765]}, "properties": {"brand": "Flock Safety"}}, {"type": "Feature", "geometry": {"type": "Point", "coordinates": [-84.473032, 33.881287]}, "properties": {"brand": "Flock Safety"}}, {"type": "Feature", "geometry": {"type": "Point", "coordinates": [-84.477313, 33.874292]}, "properties": {"brand": "Flock Safety"}}, {"type": "Feature", "geometry": {"type": "Point", "coordinates": [-84.4775, 33.874281]}, "properties": {"brand": "Flock Safety"}}, {"type": "Feature", "geometry": {"type": "Point", "coordinates": [-84.31056, 33.759232]}, "properties": {"brand": "Flock Safety"}}, {"type": "Feature", "geometry": {"type": "Point", "coordinates": [-84.309546, 33.753712]}, "properties": {"brand": "Flock Safety"}}, {"type": "Feature", "geometry": {"type": "Point", "coordinates": [-84.263358, 34.093181]}, "properties": {"brand": "Flock Safety"}}, {"type": "Feature", "geometry": {"type": "Point", "coordinates": [-84.366859, 34.075798]}, "properties": {"brand": "Flock Safety"}}, {"type": "Feature", "geometry": {"type": "Point", "coordinates": [-84.358553, 33.781974]}, "properties": {"brand": "Flock Safety"}}, {"type": "Feature", "geometry": {"type": "Point", "coordinates": [-84.343084, 33.794431]}, "properties": {"brand": "Flock Safety"}}, {"type": "Feature", "geometry": {"type": "Point", "coordinates": [-84.329483, 33.787826]}, "properties": {"brand": "Flock Safety"}}, {"type": "Feature", "geometry": {"type": "Point", "coordinates": [-84.329575, 33.787949]}, "properties": {"brand": "Flock Safety"}}, {"type": "Feature", "geometry": {"type": "Point", "coordinates": [-84.305769, 33.795131]}, "properties": {"brand": "Flock Safety"}}, {"type": "Feature", "geometry": {"type": "Point", "coordinates": [-84.307608, 33.798525]}, "properties": {"brand": "Flock Safety"}}, {"type": "Feature", "geometry": {"type": "Point", "coordinates": [-84.30754, 33.798248]}, "properties": {"brand": "Flock Safety"}}, {"type": "Feature", "geometry": {"type": "Point", "coordinates": [-84.29101, 33.793739]}, "properties": {"brand": "Flock Safety"}}, {"type": "Feature", "geometry": {"type": "Point", "coordinates": [-84.284167, 33.791837]}, "properties": {"brand": "Flock Safety"}}, {"type": "Feature", "geometry": {"type": "Point", "coordinates": [-84.28593, 33.792349]}, "properties": {"brand": "Flock Safety"}}, {"type": "Feature", "geometry": {"type": "Point", "coordinates": [-84.640524, 33.931961]}, "properties": {"brand": "Flock Safety"}}, {"type": "Feature", "geometry": {"type": "Point", "coordinates": [-84.52043, 33.894058]}, "properties": {"brand": "Flock Safety"}}, {"type": "Feature", "geometry": {"type": "Point", "coordinates": [-84.485756, 33.903255]}, "properties": {"brand": "Motorola Solutions"}}, {"type": "Feature", "geometry": {"type": "Point", "coordinates": [-84.34312, 33.826873]}, "properties": {"brand": "Flock Safety"}}, {"type": "Feature", "geometry": {"type": "Point", "coordinates": [-84.287166, 33.861207]}, "properties": {"brand": "Flock Safety"}}, {"type": "Feature", "geometry": {"type": "Point", "coordinates": [-84.290253, 33.862429]}, "properties": {"brand": "Flock Safety"}}, {"type": "Feature", "geometry": {"type": "Point", "coordinates": [-84.366564, 33.776048]}, "properties": {"brand": "Flock Safety"}}, {"type": "Feature", "geometry": {"type": "Point", "coordinates": [-84.367295, 33.775868]}, "properties": {"brand": "Flock Safety"}}, {"type": "Feature", "geometry": {"type": "Point", "coordinates": [-84.262238, 34.04825]}, "properties": {"brand": ""}}, {"type": "Feature", "geometry": {"type": "Point", "coordinates": [-84.252517, 34.046017]}, "properties": {"brand": ""}}, {"type": "Feature", "geometry": {"type": "Point", "coordinates": [-84.252672, 34.046208]}, "properties": {"brand": ""}}, {"type": "Feature", "geometry": {"type": "Point", "coordinates": [-84.267575, 34.050249]}, "properties": {"brand": ""}}, {"type": "Feature", "geometry": {"type": "Point", "coordinates": [-84.513185, 33.950578]}, "properties": {"brand": "Flock Safety"}}, {"type": "Feature", "geometry": {"type": "Point", "coordinates": [-84.333431, 33.74759]}, "properties": {"brand": "Flock Safety"}}, {"type": "Feature", "geometry": {"type": "Point", "coordinates": [-84.264199, 34.063928]}, "properties": {"brand": ""}}, {"type": "Feature", "geometry": {"type": "Point", "coordinates": [-84.260759, 34.068745]}, "properties": {"brand": ""}}, {"type": "Feature", "geometry": {"type": "Point", "coordinates": [-84.284971, 34.048852]}, "properties": {"brand": ""}}, {"type": "Feature", "geometry": {"type": "Point", "coordinates": [-84.347625, 33.758936]}, "properties": {"brand": "Flock Safety"}}, {"type": "Feature", "geometry": {"type": "Point", "coordinates": [-84.419183, 33.730984]}, "properties": {"brand": "Flock Safety"}}, {"type": "Feature", "geometry": {"type": "Point", "coordinates": [-84.417661, 33.730206]}, "properties": {"brand": "Flock Safety"}}, {"type": "Feature", "geometry": {"type": "Point", "coordinates": [-84.417713, 33.730283]}, "properties": {"brand": "Flock Safety"}}, {"type": "Feature", "geometry": {"type": "Point", "coordinates": [-84.421198, 33.732115]}, "properties": {"brand": "Flock Safety"}}, {"type": "Feature", "geometry": {"type": "Point", "coordinates": [-84.421836, 33.732475]}, "properties": {"brand": "Flock Safety"}}, {"type": "Feature", "geometry": {"type": "Point", "coordinates": [-84.423128, 33.733118]}, "properties": {"brand": "Flock Safety"}}, {"type": "Feature", "geometry": {"type": "Point", "coordinates": [-84.429856, 33.73707]}, "properties": {"brand": "Flock Safety"}}, {"type": "Feature", "geometry": {"type": "Point", "coordinates": [-84.429148, 33.736554]}, "properties": {"brand": "Flock Safety"}}, {"type": "Feature", "geometry": {"type": "Point", "coordinates": [-84.426843, 33.735346]}, "properties": {"brand": "Flock Safety"}}, {"type": "Feature", "geometry": {"type": "Point", "coordinates": [-84.429941, 33.7372]}, "properties": {"brand": "Flock Safety"}}, {"type": "Feature", "geometry": {"type": "Point", "coordinates": [-84.501245, 33.918146]}, "properties": {"brand": "Flock Safety"}}, {"type": "Feature", "geometry": {"type": "Point", "coordinates": [-84.501245, 33.918146]}, "properties": {"brand": "Flock Safety"}}, {"type": "Feature", "geometry": {"type": "Point", "coordinates": [-84.395817, 33.742082]}, "properties": {"brand": "Flock Safety"}}, {"type": "Feature", "geometry": {"type": "Point", "coordinates": [-84.26275, 33.900126]}, "properties": {"brand": "Flock Safety"}}, {"type": "Feature", "geometry": {"type": "Point", "coordinates": [-84.351286, 33.813408]}, "properties": {"brand": "Flock Safety"}}, {"type": "Feature", "geometry": {"type": "Point", "coordinates": [-84.338331, 33.813961]}, "properties": {"brand": "Flock Safety"}}, {"type": "Feature", "geometry": {"type": "Point", "coordinates": [-84.341308, 33.814947]}, "properties": {"brand": "Flock Safety"}}, {"type": "Feature", "geometry": {"type": "Point", "coordinates": [-84.589362, 34.121199]}, "properties": {"brand": "Flock Safety"}}, {"type": "Feature", "geometry": {"type": "Point", "coordinates": [-84.335436, 33.815509]}, "properties": {"brand": "Flock Safety"}}, {"type": "Feature", "geometry": {"type": "Point", "coordinates": [-84.427436, 33.735722]}, "properties": {"brand": "Flock Safety"}}, {"type": "Feature", "geometry": {"type": "Point", "coordinates": [-84.395817, 33.742082]}, "properties": {"brand": "Flock Safety"}}, {"type": "Feature", "geometry": {"type": "Point", "coordinates": [-84.50108, 33.656412]}, "properties": {"brand": "Flock Safety"}}, {"type": "Feature", "geometry": {"type": "Point", "coordinates": [-84.501675, 33.655405]}, "properties": {"brand": "Flock Safety"}}, {"type": "Feature", "geometry": {"type": "Point", "coordinates": [-84.35748, 33.839753]}, "properties": {"brand": "Flock Safety"}}, {"type": "Feature", "geometry": {"type": "Point", "coordinates": [-84.911872, 33.798807]}, "properties": {"brand": "Flock Safety"}}, {"type": "Feature", "geometry": {"type": "Point", "coordinates": [-84.920035, 33.801959]}, "properties": {"brand": "Flock Safety"}}, {"type": "Feature", "geometry": {"type": "Point", "coordinates": [-84.254838, 33.786771]}, "properties": {"brand": ""}}, {"type": "Feature", "geometry": {"type": "Point", "coordinates": [-84.529629, 34.075543]}, "properties": {"brand": "Flock Safety"}}, {"type": "Feature", "geometry": {"type": "Point", "coordinates": [-84.785554, 33.902351]}, "properties": {"brand": "Flock Safety"}}, {"type": "Feature", "geometry": {"type": "Point", "coordinates": [-84.644429, 33.797576]}, "properties": {"brand": "Flock Safety"}}, {"type": "Feature", "geometry": {"type": "Point", "coordinates": [-84.647926, 33.799356]}, "properties": {"brand": "Flock Safety"}}, {"type": "Feature", "geometry": {"type": "Point", "coordinates": [-84.269324, 34.057117]}, "properties": {"brand": "Flock Safety"}}, {"type": "Feature", "geometry": {"type": "Point", "coordinates": [-84.603311, 33.773232]}, "properties": {"brand": "Flock Safety"}}, {"type": "Feature", "geometry": {"type": "Point", "coordinates": [-84.318419, 33.815459]}, "properties": {"brand": "Flock Safety"}}, {"type": "Feature", "geometry": {"type": "Point", "coordinates": [-84.527874, 34.068877]}, "properties": {"brand": "Flock Safety"}}, {"type": "Feature", "geometry": {"type": "Point", "coordinates": [-84.49138, 33.920303]}, "properties": {"brand": "Flock Safety"}}, {"type": "Feature", "geometry": {"type": "Point", "coordinates": [-84.491054, 33.920188]}, "properties": {"brand": "Flock Safety"}}, {"type": "Feature", "geometry": {"type": "Point", "coordinates": [-84.493362, 33.654519]}, "properties": {"brand": "Flock Safety"}}, {"type": "Feature", "geometry": {"type": "Point", "coordinates": [-84.291272, 33.739008]}, "properties": {"brand": "Flock Safety"}}, {"type": "Feature", "geometry": {"type": "Point", "coordinates": [-84.443675, 34.193284]}, "properties": {"brand": "Flock Safety"}}, {"type": "Feature", "geometry": {"type": "Point", "coordinates": [-84.384164, 33.759621]}, "properties": {"brand": "Flock Safety"}}, {"type": "Feature", "geometry": {"type": "Point", "coordinates": [-84.314504, 33.842684]}, "properties": {"brand": "Flock Safety"}}, {"type": "Feature", "geometry": {"type": "Point", "coordinates": [-84.312113, 33.85766]}, "properties": {"brand": "Flock Safety"}}, {"type": "Feature", "geometry": {"type": "Point", "coordinates": [-84.311566, 33.858414]}, "properties": {"brand": "Flock Safety"}}, {"type": "Feature", "geometry": {"type": "Point", "coordinates": [-84.315495, 33.846144]}, "properties": {"brand": "Flock Safety"}}, {"type": "Feature", "geometry": {"type": "Point", "coordinates": [-84.315609, 33.845552]}, "properties": {"brand": "Flock Safety"}}, {"type": "Feature", "geometry": {"type": "Point", "coordinates": [-84.319996, 33.76299]}, "properties": {"brand": "Flock Safety"}}, {"type": "Feature", "geometry": {"type": "Point", "coordinates": [-84.376359, 33.750105]}, "properties": {"brand": "Flock Safety"}}, {"type": "Feature", "geometry": {"type": "Point", "coordinates": [-84.340871, 33.846256]}, "properties": {"brand": "Flock Safety"}}, {"type": "Feature", "geometry": {"type": "Point", "coordinates": [-84.340276, 33.845456]}, "properties": {"brand": "Flock Safety"}}, {"type": "Feature", "geometry": {"type": "Point", "coordinates": [-84.341425, 33.846634]}, "properties": {"brand": "Flock Safety"}}, {"type": "Feature", "geometry": {"type": "Point", "coordinates": [-84.348718, 33.848579]}, "properties": {"brand": "Flock Safety"}}, {"type": "Feature", "geometry": {"type": "Point", "coordinates": [-84.343502, 33.838528]}, "properties": {"brand": "Flock Safety"}}, {"type": "Feature", "geometry": {"type": "Point", "coordinates": [-84.277945, 34.110009]}, "properties": {"brand": "Flock Safety"}}, {"type": "Feature", "geometry": {"type": "Point", "coordinates": [-84.339083, 33.844766]}, "properties": {"brand": "Flock Safety"}}, {"type": "Feature", "geometry": {"type": "Point", "coordinates": [-84.339083, 33.844766]}, "properties": {"brand": "Flock Safety"}}, {"type": "Feature", "geometry": {"type": "Point", "coordinates": [-84.343067, 33.836836]}, "properties": {"brand": "Flock Safety"}}, {"type": "Feature", "geometry": {"type": "Point", "coordinates": [-84.342364, 33.836086]}, "properties": {"brand": "Flock Safety"}}, {"type": "Feature", "geometry": {"type": "Point", "coordinates": [-84.345297, 33.842712]}, "properties": {"brand": "Flock Safety"}}, {"type": "Feature", "geometry": {"type": "Point", "coordinates": [-84.35364, 33.848239]}, "properties": {"brand": "Flock Safety"}}, {"type": "Feature", "geometry": {"type": "Point", "coordinates": [-84.270045, 33.74189]}, "properties": {"brand": "Flock Safety"}}, {"type": "Feature", "geometry": {"type": "Point", "coordinates": [-84.250735, 33.89563]}, "properties": {"brand": "Flock Safety"}}, {"type": "Feature", "geometry": {"type": "Point", "coordinates": [-84.281854, 33.729615]}, "properties": {"brand": "Flock Safety"}}, {"type": "Feature", "geometry": {"type": "Point", "coordinates": [-84.310379, 33.719824]}, "properties": {"brand": "Flock Safety"}}, {"type": "Feature", "geometry": {"type": "Point", "coordinates": [-84.529531, 34.097033]}, "properties": {"brand": "Flock Safety"}}, {"type": "Feature", "geometry": {"type": "Point", "coordinates": [-84.299251, 33.891809]}, "properties": {"brand": "Flock Safety"}}, {"type": "Feature", "geometry": {"type": "Point", "coordinates": [-84.523213, 33.866008]}, "properties": {"brand": "Flock Safety"}}, {"type": "Feature", "geometry": {"type": "Point", "coordinates": [-84.523213, 33.866008]}, "properties": {"brand": "Flock Safety"}}, {"type": "Feature", "geometry": {"type": "Point", "coordinates": [-84.371971, 33.760299]}, "properties": {"brand": "Genetec"}}, {"type": "Feature", "geometry": {"type": "Point", "coordinates": [-84.520374, 33.894592]}, "properties": {"brand": "Flock Safety"}}, {"type": "Feature", "geometry": {"type": "Point", "coordinates": [-84.288217, 34.070677]}, "properties": {"brand": "Flock Safety"}}, {"type": "Feature", "geometry": {"type": "Point", "coordinates": [-84.288323, 34.070738]}, "properties": {"brand": "Flock Safety"}}, {"type": "Feature", "geometry": {"type": "Point", "coordinates": [-84.367754, 33.85102]}, "properties": {"brand": "Flock Safety"}}, {"type": "Feature", "geometry": {"type": "Point", "coordinates": [-84.367755, 33.85097]}, "properties": {"brand": "Flock Safety"}}, {"type": "Feature", "geometry": {"type": "Point", "coordinates": [-84.367504, 33.850539]}, "properties": {"brand": "Flock Safety"}}, {"type": "Feature", "geometry": {"type": "Point", "coordinates": [-84.36759, 33.850526]}, "properties": {"brand": "Flock Safety"}}, {"type": "Feature", "geometry": {"type": "Point", "coordinates": [-84.803119, 33.911066]}, "properties": {"brand": "Flock Safety"}}, {"type": "Feature", "geometry": {"type": "Point", "coordinates": [-84.290272, 33.910669]}, "properties": {"brand": "Flock Safety"}}, {"type": "Feature", "geometry": {"type": "Point", "coordinates": [-84.651032, 33.76643]}, "properties": {"brand": "Flock Safety"}}, {"type": "Feature", "geometry": {"type": "Point", "coordinates": [-84.651263, 33.766801]}, "properties": {"brand": "Flock Safety"}}, {"type": "Feature", "geometry": {"type": "Point", "coordinates": [-84.652882, 33.770499]}, "properties": {"brand": "Flock Safety"}}, {"type": "Feature", "geometry": {"type": "Point", "coordinates": [-84.298434, 33.895059]}, "properties": {"brand": "Flock Safety"}}, {"type": "Feature", "geometry": {"type": "Point", "coordinates": [-84.298434, 33.895059]}, "properties": {"brand": "Flock Safety"}}, {"type": "Feature", "geometry": {"type": "Point", "coordinates": [-84.304483, 33.955982]}, "properties": {"brand": "Flock Safety"}}, {"type": "Feature", "geometry": {"type": "Point", "coordinates": [-84.292965, 33.857704]}, "properties": {"brand": "Flock Safety"}}, {"type": "Feature", "geometry": {"type": "Point", "coordinates": [-84.292394, 33.862485]}, "properties": {"brand": "Flock Safety"}}, {"type": "Feature", "geometry": {"type": "Point", "coordinates": [-84.885777, 33.914029]}, "properties": {"brand": "Flock Safety"}}, {"type": "Feature", "geometry": {"type": "Point", "coordinates": [-84.291988, 33.862297]}, "properties": {"brand": "Flock Safety"}}, {"type": "Feature", "geometry": {"type": "Point", "coordinates": [-84.291982, 33.862298]}, "properties": {"brand": "Flock Safety"}}, {"type": "Feature", "geometry": {"type": "Point", "coordinates": [-84.271181, 33.942073]}, "properties": {"brand": "Flock Safety"}}, {"type": "Feature", "geometry": {"type": "Point", "coordinates": [-84.652711, 33.770613]}, "properties": {"brand": "Flock Safety"}}, {"type": "Feature", "geometry": {"type": "Point", "coordinates": [-84.287365, 33.862795]}, "properties": {"brand": "Flock Safety"}}, {"type": "Feature", "geometry": {"type": "Point", "coordinates": [-84.288009, 34.062101]}, "properties": {"brand": "Flock Safety"}}, {"type": "Feature", "geometry": {"type": "Point", "coordinates": [-84.287943, 34.062222]}, "properties": {"brand": "Flock Safety"}}, {"type": "Feature", "geometry": {"type": "Point", "coordinates": [-84.486521, 33.980375]}, "properties": {"brand": "Flock Safety"}}, {"type": "Feature", "geometry": {"type": "Point", "coordinates": [-84.436612, 33.788465]}, "properties": {"brand": "Flock Safety"}}, {"type": "Feature", "geometry": {"type": "Point", "coordinates": [-84.510246, 33.967254]}, "properties": {"brand": "Flock Safety"}}, {"type": "Feature", "geometry": {"type": "Point", "coordinates": [-84.432415, 33.806466]}, "properties": {"brand": "Flock Safety"}}, {"type": "Feature", "geometry": {"type": "Point", "coordinates": [-84.373524, 33.73061]}, "properties": {"brand": "Flock Safety"}}, {"type": "Feature", "geometry": {"type": "Point", "coordinates": [-84.794817, 33.784274]}, "properties": {"brand": "Flock Safety"}}, {"type": "Feature", "geometry": {"type": "Point", "coordinates": [-84.378899, 33.718157]}, "properties": {"brand": "Flock Safety"}}, {"type": "Feature", "geometry": {"type": "Point", "coordinates": [-84.259249, 33.916805]}, "properties": {"brand": "Flock Safety"}}, {"type": "Feature", "geometry": {"type": "Point", "coordinates": [-84.303042, 33.773456]}, "properties": {"brand": "Flock Safety"}}, {"type": "Feature", "geometry": {"type": "Point", "coordinates": [-84.841721, 33.91071]}, "properties": {"brand": "Flock Safety"}}, {"type": "Feature", "geometry": {"type": "Point", "coordinates": [-84.725611, 33.819541]}, "properties": {"brand": "Flock Safety"}}, {"type": "Feature", "geometry": {"type": "Point", "coordinates": [-84.724042, 33.812209]}, "properties": {"brand": "Flock Safety"}}, {"type": "Feature", "geometry": {"type": "Point", "coordinates": [-84.691062, 33.802303]}, "properties": {"brand": "Flock Safety"}}, {"type": "Feature", "geometry": {"type": "Point", "coordinates": [-84.671215, 33.805527]}, "properties": {"brand": "Flock Safety"}}, {"type": "Feature", "geometry": {"type": "Point", "coordinates": [-84.698812, 33.844267]}, "properties": {"brand": "Flock Safety"}}, {"type": "Feature", "geometry": {"type": "Point", "coordinates": [-84.677963, 33.793361]}, "properties": {"brand": "Flock Safety"}}, {"type": "Feature", "geometry": {"type": "Point", "coordinates": [-84.376315, 33.835797]}, "properties": {"brand": "Flock Safety"}}, {"type": "Feature", "geometry": {"type": "Point", "coordinates": [-84.429001, 33.805524]}, "properties": {"brand": "Flock Safety"}}, {"type": "Feature", "geometry": {"type": "Point", "coordinates": [-84.434296, 33.806502]}, "properties": {"brand": "Flock Safety"}}, {"type": "Feature", "geometry": {"type": "Point", "coordinates": [-84.280107, 33.748232]}, "properties": {"brand": "Flock Safety"}}, {"type": "Feature", "geometry": {"type": "Point", "coordinates": [-84.315004, 33.924687]}, "properties": {"brand": "Flock Safety"}}, {"type": "Feature", "geometry": {"type": "Point", "coordinates": [-84.40581, 33.853981]}, "properties": {"brand": "Flock Safety"}}, {"type": "Feature", "geometry": {"type": "Point", "coordinates": [-84.405374, 33.856089]}, "properties": {"brand": "Motorola Solutions"}}, {"type": "Feature", "geometry": {"type": "Point", "coordinates": [-84.39494, 33.855294]}, "properties": {"brand": "Flock Safety"}}, {"type": "Feature", "geometry": {"type": "Point", "coordinates": [-84.345945, 33.828403]}, "properties": {"brand": "Flock Safety"}}, {"type": "Feature", "geometry": {"type": "Point", "coordinates": [-84.268174, 33.737368]}, "properties": {"brand": "Flock Safety"}}, {"type": "Feature", "geometry": {"type": "Point", "coordinates": [-84.32505, 33.999973]}, "properties": {"brand": "Flock Safety"}}, {"type": "Feature", "geometry": {"type": "Point", "coordinates": [-84.357535, 33.841492]}, "properties": {"brand": "Flock Safety"}}, {"type": "Feature", "geometry": {"type": "Point", "coordinates": [-84.358255, 33.841457]}, "properties": {"brand": "Flock Safety"}}, {"type": "Feature", "geometry": {"type": "Point", "coordinates": [-84.357595, 33.843511]}, "properties": {"brand": "Flock Safety"}}, {"type": "Feature", "geometry": {"type": "Point", "coordinates": [-84.350634, 33.692727]}, "properties": {"brand": "Flock Safety"}}, {"type": "Feature", "geometry": {"type": "Point", "coordinates": [-84.56535, 34.021366]}, "properties": {"brand": "Flock Safety"}}, {"type": "Feature", "geometry": {"type": "Point", "coordinates": [-84.571366, 34.022234]}, "properties": {"brand": "Flock Safety"}}, {"type": "Feature", "geometry": {"type": "Point", "coordinates": [-84.578989, 34.011612]}, "properties": {"brand": "Flock Safety"}}, {"type": "Feature", "geometry": {"type": "Point", "coordinates": [-84.367911, 33.65368]}, "properties": {"brand": "Flock Safety"}}, {"type": "Feature", "geometry": {"type": "Point", "coordinates": [-84.586293, 33.902993]}, "properties": {"brand": "Flock Safety"}}, {"type": "Feature", "geometry": {"type": "Point", "coordinates": [-84.583086, 33.903436]}, "properties": {"brand": "Flock Safety"}}, {"type": "Feature", "geometry": {"type": "Point", "coordinates": [-84.466632, 33.881422]}, "properties": {"brand": "Flock Safety"}}, {"type": "Feature", "geometry": {"type": "Point", "coordinates": [-84.381008, 33.834856]}, "properties": {"brand": "Flock Safety"}}, {"type": "Feature", "geometry": {"type": "Point", "coordinates": [-84.381589, 33.836966]}, "properties": {"brand": "Flock Safety"}}, {"type": "Feature", "geometry": {"type": "Point", "coordinates": [-84.377575, 33.812235]}, "properties": {"brand": "Flock Safety"}}, {"type": "Feature", "geometry": {"type": "Point", "coordinates": [-84.380479, 33.911055]}, "properties": {"brand": "Flock Safety"}}, {"type": "Feature", "geometry": {"type": "Point", "coordinates": [-84.377578, 33.812231]}, "properties": {"brand": "Flock Safety"}}, {"type": "Feature", "geometry": {"type": "Point", "coordinates": [-84.601479, 34.010068]}, "properties": {"brand": "Flock Safety"}}, {"type": "Feature", "geometry": {"type": "Point", "coordinates": [-84.601538, 34.010165]}, "properties": {"brand": "Flock Safety"}}, {"type": "Feature", "geometry": {"type": "Point", "coordinates": [-84.763125, 33.722084]}, "properties": {"brand": "Flock Safety"}}, {"type": "Feature", "geometry": {"type": "Point", "coordinates": [-84.411776, 33.787755]}, "properties": {"brand": "Flock Safety"}}, {"type": "Feature", "geometry": {"type": "Point", "coordinates": [-84.354057, 33.930266]}, "properties": {"brand": "Flock Safety"}}, {"type": "Feature", "geometry": {"type": "Point", "coordinates": [-84.305142, 34.105363]}, "properties": {"brand": "Flock Safety"}}, {"type": "Feature", "geometry": {"type": "Point", "coordinates": [-84.305458, 34.104936]}, "properties": {"brand": "Flock Safety"}}, {"type": "Feature", "geometry": {"type": "Point", "coordinates": [-84.305075, 34.098521]}, "properties": {"brand": "Flock Safety"}}, {"type": "Feature", "geometry": {"type": "Point", "coordinates": [-84.307875, 34.092265]}, "properties": {"brand": "Flock Safety"}}, {"type": "Feature", "geometry": {"type": "Point", "coordinates": [-84.307875, 34.092265]}, "properties": {"brand": "Flock Safety"}}, {"type": "Feature", "geometry": {"type": "Point", "coordinates": [-84.307875, 34.092265]}, "properties": {"brand": "Flock Safety"}}, {"type": "Feature", "geometry": {"type": "Point", "coordinates": [-84.307875, 34.092265]}, "properties": {"brand": "Flock Safety"}}, {"type": "Feature", "geometry": {"type": "Point", "coordinates": [-84.299978, 34.082424]}, "properties": {"brand": "Flock Safety"}}, {"type": "Feature", "geometry": {"type": "Point", "coordinates": [-84.300572, 34.0829]}, "properties": {"brand": "Flock Safety"}}, {"type": "Feature", "geometry": {"type": "Point", "coordinates": [-84.787361, 34.154018]}, "properties": {"brand": "Flock Safety"}}, {"type": "Feature", "geometry": {"type": "Point", "coordinates": [-84.499063, 33.895581]}, "properties": {"brand": "Flock Safety"}}, {"type": "Feature", "geometry": {"type": "Point", "coordinates": [-84.337598, 34.168642]}, "properties": {"brand": "Flock Safety"}}, {"type": "Feature", "geometry": {"type": "Point", "coordinates": [-84.368174, 33.822411]}, "properties": {"brand": "Flock Safety"}}, {"type": "Feature", "geometry": {"type": "Point", "coordinates": [-84.280726, 33.95557]}, "properties": {"brand": "Flock Safety"}}, {"type": "Feature", "geometry": {"type": "Point", "coordinates": [-84.311718, 33.858457]}, "properties": {"brand": "Flock Safety"}}, {"type": "Feature", "geometry": {"type": "Point", "coordinates": [-84.31483, 33.843111]}, "properties": {"brand": "Flock Safety"}}, {"type": "Feature", "geometry": {"type": "Point", "coordinates": [-84.374645, 33.832115]}, "properties": {"brand": "Flock Safety"}}, {"type": "Feature", "geometry": {"type": "Point", "coordinates": [-84.378525, 33.8285]}, "properties": {"brand": "Flock Safety"}}, {"type": "Feature", "geometry": {"type": "Point", "coordinates": [-84.730756, 33.870766]}, "properties": {"brand": "Flock Safety"}}, {"type": "Feature", "geometry": {"type": "Point", "coordinates": [-84.302184, 33.932433]}, "properties": {"brand": "Flock Safety"}}, {"type": "Feature", "geometry": {"type": "Point", "coordinates": [-84.30219, 33.932431]}, "properties": {"brand": "Flock Safety"}}, {"type": "Feature", "geometry": {"type": "Point", "coordinates": [-84.85124, 34.116995]}, "properties": {"brand": "Flock Safety"}}, {"type": "Feature", "geometry": {"type": "Point", "coordinates": [-84.81569, 34.181487]}, "properties": {"brand": "Flock Safety"}}, {"type": "Feature", "geometry": {"type": "Point", "coordinates": [-84.271273, 34.097928]}, "properties": {"brand": "Flock Safety"}}, {"type": "Feature", "geometry": {"type": "Point", "coordinates": [-84.31988, 34.11834]}, "properties": {"brand": "Flock Safety"}}, {"type": "Feature", "geometry": {"type": "Point", "coordinates": [-84.297238, 33.920702]}, "properties": {"brand": "Genetec"}}, {"type": "Feature", "geometry": {"type": "Point", "coordinates": [-84.293661, 33.751523]}, "properties": {"brand": "Flock Safety"}}, {"type": "Feature", "geometry": {"type": "Point", "coordinates": [-84.621572, 34.003715]}, "properties": {"brand": "Flock Safety"}}, {"type": "Feature", "geometry": {"type": "Point", "coordinates": [-84.621672, 34.003722]}, "properties": {"brand": "Flock Safety"}}, {"type": "Feature", "geometry": {"type": "Point", "coordinates": [-84.376765, 33.725133]}, "properties": {"brand": "Flock Safety"}}, {"type": "Feature", "geometry": {"type": "Point", "coordinates": [-84.377757, 33.724986]}, "properties": {"brand": "Flock Safety"}}, {"type": "Feature", "geometry": {"type": "Point", "coordinates": [-84.376779, 33.724902]}, "properties": {"brand": "Flock Safety"}}, {"type": "Feature", "geometry": {"type": "Point", "coordinates": [-84.376772, 33.725964]}, "properties": {"brand": "Flock Safety"}}, {"type": "Feature", "geometry": {"type": "Point", "coordinates": [-84.364372, 33.729343]}, "properties": {"brand": "Flock Safety"}}, {"type": "Feature", "geometry": {"type": "Point", "coordinates": [-84.303256, 33.916922]}, "properties": {"brand": "Flock Safety"}}, {"type": "Feature", "geometry": {"type": "Point", "coordinates": [-84.334231, 33.946045]}, "properties": {"brand": "Flock Safety"}}, {"type": "Feature", "geometry": {"type": "Point", "coordinates": [-84.294007, 33.93688]}, "properties": {"brand": "Flock Safety"}}, {"type": "Feature", "geometry": {"type": "Point", "coordinates": [-84.465053, 34.148241]}, "properties": {"brand": "Flock Safety"}}, {"type": "Feature", "geometry": {"type": "Point", "coordinates": [-84.364523, 33.730336]}, "properties": {"brand": "Flock Safety"}}, {"type": "Feature", "geometry": {"type": "Point", "coordinates": [-84.447353, 33.684078]}, "properties": {"brand": "Flock Safety"}}, {"type": "Feature", "geometry": {"type": "Point", "coordinates": [-84.334495, 33.697132]}, "properties": {"brand": "Flock Safety"}}, {"type": "Feature", "geometry": {"type": "Point", "coordinates": [-84.417202, 33.991137]}, "properties": {"brand": "Flock Safety"}}, {"type": "Feature", "geometry": {"type": "Point", "coordinates": [-84.443867, 33.705179]}, "properties": {"brand": "Flock Safety"}}, {"type": "Feature", "geometry": {"type": "Point", "coordinates": [-84.402806, 33.746357]}, "properties": {"brand": "Flock Safety"}}, {"type": "Feature", "geometry": {"type": "Point", "coordinates": [-84.39738, 33.750396]}, "properties": {"brand": "Flock Safety"}}, {"type": "Feature", "geometry": {"type": "Point", "coordinates": [-84.39703, 33.750507]}, "properties": {"brand": "Flock Safety"}}, {"type": "Feature", "geometry": {"type": "Point", "coordinates": [-84.338352, 33.926581]}, "properties": {"brand": "Flock Safety"}}, {"type": "Feature", "geometry": {"type": "Point", "coordinates": [-84.344109, 33.926722]}, "properties": {"brand": "Flock Safety"}}, {"type": "Feature", "geometry": {"type": "Point", "coordinates": [-84.345851, 33.928264]}, "properties": {"brand": "Flock Safety"}}, {"type": "Feature", "geometry": {"type": "Point", "coordinates": [-84.724696, 34.06911]}, "properties": {"brand": "Flock Safety"}}, {"type": "Feature", "geometry": {"type": "Point", "coordinates": [-84.9311, 34.144849]}, "properties": {"brand": "Flock Safety"}}, {"type": "Feature", "geometry": {"type": "Point", "coordinates": [-84.783071, 33.902043]}, "properties": {"brand": "Flock Safety"}}, {"type": "Feature", "geometry": {"type": "Point", "coordinates": [-84.363774, 33.75349]}, "properties": {"brand": "Flock Safety"}}, {"type": "Feature", "geometry": {"type": "Point", "coordinates": [-84.458163, 33.685287]}, "properties": {"brand": "Flock Safety"}}, {"type": "Feature", "geometry": {"type": "Point", "coordinates": [-84.272456, 33.887283]}, "properties": {"brand": ""}}, {"type": "Feature", "geometry": {"type": "Point", "coordinates": [-84.251739, 34.010385]}, "properties": {"brand": ""}}, {"type": "Feature", "geometry": {"type": "Point", "coordinates": [-84.341554, 33.976074]}, "properties": {"brand": ""}}, {"type": "Feature", "geometry": {"type": "Point", "coordinates": [-84.550814, 34.178811]}, "properties": {"brand": "Flock Safety"}}, {"type": "Feature", "geometry": {"type": "Point", "coordinates": [-84.529621, 34.197951]}, "properties": {"brand": "Flock Safety"}}, {"type": "Feature", "geometry": {"type": "Point", "coordinates": [-84.338027, 33.760531]}, "properties": {"brand": "Flock Safety"}}, {"type": "Feature", "geometry": {"type": "Point", "coordinates": [-84.681666, 34.090441]}, "properties": {"brand": "Flock Safety"}}, {"type": "Feature", "geometry": {"type": "Point", "coordinates": [-84.949274, 34.139617]}, "properties": {"brand": "Flock Safety"}}, {"type": "Feature", "geometry": {"type": "Point", "coordinates": [-84.36942, 33.823778]}, "properties": {"brand": "Flock Safety"}}, {"type": "Feature", "geometry": {"type": "Point", "coordinates": [-84.328598, 33.924294]}, "properties": {"brand": "Flock Safety"}}, {"type": "Feature", "geometry": {"type": "Point", "coordinates": [-84.330272, 33.925505]}, "properties": {"brand": "Flock Safety"}}, {"type": "Feature", "geometry": {"type": "Point", "coordinates": [-84.765245, 33.718722]}, "properties": {"brand": "Flock Safety"}}, {"type": "Feature", "geometry": {"type": "Point", "coordinates": [-84.351189, 33.919252]}, "properties": {"brand": "Flock Safety"}}, {"type": "Feature", "geometry": {"type": "Point", "coordinates": [-84.349177, 33.753474]}, "properties": {"brand": "Flock Safety"}}, {"type": "Feature", "geometry": {"type": "Point", "coordinates": [-84.365904, 33.824736]}, "properties": {"brand": "Flock Safety"}}, {"type": "Feature", "geometry": {"type": "Point", "coordinates": [-84.265437, 33.977178]}, "properties": {"brand": "Flock Safety"}}, {"type": "Feature", "geometry": {"type": "Point", "coordinates": [-84.60026, 33.686556]}, "properties": {"brand": "Flock Safety"}}, {"type": "Feature", "geometry": {"type": "Point", "coordinates": [-84.599994, 33.68868]}, "properties": {"brand": "Flock Safety"}}, {"type": "Feature", "geometry": {"type": "Point", "coordinates": [-84.59419, 33.68922]}, "properties": {"brand": "Flock Safety"}}, {"type": "Feature", "geometry": {"type": "Point", "coordinates": [-84.594213, 33.689219]}, "properties": {"brand": "Flock Safety"}}, {"type": "Feature", "geometry": {"type": "Point", "coordinates": [-84.271548, 33.881691]}, "properties": {"brand": "Flock Safety"}}, {"type": "Feature", "geometry": {"type": "Point", "coordinates": [-84.329146, 33.753321]}, "properties": {"brand": "Genetec"}}, {"type": "Feature", "geometry": {"type": "Point", "coordinates": [-84.407816, 33.722215]}, "properties": {"brand": "Flock Safety"}}, {"type": "Feature", "geometry": {"type": "Point", "coordinates": [-84.349324, 33.747547]}, "properties": {"brand": "Flock Safety"}}, {"type": "Feature", "geometry": {"type": "Point", "coordinates": [-84.347978, 33.740113]}, "properties": {"brand": "Genetec"}}, {"type": "Feature", "geometry": {"type": "Point", "coordinates": [-84.509729, 34.153615]}, "properties": {"brand": "Flock Safety"}}, {"type": "Feature", "geometry": {"type": "Point", "coordinates": [-84.296237, 33.908065]}, "properties": {"brand": "Flock Safety"}}, {"type": "Feature", "geometry": {"type": "Point", "coordinates": [-84.318096, 34.18577]}, "properties": {"brand": "Flock Safety"}}, {"type": "Feature", "geometry": {"type": "Point", "coordinates": [-84.318096, 34.18577]}, "properties": {"brand": "Flock Safety"}}, {"type": "Feature", "geometry": {"type": "Point", "coordinates": [-84.34279, 34.145441]}, "properties": {"brand": "Flock Safety"}}, {"type": "Feature", "geometry": {"type": "Point", "coordinates": [-84.342833, 34.144228]}, "properties": {"brand": "Flock Safety"}}, {"type": "Feature", "geometry": {"type": "Point", "coordinates": [-84.342833, 34.144228]}, "properties": {"brand": "Flock Safety"}}, {"type": "Feature", "geometry": {"type": "Point", "coordinates": [-84.351841, 33.991236]}, "properties": {"brand": "Flock Safety"}}, {"type": "Feature", "geometry": {"type": "Point", "coordinates": [-84.379596, 33.916179]}, "properties": {"brand": "Flock Safety"}}, {"type": "Feature", "geometry": {"type": "Point", "coordinates": [-84.299547, 33.768578]}, "properties": {"brand": "Zhejiang Uniview Technologies Co., Ltd"}}, {"type": "Feature", "geometry": {"type": "Point", "coordinates": [-84.746577, 33.763537]}, "properties": {"brand": "Flock Safety"}}, {"type": "Feature", "geometry": {"type": "Point", "coordinates": [-84.429856, 33.696705]}, "properties": {"brand": "Flock Safety"}}, {"type": "Feature", "geometry": {"type": "Point", "coordinates": [-84.444301, 33.685271]}, "properties": {"brand": "Flock Safety"}}, {"type": "Feature", "geometry": {"type": "Point", "coordinates": [-84.442118, 33.684813]}, "properties": {"brand": "Flock Safety"}}, {"type": "Feature", "geometry": {"type": "Point", "coordinates": [-84.608899, 34.00159]}, "properties": {"brand": "Flock Safety"}}, {"type": "Feature", "geometry": {"type": "Point", "coordinates": [-84.385163, 34.059669]}, "properties": {"brand": "Flock Safety"}}, {"type": "Feature", "geometry": {"type": "Point", "coordinates": [-84.457429, 33.690006]}, "properties": {"brand": "Flock Safety"}}, {"type": "Feature", "geometry": {"type": "Point", "coordinates": [-84.466138, 33.694464]}, "properties": {"brand": "Flock Safety"}}, {"type": "Feature", "geometry": {"type": "Point", "coordinates": [-84.466885, 33.690634]}, "properties": {"brand": "Flock Safety"}}, {"type": "Feature", "geometry": {"type": "Point", "coordinates": [-84.4658, 33.690447]}, "properties": {"brand": "Flock Safety"}}, {"type": "Feature", "geometry": {"type": "Point", "coordinates": [-84.794072, 34.114764]}, "properties": {"brand": "Flock Safety"}}, {"type": "Feature", "geometry": {"type": "Point", "coordinates": [-84.349099, 33.773759]}, "properties": {"brand": "Axon Enterprise"}}, {"type": "Feature", "geometry": {"type": "Point", "coordinates": [-84.616933, 33.774358]}, "properties": {"brand": "Flock Safety"}}, {"type": "Feature", "geometry": {"type": "Point", "coordinates": [-84.617587, 33.773601]}, "properties": {"brand": "Flock Safety"}}, {"type": "Feature", "geometry": {"type": "Point", "coordinates": [-84.617283, 33.775233]}, "properties": {"brand": "Flock Safety"}}, {"type": "Feature", "geometry": {"type": "Point", "coordinates": [-84.336994, 33.746617]}, "properties": {"brand": "Flock Safety"}}, {"type": "Feature", "geometry": {"type": "Point", "coordinates": [-84.256573, 33.773416]}, "properties": {"brand": "Flock Safety"}}, {"type": "Feature", "geometry": {"type": "Point", "coordinates": [-84.256758, 33.773399]}, "properties": {"brand": "Flock Safety"}}, {"type": "Feature", "geometry": {"type": "Point", "coordinates": [-84.378642, 33.730507]}, "properties": {"brand": "Flock Safety"}}, {"type": "Feature", "geometry": {"type": "Point", "coordinates": [-84.257848, 34.127356]}, "properties": {"brand": "Flock Safety"}}, {"type": "Feature", "geometry": {"type": "Point", "coordinates": [-84.255953, 34.12768]}, "properties": {"brand": "Axis Communications"}}, {"type": "Feature", "geometry": {"type": "Point", "coordinates": [-84.269215, 34.112219]}, "properties": {"brand": "Flock Safety"}}, {"type": "Feature", "geometry": {"type": "Point", "coordinates": [-84.273398, 34.096123]}, "properties": {"brand": "Flock Safety"}}, {"type": "Feature", "geometry": {"type": "Point", "coordinates": [-84.569823, 34.173881]}, "properties": {"brand": "Flock Safety"}}, {"type": "Feature", "geometry": {"type": "Point", "coordinates": [-84.829127, 34.162553]}, "properties": {"brand": "Flock Safety"}}, {"type": "Feature", "geometry": {"type": "Point", "coordinates": [-84.515674, 33.680307]}, "properties": {"brand": "Flock Safety"}}, {"type": "Feature", "geometry": {"type": "Point", "coordinates": [-84.262878, 33.907888]}, "properties": {"brand": "Flock Safety"}}, {"type": "Feature", "geometry": {"type": "Point", "coordinates": [-84.338523, 33.654638]}, "properties": {"brand": "Flock Safety"}}, {"type": "Feature", "geometry": {"type": "Point", "coordinates": [-84.338374, 33.654584]}, "properties": {"brand": "Flock Safety"}}, {"type": "Feature", "geometry": {"type": "Point", "coordinates": [-84.338133, 33.654159]}, "properties": {"brand": "Flock Safety"}}, {"type": "Feature", "geometry": {"type": "Point", "coordinates": [-84.337982, 33.653887]}, "properties": {"brand": "Flock Safety"}}, {"type": "Feature", "geometry": {"type": "Point", "coordinates": [-84.426675, 33.790736]}, "properties": {"brand": "Flock Safety"}}, {"type": "Feature", "geometry": {"type": "Point", "coordinates": [-84.42681, 33.791217]}, "properties": {"brand": "Flock Safety"}}, {"type": "Feature", "geometry": {"type": "Point", "coordinates": [-84.330477, 34.041866]}, "properties": {"brand": "Flock Safety"}}, {"type": "Feature", "geometry": {"type": "Point", "coordinates": [-84.43087, 33.658694]}, "properties": {"brand": "Flock Safety"}}, {"type": "Feature", "geometry": {"type": "Point", "coordinates": [-84.383923, 34.039349]}, "properties": {"brand": "Flock Safety"}}, {"type": "Feature", "geometry": {"type": "Point", "coordinates": [-84.270219, 34.104897]}, "properties": {"brand": "Flock Safety"}}, {"type": "Feature", "geometry": {"type": "Point", "coordinates": [-84.377387, 34.197377]}, "properties": {"brand": "Axon Enterprise"}}, {"type": "Feature", "geometry": {"type": "Point", "coordinates": [-84.628627, 33.992368]}, "properties": {"brand": "Flock Safety"}}, {"type": "Feature", "geometry": {"type": "Point", "coordinates": [-84.606168, 33.945546]}, "properties": {"brand": "Flock Safety"}}, {"type": "Feature", "geometry": {"type": "Point", "coordinates": [-84.483615, 33.866259]}, "properties": {"brand": "Flock Safety"}}, {"type": "Feature", "geometry": {"type": "Point", "coordinates": [-84.483696, 33.86557]}, "properties": {"brand": "Flock Safety"}}, {"type": "Feature", "geometry": {"type": "Point", "coordinates": [-84.28522, 33.886333]}, "properties": {"brand": "Flock Safety"}}, {"type": "Feature", "geometry": {"type": "Point", "coordinates": [-84.275082, 33.87832]}, "properties": {"brand": "Flock Safety"}}, {"type": "Feature", "geometry": {"type": "Point", "coordinates": [-84.275811, 33.877217]}, "properties": {"brand": "Flock Safety"}}, {"type": "Feature", "geometry": {"type": "Point", "coordinates": [-84.709331, 33.938855]}, "properties": {"brand": "Flock Safety"}}, {"type": "Feature", "geometry": {"type": "Point", "coordinates": [-84.431288, 33.830466]}, "properties": {"brand": "Flock Safety"}}, {"type": "Feature", "geometry": {"type": "Point", "coordinates": [-84.431388, 33.830437]}, "properties": {"brand": "Flock Safety"}}, {"type": "Feature", "geometry": {"type": "Point", "coordinates": [-84.430079, 33.838305]}, "properties": {"brand": "Flock Safety"}}]}