{"type":"FeatureCollection","features":[{"type":"Feature","geometry":{"type":"Point","coordinates":[-84.342405,33.778843]},"properties":{"brand":"Unknown"}},{"type":"Feature","geometry":{"type":"Point","coordinates":[-84.378227,33.879867]},"properties":{"brand":"Flock Safety"}},{"type":"Feature","geometry":{"type":"Point","coordinates":[-84.374459,33.881813]},"properties":{"brand":"Flock Safety"}},{"type":"Feature","geometry":{"type":"Point","coordinates":[-83.370477,33.956974]},"properties":{"brand":"Flock Safety"}},{"type":"Feature","geometry":{"type":"Point","coordinates":[-84.329147,33.848093]},"properties":{"brand":"Flock Safety"}},{"type":"Feature","geometry":{"type":"Point","coordinates":[-84.18737,33.989767]},"properties":{"brand":"Flock Safety"}},{"type":"Feature","geometry":{"type":"Point","coordinates":[-84.471292,33.879191]},"properties":{"brand":"Flock Safety"}},{"type":"Feature","geometry":{"type":"Point","coordinates":[-83.977119,34.471787]},"properties":{"brand":"Flock Safety"}},{"type":"Feature","geometry":{"type":"Point","coordinates":[-84.384149,33.781562]},"properties":{"brand":"Flock Safety"}},{"type":"Feature","geometry":{"type":"Point","coordinates":[-85.499923,32.59645]},"properties":{"brand":"Flock Safety"}},{"type":"Feature","geometry":{"type":"Point","coordinates":[-84.379165,33.878148]},"properties":{"brand":"Flock Safety"}},{"type":"Feature","geometry":{"type":"Point","coordinates":[-85.404587,32.62021]},"properties":{"brand":""}},{"type":"Feature","geometry":{"type":"Point","coordinates":[-84.475193,33.917025]},"properties":{"brand":"Cobb County Police Department"}},{"type":"Feature","geometry":{"type":"Point","coordinates":[-84.475078,33.917122]},"properties":{"brand":"Cobb County Police Department"}},{"type":"Feature","geometry":{"type":"Point","coordinates":[-84.448272,33.900473]},"properties":{"brand":"Flock Safety"}},{"type":"Feature","geometry":{"type":"Point","coordinates":[-84.443138,33.976431]},"properties":{"brand":"Flock Safety"}},{"type":"Feature","geometry":{"type":"Point","coordinates":[-84.48422,33.978463]},"properties":{"brand":""}},{"type":"Feature","geometry":{"type":"Point","coordinates":[-84.588761,34.023472]},"properties":{"brand":"Flock Safety"}},{"type":"Feature","geometry":{"type":"Point","coordinates":[-84.120569,33.36153]},"properties":{"brand":"Flock Safety"}},{"type":"Feature","geometry":{"type":"Point","coordinates":[-84.479126,33.92253]},"properties":{"brand":"Flock Safety"}},{"type":"Feature","geometry":{"type":"Point","coordinates":[-84.479036,33.922791]},"properties":{"brand":"Flock Safety"}},{"type":"Feature","geometry":{"type":"Point","coordinates":[-84.476453,33.921242]},"properties":{"brand":""}},{"type":"Feature","geometry":{"type":"Point","coordinates":[-84.476046,33.919849]},"properties":{"brand":""}},{"type":"Feature","geometry":{"type":"Point","coordinates":[-84.469247,33.924136]},"properties":{"brand":"Flock Safety"}},{"type":"Feature","geometry":{"type":"Point","coordinates":[-84.47052,33.923896]},"properties":{"brand":""}},{"type":"Feature","geometry":{"type":"Point","coordinates":[-84.545522,33.946081]},"properties":{"brand":""}},{"type":"Feature","geometry":{"type":"Point","coordinates":[-84.535077,33.937778]},"properties":{"brand":""}},{"type":"Feature","geometry":{"type":"Point","coordinates":[-84.532236,33.950634]},"properties":{"brand":""}},{"type":"Feature","geometry":{"type":"Point","coordinates":[-84.525007,33.951063]},"properties":{"brand":""}},{"type":"Feature","geometry":{"type":"Point","coordinates":[-84.520222,33.949858]},"properties":{"brand":""}},{"type":"Feature","geometry":{"type":"Point","coordinates":[-84.446806,33.899397]},"properties":{"brand":""}},{"type":"Feature","geometry":{"type":"Point","coordinates":[-84.461792,33.904188]},"properties":{"brand":""}},{"type":"Feature","geometry":{"type":"Point","coordinates":[-84.215038,34.064995]},"properties":{"brand":"Flock Safety"}},{"type":"Feature","geometry":{"type":"Point","coordinates":[-84.530117,33.960145]},"properties":{"brand":""}},{"type":"Feature","geometry":{"type":"Point","coordinates":[-84.779482,34.213345]},"properties":{"brand":""}},{"type":"Feature","geometry":{"type":"Point","coordinates":[-84.460109,33.885048]},"properties":{"brand":""}},{"type":"Feature","geometry":{"type":"Point","coordinates":[-84.462355,33.883528]},"properties":{"brand":""}},{"type":"Feature","geometry":{"type":"Point","coordinates":[-84.532638,33.935237]},"properties":{"brand":""}},{"type":"Feature","geometry":{"type":"Point","coordinates":[-84.650003,34.032151]},"properties":{"brand":""}},{"type":"Feature","geometry":{"type":"Point","coordinates":[-84.428462,33.98255]},"properties":{"brand":"Cobb County Police Department"}},{"type":"Feature","geometry":{"type":"Point","coordinates":[-84.86802,32.583261]},"properties":{"brand":"Flock Safety"}},{"type":"Feature","geometry":{"type":"Point","coordinates":[-81.985051,33.531265]},"properties":{"brand":"Flock Safety"}},{"type":"Feature","geometry":{"type":"Point","coordinates":[-82.12786,33.537169]},"properties":{"brand":"Flock Safety"}},{"type":"Feature","geometry":{"type":"Point","coordinates":[-82.125485,33.536002]},"properties":{"brand":"Flock Safety"}},{"type":"Feature","geometry":{"type":"Point","coordinates":[-82.14122,33.507325]},"properties":{"brand":"Genetec"}},{"type":"Feature","geometry":{"type":"Point","coordinates":[-82.141588,33.507704]},"properties":{"brand":"Genetec"}},{"type":"Feature","geometry":{"type":"Point","coordinates":[-82.141657,33.506904]},"properties":{"brand":"Genetec"}},{"type":"Feature","geometry":{"type":"Point","coordinates":[-82.142107,33.507666]},"properties":{"brand":"Genetec"}},{"type":"Feature","geometry":{"type":"Point","coordinates":[-84.236839,33.913422]},"properties":{"brand":"Flock Safety"}},{"type":"Feature","geometry":{"type":"Point","coordinates":[-84.288342,34.888496]},"properties":{"brand":""}},{"type":"Feature","geometry":{"type":"Point","coordinates":[-84.585767,34.128514]},"properties":{"brand":"Flock Safety"}},{"type":"Feature","geometry":{"type":"Point","coordinates":[-84.434107,33.738141]},"properties":{"brand":""}},{"type":"Feature","geometry":{"type":"Point","coordinates":[-84.401468,33.778476]},"properties":{"brand":"Flock Safety"}},{"type":"Feature","geometry":{"type":"Point","coordinates":[-84.41007,33.74695]},"properties":{"brand":"Motorola Solutions"}},{"type":"Feature","geometry":{"type":"Point","coordinates":[-85.347367,34.991593]},"properties":{"brand":"Flock Safety"}},{"type":"Feature","geometry":{"type":"Point","coordinates":[-85.353896,34.985285]},"properties":{"brand":""}},{"type":"Feature","geometry":{"type":"Point","coordinates":[-84.872135,34.783059]},"properties":{"brand":"Flock Safety"}},{"type":"Feature","geometry":{"type":"Point","coordinates":[-84.875564,34.783398]},"properties":{"brand":"Flock Safety"}},{"type":"Feature","geometry":{"type":"Point","coordinates":[-84.014871,34.332276]},"properties":{"brand":"Flock Safety"}},{"type":"Feature","geometry":{"type":"Point","coordinates":[-83.945822,34.314833]},"properties":{"brand":"Flock Safety"}},{"type":"Feature","geometry":{"type":"Point","coordinates":[-83.951247,34.311853]},"properties":{"brand":"Flock Safety"}},{"type":"Feature","geometry":{"type":"Point","coordinates":[-84.056622,34.329224]},"properties":{"brand":"Flock Safety"}},{"type":"Feature","geometry":{"type":"Point","coordinates":[-84.169758,34.159851]},"properties":{"brand":"Flock Safety"}},{"type":"Feature","geometry":{"type":"Point","coordinates":[-84.176321,34.156784]},"properties":{"brand":"Flock Safety"}},{"type":"Feature","geometry":{"type":"Point","coordinates":[-84.075122,34.282225]},"properties":{"brand":"Flock Safety"}},{"type":"Feature","geometry":{"type":"Point","coordinates":[-84.056276,34.328758]},"properties":{"brand":"Flock Safety"}},{"type":"Feature","geometry":{"type":"Point","coordinates":[-84.088646,34.262634]},"properties":{"brand":"Flock Safety"}},{"type":"Feature","geometry":{"type":"Point","coordinates":[-84.064693,34.312253]},"properties":{"brand":"Flock Safety"}},{"type":"Feature","geometry":{"type":"Point","coordinates":[-84.070138,34.302721]},"properties":{"brand":"Flock Safety"}},{"type":"Feature","geometry":{"type":"Point","coordinates":[-84.084124,34.264001]},"properties":{"brand":"Flock Safety"}},{"type":"Feature","geometry":{"type":"Point","coordinates":[-84.078824,34.27066]},"properties":{"brand":"Flock Safety"}},{"type":"Feature","geometry":{"type":"Point","coordinates":[-84.092286,34.25493]},"properties":{"brand":"Flock Safety"}},{"type":"Feature","geometry":{"type":"Point","coordinates":[-84.101162,34.231902]},"properties":{"brand":"Flock Safety"}},{"type":"Feature","geometry":{"type":"Point","coordinates":[-84.10325,34.226656]},"properties":{"brand":"Flock Safety"}},{"type":"Feature","geometry":{"type":"Point","coordinates":[-84.09409,34.248845]},"properties":{"brand":"Flock Safety"}},{"type":"Feature","geometry":{"type":"Point","coordinates":[-84.137769,34.186113]},"properties":{"brand":"Flock Safety"}},{"type":"Feature","geometry":{"type":"Point","coordinates":[-84.140725,34.180479]},"properties":{"brand":"Flock Safety"}},{"type":"Feature","geometry":{"type":"Point","coordinates":[-84.122112,34.211693]},"properties":{"brand":"Flock Safety"}},{"type":"Feature","geometry":{"type":"Point","coordinates":[-84.123523,34.206184]},"properties":{"brand":"Flock Safety"}},{"type":"Feature","geometry":{"type":"Point","coordinates":[-84.100138,34.197088]},"properties":{"brand":"Flock Safety"}},{"type":"Feature","geometry":{"type":"Point","coordinates":[-84.193237,34.180612]},"properties":{"brand":"Flock Safety"}},{"type":"Feature","geometry":{"type":"Point","coordinates":[-84.193876,34.181875]},"properties":{"brand":"Flock Safety"}},{"type":"Feature","geometry":{"type":"Point","coordinates":[-84.049238,34.245829]},"properties":{"brand":"Flock Safety"}},{"type":"Feature","geometry":{"type":"Point","coordinates":[-84.055582,34.220689]},"properties":{"brand":"Flock Safety"}},{"type":"Feature","geometry":{"type":"Point","coordinates":[-84.034882,34.312258]},"properties":{"brand":"Flock Safety"}},{"type":"Feature","geometry":{"type":"Point","coordinates":[-84.25825,34.237125]},"properties":{"brand":"Flock Safety"}},{"type":"Feature","geometry":{"type":"Point","coordinates":[-84.038886,34.246531]},"properties":{"brand":"Flock Safety"}},{"type":"Feature","geometry":{"type":"Point","coordinates":[-83.990889,34.250865]},"properties":{"brand":"Flock Safety"}},{"type":"Feature","geometry":{"type":"Point","coordinates":[-84.074982,34.161983]},"properties":{"brand":"Flock Safety"}},{"type":"Feature","geometry":{"type":"Point","coordinates":[-84.211944,34.152869]},"properties":{"brand":"Flock Safety"}},{"type":"Feature","geometry":{"type":"Point","coordinates":[-84.112707,34.226342]},"properties":{"brand":"Flock Safety"}},{"type":"Feature","geometry":{"type":"Point","coordinates":[-84.110585,34.226926]},"properties":{"brand":"Flock Safety"}},{"type":"Feature","geometry":{"type":"Point","coordinates":[-84.089363,34.273075]},"properties":{"brand":"Flock Safety"}},{"type":"Feature","geometry":{"type":"Point","coordinates":[-84.235945,34.101503]},"properties":{"brand":"Flock Safety"}},{"type":"Feature","geometry":{"type":"Point","coordinates":[-84.235617,34.102137]},"properties":{"brand":"Flock Safety"}},{"type":"Feature","geometry":{"type":"Point","coordinates":[-84.095229,34.271678]},"properties":{"brand":"Flock Safety"}},{"type":"Feature","geometry":{"type":"Point","coordinates":[-84.235439,34.101074]},"properties":{"brand":"Flock Safety"}},{"type":"Feature","geometry":{"type":"Point","coordinates":[-84.103586,34.250165]},"properties":{"brand":"Flock Safety"}},{"type":"Feature","geometry":{"type":"Point","coordinates":[-84.131704,34.182945]},"properties":{"brand":"Flock Safety"}},{"type":"Feature","geometry":{"type":"Point","coordinates":[-84.131744,34.181858]},"properties":{"brand":"Flock Safety"}},{"type":"Feature","geometry":{"type":"Point","coordinates":[-84.223708,34.113359]},"properties":{"brand":"Flock Safety"}},{"type":"Feature","geometry":{"type":"Point","coordinates":[-84.094268,34.127045]},"properties":{"brand":"Flock Safety"}},{"type":"Feature","geometry":{"type":"Point","coordinates":[-84.234995,34.101465]},"properties":{"brand":"Flock Safety"}},{"type":"Feature","geometry":{"type":"Point","coordinates":[-84.066602,34.305164]},"properties":{"brand":"Flock Safety"}},{"type":"Feature","geometry":{"type":"Point","coordinates":[-84.066012,34.301782]},"properties":{"brand":"Flock Safety"}},{"type":"Feature","geometry":{"type":"Point","coordinates":[-84.444083,33.900752]},"properties":{"brand":"Flock Safety"}},{"type":"Feature","geometry":{"type":"Point","coordinates":[-83.270055,33.099266]},"properties":{"brand":"Flock Safety"}},{"type":"Feature","geometry":{"type":"Point","coordinates":[-84.386002,33.759769]},"properties":{"brand":"Flock Safety"}},{"type":"Feature","geometry":{"type":"Point","coordinates":[-84.434001,33.486112]},"properties":{"brand":"Flock Safety"}},{"type":"Feature","geometry":{"type":"Point","coordinates":[-84.457355,33.480857]},"properties":{"brand":"Flock Safety"}},{"type":"Feature","geometry":{"type":"Point","coordinates":[-84.449607,33.481571]},"properties":{"brand":"Flock Safety"}},{"type":"Feature","geometry":{"type":"Point","coordinates":[-84.456284,33.457993]},"properties":{"brand":"Flock Safety"}},{"type":"Feature","geometry":{"type":"Point","coordinates":[-84.480353,33.414692]},"properties":{"brand":"Flock Safety"}},{"type":"Feature","geometry":{"type":"Point","coordinates":[-84.445804,33.427136]},"properties":{"brand":"Flock Safety"}},{"type":"Feature","geometry":{"type":"Point","coordinates":[-84.433102,33.436477]},"properties":{"brand":"Flock Safety"}},{"type":"Feature","geometry":{"type":"Point","coordinates":[-84.433025,33.436587]},"properties":{"brand":"Flock Safety"}},{"type":"Feature","geometry":{"type":"Point","coordinates":[-84.428937,33.453187]},"properties":{"brand":"Flock Safety"}},{"type":"Feature","geometry":{"type":"Point","coordinates":[-84.520353,33.44715]},"properties":{"brand":"Flock Safety"}},{"type":"Feature","geometry":{"type":"Point","coordinates":[-84.509141,33.467653]},"properties":{"brand":"Flock Safety"}},{"type":"Feature","geometry":{"type":"Point","coordinates":[-84.45828,33.428516]},"properties":{"brand":"Flock Safety"}},{"type":"Feature","geometry":{"type":"Point","coordinates":[-84.458596,33.428249]},"properties":{"brand":"Flock Safety"}},{"type":"Feature","geometry":{"type":"Point","coordinates":[-84.526172,33.34242]},"properties":{"brand":"Flock Safety"}},{"type":"Feature","geometry":{"type":"Point","coordinates":[-84.590027,33.443218]},"properties":{"brand":"Flock Safety"}},{"type":"Feature","geometry":{"type":"Point","coordinates":[-84.593932,33.396476]},"properties":{"brand":"Flock Safety"}},{"type":"Feature","geometry":{"type":"Point","coordinates":[-84.59631,33.396466]},"properties":{"brand":"Flock Safety"}},{"type":"Feature","geometry":{"type":"Point","coordinates":[-84.598756,33.397139]},"properties":{"brand":"Flock Safety"}},{"type":"Feature","geometry":{"type":"Point","coordinates":[-83.569978,34.257527]},"properties":{"brand":"Flock Safety"}},{"type":"Feature","geometry":{"type":"Point","coordinates":[-83.569141,34.119654]},"properties":{"brand":"Flock Safety"}},{"type":"Feature","geometry":{"type":"Point","coordinates":[-83.569695,34.120644]},"properties":{"brand":"Flock Safety"}},{"type":"Feature","geometry":{"type":"Point","coordinates":[-84.192118,33.984386]},"properties":{"brand":"Flock Safety"}},{"type":"Feature","geometry":{"type":"Point","coordinates":[-84.208,33.961127]},"properties":{"brand":"Flock Safety"}},{"type":"Feature","geometry":{"type":"Point","coordinates":[-84.208191,33.961032]},"properties":{"brand":"Flock Safety"}},{"type":"Feature","geometry":{"type":"Point","coordinates":[-84.196046,33.967745]},"properties":{"brand":"Flock Safety"}},{"type":"Feature","geometry":{"type":"Point","coordinates":[-84.171632,33.985867]},"properties":{"brand":"Flock Safety"}},{"type":"Feature","geometry":{"type":"Point","coordinates":[-84.231676,33.9488]},"properties":{"brand":"Flock Safety"}},{"type":"Feature","geometry":{"type":"Point","coordinates":[-84.231265,33.949158]},"properties":{"brand":"Motorola Solutions"}},{"type":"Feature","geometry":{"type":"Point","coordinates":[-84.230628,33.949536]},"properties":{"brand":"Flock Safety"}},{"type":"Feature","geometry":{"type":"Point","coordinates":[-84.232248,33.949346]},"properties":{"brand":"Flock Safety"}},{"type":"Feature","geometry":{"type":"Point","coordinates":[-84.231621,33.94879]},"properties":{"brand":"Motorola Solutions"}},{"type":"Feature","geometry":{"type":"Point","coordinates":[-84.209008,33.943321]},"properties":{"brand":"Flock Safety"}},{"type":"Feature","geometry":{"type":"Point","coordinates":[-84.168779,33.935871]},"properties":{"brand":"Flock Safety"}},{"type":"Feature","geometry":{"type":"Point","coordinates":[-84.208836,33.983355]},"properties":{"brand":""}},{"type":"Feature","geometry":{"type":"Point","coordinates":[-84.21034,33.9828]},"properties":{"brand":""}},{"type":"Feature","geometry":{"type":"Point","coordinates":[-84.212807,33.981667]},"properties":{"brand":"Flock Safety"}},{"type":"Feature","geometry":{"type":"Point","coordinates":[-84.212776,33.981537]},"properties":{"brand":"Flock Safety"}},{"type":"Feature","geometry":{"type":"Point","coordinates":[-84.21354,33.982789]},"properties":{"brand":"Flock Safety"}},{"type":"Feature","geometry":{"type":"Point","coordinates":[-84.214676,33.982541]},"properties":{"brand":"Flock Safety"}},{"type":"Feature","geometry":{"type":"Point","coordinates":[-84.21539,33.980191]},"properties":{"brand":"Flock Safety"}},{"type":"Feature","geometry":{"type":"Point","coordinates":[-84.216169,33.980546]},"properties":{"brand":"Flock Safety"}},{"type":"Feature","geometry":{"type":"Point","coordinates":[-84.21958,33.978544]},"properties":{"brand":"Flock Safety"}},{"type":"Feature","geometry":{"type":"Point","coordinates":[-84.219324,33.97865]},"properties":{"brand":"Flock Safety"}},{"type":"Feature","geometry":{"type":"Point","coordinates":[-84.218034,33.977612]},"properties":{"brand":""}},{"type":"Feature","geometry":{"type":"Point","coordinates":[-84.217448,33.977389]},"properties":{"brand":""}},{"type":"Feature","geometry":{"type":"Point","coordinates":[-84.212111,33.980095]},"properties":{"brand":"Flock Safety"}},{"type":"Feature","geometry":{"type":"Point","coordinates":[-84.9002,33.726575]},"properties":{"brand":"Flock Safety"}},{"type":"Feature","geometry":{"type":"Point","coordinates":[-84.260306,34.127003]},"properties":{"brand":"Flock Safety"}},{"type":"Feature","geometry":{"type":"Point","coordinates":[-84.205836,34.090332]},"properties":{"brand":"Flock Safety"}},{"type":"Feature","geometry":{"type":"Point","coordinates":[-84.200153,34.089917]},"properties":{"brand":"Flock Safety"}},{"type":"Feature","geometry":{"type":"Point","coordinates":[-84.200021,34.090139]},"properties":{"brand":"Flock Safety"}},{"type":"Feature","geometry":{"type":"Point","coordinates":[-84.21,34.094112]},"properties":{"brand":"Flock Safety"}},{"type":"Feature","geometry":{"type":"Point","coordinates":[-84.185022,34.080717]},"properties":{"brand":"Flock Safety"}},{"type":"Feature","geometry":{"type":"Point","coordinates":[-84.184545,34.079515]},"properties":{"brand":"Flock Safety"}},{"type":"Feature","geometry":{"type":"Point","coordinates":[-84.188864,34.085517]},"properties":{"brand":"Flock Safety"}},{"type":"Feature","geometry":{"type":"Point","coordinates":[-84.20651,34.069057]},"properties":{"brand":"Flock Safety"}},{"type":"Feature","geometry":{"type":"Point","coordinates":[-84.213307,34.064717]},"properties":{"brand":"Flock Safety"}},{"type":"Feature","geometry":{"type":"Point","coordinates":[-84.231054,34.058148]},"properties":{"brand":"Flock Safety"}},{"type":"Feature","geometry":{"type":"Point","coordinates":[-84.240778,34.06018]},"properties":{"brand":"Flock Safety"}},{"type":"Feature","geometry":{"type":"Point","coordinates":[-84.241992,34.060795]},"properties":{"brand":"Flock Safety"}},{"type":"Feature","geometry":{"type":"Point","coordinates":[-84.244961,34.061795]},"properties":{"brand":"Flock Safety"}},{"type":"Feature","geometry":{"type":"Point","coordinates":[-84.245522,34.062114]},"properties":{"brand":"Flock Safety"}},{"type":"Feature","geometry":{"type":"Point","coordinates":[-84.310623,34.073251]},"properties":{"brand":"Flock Safety"}},{"type":"Feature","geometry":{"type":"Point","coordinates":[-84.33032,34.076142]},"properties":{"brand":"Flock Safety"}},{"type":"Feature","geometry":{"type":"Point","coordinates":[-84.338956,34.07825]},"properties":{"brand":"Flock Safety"}},{"type":"Feature","geometry":{"type":"Point","coordinates":[-84.348514,34.07769]},"properties":{"brand":"Flock Safety"}},{"type":"Feature","geometry":{"type":"Point","coordinates":[-84.355312,34.077464]},"properties":{"brand":"Flock Safety"}},{"type":"Feature","geometry":{"type":"Point","coordinates":[-84.382087,34.065131]},"properties":{"brand":"Flock Safety"}},{"type":"Feature","geometry":{"type":"Point","coordinates":[-84.400744,34.062027]},"properties":{"brand":"Flock Safety"}},{"type":"Feature","geometry":{"type":"Point","coordinates":[-84.462096,33.983438]},"properties":{"brand":"Flock Safety"}},{"type":"Feature","geometry":{"type":"Point","coordinates":[-84.451634,33.972064]},"properties":{"brand":"Flock Safety"}},{"type":"Feature","geometry":{"type":"Point","coordinates":[-84.451633,33.972057]},"properties":{"brand":"Flock Safety"}},{"type":"Feature","geometry":{"type":"Point","coordinates":[-84.461987,33.974775]},"properties":{"brand":"Flock Safety"}},{"type":"Feature","geometry":{"type":"Point","coordinates":[-84.456997,33.967565]},"properties":{"brand":"Flock Safety"}},{"type":"Feature","geometry":{"type":"Point","coordinates":[-84.434441,33.979415]},"properties":{"brand":"Flock Safety"}},{"type":"Feature","geometry":{"type":"Point","coordinates":[-83.994652,34.054266]},"properties":{"brand":"Flock Safety"}},{"type":"Feature","geometry":{"type":"Point","coordinates":[-82.316221,34.798879]},"properties":{"brand":"Flock Safety"}},{"type":"Feature","geometry":{"type":"Point","coordinates":[-83.498907,34.228025]},"properties":{"brand":"Flock Safety"}},{"type":"Feature","geometry":{"type":"Point","coordinates":[-82.319485,34.80323]},"properties":{"brand":"Flock Safety"}},{"type":"Feature","geometry":{"type":"Point","coordinates":[-83.994132,34.052817]},"properties":{"brand":"Flock Safety"}},{"type":"Feature","geometry":{"type":"Point","coordinates":[-85.182139,34.282397]},"properties":{"brand":"Flock Safety"}},{"type":"Feature","geometry":{"type":"Point","coordinates":[-84.311134,33.860233]},"properties":{"brand":"Flock Safety"}},{"type":"Feature","geometry":{"type":"Point","coordinates":[-84.310888,33.860229]},"properties":{"brand":"Flock Safety"}},{"type":"Feature","geometry":{"type":"Point","coordinates":[-84.314038,33.861132]},"properties":{"brand":"Flock Safety"}},{"type":"Feature","geometry":{"type":"Point","coordinates":[-84.313065,33.858467]},"properties":{"brand":"Flock Safety"}},{"type":"Feature","geometry":{"type":"Point","coordinates":[-84.312244,33.861049]},"properties":{"brand":"Flock Safety"}},{"type":"Feature","geometry":{"type":"Point","coordinates":[-85.131329,34.379975]},"properties":{"brand":"Flock Safety"}},{"type":"Feature","geometry":{"type":"Point","coordinates":[-85.124438,34.280846]},"properties":{"brand":"Flock Safety"}},{"type":"Feature","geometry":{"type":"Point","coordinates":[-85.159611,34.236028]},"properties":{"brand":"Flock Safety"}},{"type":"Feature","geometry":{"type":"Point","coordinates":[-85.169203,34.262206]},"properties":{"brand":"Flock Safety"}},{"type":"Feature","geometry":{"type":"Point","coordinates":[-85.118508,34.255679]},"properties":{"brand":"Flock Safety"}},{"type":"Feature","geometry":{"type":"Point","coordinates":[-85.120969,34.216351]},"properties":{"brand":"Flock Safety"}},{"type":"Feature","geometry":{"type":"Point","coordinates":[-84.770185,34.750267]},"properties":{"brand":"Flock Safety"}},{"type":"Feature","geometry":{"type":"Point","coordinates":[-84.414686,34.060333]},"properties":{"brand":"Flock Safety"}},{"type":"Feature","geometry":{"type":"Point","coordinates":[-84.416256,34.060073]},"properties":{"brand":"Flock Safety"}},{"type":"Feature","geometry":{"type":"Point","coordinates":[-84.549181,33.918568]},"properties":{"brand":"Flock Safety"}},{"type":"Feature","geometry":{"type":"Point","coordinates":[-84.313525,34.036078]},"properties":{"brand":"Flock Safety"}},{"type":"Feature","geometry":{"type":"Point","coordinates":[-84.289684,34.060174]},"properties":{"brand":"Flock Safety"}},{"type":"Feature","geometry":{"type":"Point","coordinates":[-84.303196,34.060946]},"properties":{"brand":"Flock Safety"}},{"type":"Feature","geometry":{"type":"Point","coordinates":[-84.269058,34.10639]},"properties":{"brand":"Flock Safety"}},{"type":"Feature","geometry":{"type":"Point","coordinates":[-84.270323,34.091314]},"properties":{"brand":"Flock Safety"}},{"type":"Feature","geometry":{"type":"Point","coordinates":[-84.26935,34.089806]},"properties":{"brand":"Flock Safety"}},{"type":"Feature","geometry":{"type":"Point","coordinates":[-84.483683,33.883439]},"properties":{"brand":"Flock Safety"}},{"type":"Feature","geometry":{"type":"Point","coordinates":[-84.481433,33.818663]},"properties":{"brand":"Flock Safety"}},{"type":"Feature","geometry":{"type":"Point","coordinates":[-84.288583,34.05983]},"properties":{"brand":"Flock Safety"}},{"type":"Feature","geometry":{"type":"Point","coordinates":[-84.343153,34.037778]},"properties":{"brand":"Flock Safety"}},{"type":"Feature","geometry":{"type":"Point","coordinates":[-84.34906,34.088553]},"properties":{"brand":"Flock Safety"}},{"type":"Feature","geometry":{"type":"Point","coordinates":[-84.254031,34.104579]},"properties":{"brand":"Flock Safety"}},{"type":"Feature","geometry":{"type":"Point","coordinates":[-84.272987,34.120144]},"properties":{"brand":"Flock Safety"}},{"type":"Feature","geometry":{"type":"Point","coordinates":[-84.274433,34.119668]},"properties":{"brand":"Flock Safety"}},{"type":"Feature","geometry":{"type":"Point","coordinates":[-84.500008,34.660986]},"properties":{"brand":"Flock Safety"}},{"type":"Feature","geometry":{"type":"Point","coordinates":[-84.482968,34.695264]},"properties":{"brand":"Flock Safety"}},{"type":"Feature","geometry":{"type":"Point","coordinates":[-84.221079,33.969709]},"properties":{"brand":"Flock Safety"}},{"type":"Feature","geometry":{"type":"Point","coordinates":[-84.221769,33.970014]},"properties":{"brand":"Flock Safety"}},{"type":"Feature","geometry":{"type":"Point","coordinates":[-84.238144,33.967991]},"properties":{"brand":"Flock Safety"}},{"type":"Feature","geometry":{"type":"Point","coordinates":[-84.246173,33.970132]},"properties":{"brand":"Flock Safety"}},{"type":"Feature","geometry":{"type":"Point","coordinates":[-84.263914,33.965713]},"properties":{"brand":"Flock Safety"}},{"type":"Feature","geometry":{"type":"Point","coordinates":[-84.272215,33.954028]},"properties":{"brand":"Flock Safety"}},{"type":"Feature","geometry":{"type":"Point","coordinates":[-84.271513,33.951944]},"properties":{"brand":"Flock Safety"}},{"type":"Feature","geometry":{"type":"Point","coordinates":[-84.285674,33.937207]},"properties":{"brand":"Flock Safety"}},{"type":"Feature","geometry":{"type":"Point","coordinates":[-84.293598,33.936411]},"properties":{"brand":"Flock Safety"}},{"type":"Feature","geometry":{"type":"Point","coordinates":[-84.294359,33.935915]},"properties":{"brand":"Flock Safety"}},{"type":"Feature","geometry":{"type":"Point","coordinates":[-84.313416,33.929471]},"properties":{"brand":"Flock Safety"}},{"type":"Feature","geometry":{"type":"Point","coordinates":[-84.313775,33.929436]},"properties":{"brand":"Flock Safety"}},{"type":"Feature","geometry":{"type":"Point","coordinates":[-84.314443,33.928664]},"properties":{"brand":"Flock Safety"}},{"type":"Feature","geometry":{"type":"Point","coordinates":[-84.308539,33.92568]},"properties":{"brand":""}},{"type":"Feature","geometry":{"type":"Point","coordinates":[-84.30572,33.923182]},"properties":{"brand":"Flock Safety"}},{"type":"Feature","geometry":{"type":"Point","coordinates":[-84.296127,33.929211]},"properties":{"brand":"Flock Safety"}},{"type":"Feature","geometry":{"type":"Point","coordinates":[-84.246488,33.906993]},"properties":{"brand":"Flock Safety"}},{"type":"Feature","geometry":{"type":"Point","coordinates":[-84.237481,33.913073]},"properties":{"brand":"Flock Safety"}},{"type":"Feature","geometry":{"type":"Point","coordinates":[-84.237218,33.913562]},"properties":{"brand":"Flock Safety"}},{"type":"Feature","geometry":{"type":"Point","coordinates":[-84.239022,33.905187]},"properties":{"brand":"Flock Safety"}},{"type":"Feature","geometry":{"type":"Point","coordinates":[-84.244351,33.902142]},"properties":{"brand":"Flock Safety"}},{"type":"Feature","geometry":{"type":"Point","coordinates":[-84.245312,33.903409]},"properties":{"brand":"Flock Safety"}},{"type":"Feature","geometry":{"type":"Point","coordinates":[-84.243773,33.899687]},"properties":{"brand":"Flock Safety"}},{"type":"Feature","geometry":{"type":"Point","coordinates":[-84.243299,33.899313]},"properties":{"brand":"Flock Safety"}},{"type":"Feature","geometry":{"type":"Point","coordinates":[-84.21654,33.924577]},"properties":{"brand":"Flock Safety"}},{"type":"Feature","geometry":{"type":"Point","coordinates":[-84.211004,33.918222]},"properties":{"brand":"Flock Safety"}},{"type":"Feature","geometry":{"type":"Point","coordinates":[-84.208753,33.917902]},"properties":{"brand":"Flock Safety"}},{"type":"Feature","geometry":{"type":"Point","coordinates":[-84.24948,33.924499]},"properties":{"brand":"Flock Safety"}},{"type":"Feature","geometry":{"type":"Point","coordinates":[-84.252095,33.92432]},"properties":{"brand":"Flock Safety"}},{"type":"Feature","geometry":{"type":"Point","coordinates":[-84.264581,33.929677]},"properties":{"brand":"Flock Safety"}},{"type":"Feature","geometry":{"type":"Point","coordinates":[-84.265217,33.930366]},"properties":{"brand":"Flock Safety"}},{"type":"Feature","geometry":{"type":"Point","coordinates":[-84.264873,33.931561]},"properties":{"brand":"Flock Safety"}},{"type":"Feature","geometry":{"type":"Point","coordinates":[-84.265495,33.932592]},"properties":{"brand":"Flock Safety"}},{"type":"Feature","geometry":{"type":"Point","coordinates":[-84.265487,33.932567]},"properties":{"brand":"Flock Safety"}},{"type":"Feature","geometry":{"type":"Point","coordinates":[-84.178805,33.933]},"properties":{"brand":"Flock Safety"}},{"type":"Feature","geometry":{"type":"Point","coordinates":[-84.178106,33.932563]},"properties":{"brand":"Flock Safety"}},{"type":"Feature","geometry":{"type":"Point","coordinates":[-84.202555,33.943321]},"properties":{"brand":""}},{"type":"Feature","geometry":{"type":"Point","coordinates":[-84.200313,33.942762]},"properties":{"brand":""}},{"type":"Feature","geometry":{"type":"Point","coordinates":[-84.203425,33.944537]},"properties":{"brand":"Flock Safety"}},{"type":"Feature","geometry":{"type":"Point","coordinates":[-84.20248,33.945736]},"properties":{"brand":"Flock Safety"}},{"type":"Feature","geometry":{"type":"Point","coordinates":[-84.204935,33.945096]},"properties":{"brand":""}},{"type":"Feature","geometry":{"type":"Point","coordinates":[-84.206788,33.944111]},"properties":{"brand":""}},{"type":"Feature","geometry":{"type":"Point","coordinates":[-84.249007,33.940259]},"properties":{"brand":"Flock Safety"}},{"type":"Feature","geometry":{"type":"Point","coordinates":[-84.247972,33.938083]},"properties":{"brand":"Flock Safety"}},{"type":"Feature","geometry":{"type":"Point","coordinates":[-84.248278,33.937682]},"properties":{"brand":"Flock Safety"}},{"type":"Feature","geometry":{"type":"Point","coordinates":[-84.248592,33.936964]},"properties":{"brand":"Flock Safety"}},{"type":"Feature","geometry":{"type":"Point","coordinates":[-84.247232,33.938085]},"properties":{"brand":"Flock Safety"}},{"type":"Feature","geometry":{"type":"Point","coordinates":[-84.24735,33.926569]},"properties":{"brand":"Flock Safety"}},{"type":"Feature","geometry":{"type":"Point","coordinates":[-84.222498,33.932816]},"properties":{"brand":"Flock Safety"}},{"type":"Feature","geometry":{"type":"Point","coordinates":[-84.223586,33.932082]},"properties":{"brand":"Flock Safety"}},{"type":"Feature","geometry":{"type":"Point","coordinates":[-84.222214,33.93166]},"properties":{"brand":"Flock Safety"}},{"type":"Feature","geometry":{"type":"Point","coordinates":[-84.221749,33.9322]},"properties":{"brand":""}},{"type":"Feature","geometry":{"type":"Point","coordinates":[-84.240278,33.943391]},"properties":{"brand":""}},{"type":"Feature","geometry":{"type":"Point","coordinates":[-84.240749,33.944745]},"properties":{"brand":"Flock Safety"}},{"type":"Feature","geometry":{"type":"Point","coordinates":[-84.190215,33.922623]},"properties":{"brand":"Flock Safety"}},{"type":"Feature","geometry":{"type":"Point","coordinates":[-84.190334,33.922337]},"properties":{"brand":"Flock Safety"}},{"type":"Feature","geometry":{"type":"Point","coordinates":[-84.197787,33.919644]},"properties":{"brand":"Flock Safety"}},{"type":"Feature","geometry":{"type":"Point","coordinates":[-84.197868,33.918691]},"properties":{"brand":"Flock Safety"}},{"type":"Feature","geometry":{"type":"Point","coordinates":[-84.188633,33.922977]},"properties":{"brand":"Flock Safety"}},{"type":"Feature","geometry":{"type":"Point","coordinates":[-84.179413,33.929787]},"properties":{"brand":"Flock Safety"}},{"type":"Feature","geometry":{"type":"Point","coordinates":[-84.178245,33.929958]},"properties":{"brand":"Flock Safety"}},{"type":"Feature","geometry":{"type":"Point","coordinates":[-84.17799,33.930363]},"properties":{"brand":"Flock Safety"}},{"type":"Feature","geometry":{"type":"Point","coordinates":[-84.177494,33.930087]},"properties":{"brand":"Flock Safety"}},{"type":"Feature","geometry":{"type":"Point","coordinates":[-84.177533,33.930801]},"properties":{"brand":"Flock Safety"}},{"type":"Feature","geometry":{"type":"Point","coordinates":[-84.916903,34.44186]},"properties":{"brand":"Flock Safety"}},{"type":"Feature","geometry":{"type":"Point","coordinates":[-85.026653,34.384374]},"properties":{"brand":"Flock Safety"}},{"type":"Feature","geometry":{"type":"Point","coordinates":[-85.098136,34.440029]},"properties":{"brand":"Flock Safety"}},{"type":"Feature","geometry":{"type":"Point","coordinates":[-85.098181,34.440157]},"properties":{"brand":"Flock Safety"}},{"type":"Feature","geometry":{"type":"Point","coordinates":[-85.02631,34.384342]},"properties":{"brand":"Flock Safety"}},{"type":"Feature","geometry":{"type":"Point","coordinates":[-85.234,34.271905]},"properties":{"brand":"Flock Safety"}},{"type":"Feature","geometry":{"type":"Point","coordinates":[-85.227156,34.285513]},"properties":{"brand":"Flock Safety"}},{"type":"Feature","geometry":{"type":"Point","coordinates":[-85.152096,34.271065]},"properties":{"brand":"Flock Safety"}},{"type":"Feature","geometry":{"type":"Point","coordinates":[-85.216191,34.269173]},"properties":{"brand":"Flock Safety"}},{"type":"Feature","geometry":{"type":"Point","coordinates":[-84.337585,33.865501]},"properties":{"brand":"Flock Safety"}},{"type":"Feature","geometry":{"type":"Point","coordinates":[-84.356433,33.885019]},"properties":{"brand":"Flock Safety"}},{"type":"Feature","geometry":{"type":"Point","coordinates":[-84.322407,33.842012]},"properties":{"brand":"Flock Safety"}},{"type":"Feature","geometry":{"type":"Point","coordinates":[-84.322348,33.842252]},"properties":{"brand":"Flock Safety"}},{"type":"Feature","geometry":{"type":"Point","coordinates":[-84.328807,33.895027]},"properties":{"brand":"Flock Safety"}},{"type":"Feature","geometry":{"type":"Point","coordinates":[-84.330342,33.89761]},"properties":{"brand":"Flock Safety"}},{"type":"Feature","geometry":{"type":"Point","coordinates":[-84.313332,33.893724]},"properties":{"brand":"Flock Safety"}},{"type":"Feature","geometry":{"type":"Point","coordinates":[-84.29818,33.868484]},"properties":{"brand":"Flock Safety"}},{"type":"Feature","geometry":{"type":"Point","coordinates":[-83.912161,34.03503]},"properties":{"brand":"Flock Safety"}},{"type":"Feature","geometry":{"type":"Point","coordinates":[-84.069571,34.000037]},"properties":{"brand":"Flock Safety"}},{"type":"Feature","geometry":{"type":"Point","coordinates":[-84.073745,33.976333]},"properties":{"brand":"Flock Safety"}},{"type":"Feature","geometry":{"type":"Point","coordinates":[-84.080055,33.985804]},"properties":{"brand":"Flock Safety"}},{"type":"Feature","geometry":{"type":"Point","coordinates":[-84.088594,33.988691]},"properties":{"brand":"Flock Safety"}},{"type":"Feature","geometry":{"type":"Point","coordinates":[-84.067069,34.001086]},"properties":{"brand":"Flock Safety"}},{"type":"Feature","geometry":{"type":"Point","coordinates":[-84.072815,33.994922]},"properties":{"brand":"Flock Safety"}},{"type":"Feature","geometry":{"type":"Point","coordinates":[-83.729576,32.50424]},"properties":{"brand":"Flock Safety"}},{"type":"Feature","geometry":{"type":"Point","coordinates":[-84.056548,33.955817]},"properties":{"brand":"Flock Safety"}},{"type":"Feature","geometry":{"type":"Point","coordinates":[-84.016537,33.970483]},"properties":{"brand":"Flock Safety"}},{"type":"Feature","geometry":{"type":"Point","coordinates":[-84.016014,33.969554]},"properties":{"brand":"Flock Safety"}},{"type":"Feature","geometry":{"type":"Point","coordinates":[-84.070868,33.970097]},"properties":{"brand":"Flock Safety"}},{"type":"Feature","geometry":{"type":"Point","coordinates":[-84.070375,33.969032]},"properties":{"brand":"Flock Safety"}},{"type":"Feature","geometry":{"type":"Point","coordinates":[-84.091637,33.997011]},"properties":{"brand":"Flock Safety"}},{"type":"Feature","geometry":{"type":"Point","coordinates":[-84.090638,33.996803]},"properties":{"brand":"Flock Safety"}},{"type":"Feature","geometry":{"type":"Point","coordinates":[-84.089819,33.997077]},"properties":{"brand":"Flock Safety"}},{"type":"Feature","geometry":{"type":"Point","coordinates":[-84.091515,33.997928]},"properties":{"brand":"Flock Safety"}},{"type":"Feature","geometry":{"type":"Point","coordinates":[-84.090677,33.998331]},"properties":{"brand":"Flock Safety"}},{"type":"Feature","geometry":{"type":"Point","coordinates":[-84.07255,34.000853]},"properties":{"brand":"Flock Safety"}},{"type":"Feature","geometry":{"type":"Point","coordinates":[-84.087601,33.989451]},"properties":{"brand":"Flock Safety"}},{"type":"Feature","geometry":{"type":"Point","coordinates":[-84.088261,33.989802]},"properties":{"brand":"Flock Safety"}},{"type":"Feature","geometry":{"type":"Point","coordinates":[-84.017815,33.96869]},"properties":{"brand":"Flock Safety"}},{"type":"Feature","geometry":{"type":"Point","coordinates":[-84.079498,33.985643]},"properties":{"brand":"Flock Safety"}},{"type":"Feature","geometry":{"type":"Point","coordinates":[-84.079172,33.987572]},"properties":{"brand":"Flock Safety"}},{"type":"Feature","geometry":{"type":"Point","coordinates":[-85.005219,34.369067]},"properties":{"brand":"Flock Safety"}},{"type":"Feature","geometry":{"type":"Point","coordinates":[-85.227979,34.412348]},"properties":{"brand":"Flock Safety"}},{"type":"Feature","geometry":{"type":"Point","coordinates":[-85.309776,34.525726]},"properties":{"brand":"Flock Safety"}},{"type":"Feature","geometry":{"type":"Point","coordinates":[-85.02867,34.368379]},"properties":{"brand":"Flock Safety"}},{"type":"Feature","geometry":{"type":"Point","coordinates":[-84.082848,33.976649]},"properties":{"brand":"Flock Safety"}},{"type":"Feature","geometry":{"type":"Point","coordinates":[-84.083175,33.977121]},"properties":{"brand":"Flock Safety"}},{"type":"Feature","geometry":{"type":"Point","coordinates":[-84.07925,33.977497]},"properties":{"brand":"Flock Safety"}},{"type":"Feature","geometry":{"type":"Point","coordinates":[-84.075191,33.979348]},"properties":{"brand":"Flock Safety"}},{"type":"Feature","geometry":{"type":"Point","coordinates":[-84.137912,33.949093]},"properties":{"brand":"Flock Safety"}},{"type":"Feature","geometry":{"type":"Point","coordinates":[-84.139749,33.951149]},"properties":{"brand":"Flock Safety"}},{"type":"Feature","geometry":{"type":"Point","coordinates":[-84.079343,33.98839]},"properties":{"brand":"Flock Safety"}},{"type":"Feature","geometry":{"type":"Point","coordinates":[-84.079669,33.987389]},"properties":{"brand":"Flock Safety"}},{"type":"Feature","geometry":{"type":"Point","coordinates":[-84.207279,33.910815]},"properties":{"brand":"Flock Safety"}},{"type":"Feature","geometry":{"type":"Point","coordinates":[-84.20618,33.908791]},"properties":{"brand":"Flock Safety"}},{"type":"Feature","geometry":{"type":"Point","coordinates":[-83.994396,33.974044]},"properties":{"brand":"Flock Safety"}},{"type":"Feature","geometry":{"type":"Point","coordinates":[-83.997744,33.97922]},"properties":{"brand":"Flock Safety"}},{"type":"Feature","geometry":{"type":"Point","coordinates":[-83.997604,33.979761]},"properties":{"brand":"Flock Safety"}},{"type":"Feature","geometry":{"type":"Point","coordinates":[-84.018001,33.967652]},"properties":{"brand":"Flock Safety"}},{"type":"Feature","geometry":{"type":"Point","coordinates":[-84.042998,34.021871]},"properties":{"brand":"Flock Safety"}},{"type":"Feature","geometry":{"type":"Point","coordinates":[-84.038126,33.967829]},"properties":{"brand":"Flock Safety"}},{"type":"Feature","geometry":{"type":"Point","coordinates":[-83.693501,32.549143]},"properties":{"brand":"Flock Safety"}},{"type":"Feature","geometry":{"type":"Point","coordinates":[-83.662894,32.503719]},"properties":{"brand":"Flock Safety"}},{"type":"Feature","geometry":{"type":"Point","coordinates":[-83.662531,32.503996]},"properties":{"brand":"Flock Safety"}},{"type":"Feature","geometry":{"type":"Point","coordinates":[-84.364444,33.955212]},"properties":{"brand":"Flock Safety"}},{"type":"Feature","geometry":{"type":"Point","coordinates":[-84.354277,33.957218]},"properties":{"brand":"Flock Safety"}},{"type":"Feature","geometry":{"type":"Point","coordinates":[-84.509845,33.796403]},"properties":{"brand":"Flock Safety"}},{"type":"Feature","geometry":{"type":"Point","coordinates":[-84.508822,33.796095]},"properties":{"brand":"Flock Safety"}},{"type":"Feature","geometry":{"type":"Point","coordinates":[-84.278683,34.093971]},"properties":{"brand":"Flock Safety"}},{"type":"Feature","geometry":{"type":"Point","coordinates":[-84.258633,34.088444]},"properties":{"brand":"Flock Safety"}},{"type":"Feature","geometry":{"type":"Point","coordinates":[-84.273424,33.988981]},"properties":{"brand":"Flock Safety"}},{"type":"Feature","geometry":{"type":"Point","coordinates":[-84.276475,34.004629]},"properties":{"brand":"Flock Safety"}},{"type":"Feature","geometry":{"type":"Point","coordinates":[-84.287356,34.021658]},"properties":{"brand":"Flock Safety"}},{"type":"Feature","geometry":{"type":"Point","coordinates":[-84.290048,34.032564]},"properties":{"brand":"Flock Safety"}},{"type":"Feature","geometry":{"type":"Point","coordinates":[-84.304572,34.048683]},"properties":{"brand":"Flock Safety"}},{"type":"Feature","geometry":{"type":"Point","coordinates":[-84.498021,33.944696]},"properties":{"brand":"Flock Safety"}},{"type":"Feature","geometry":{"type":"Point","coordinates":[-84.528597,33.998039]},"properties":{"brand":"Flock Safety"}},{"type":"Feature","geometry":{"type":"Point","coordinates":[-84.548264,33.968173]},"properties":{"brand":"Flock Safety"}},{"type":"Feature","geometry":{"type":"Point","coordinates":[-84.549518,33.967707]},"properties":{"brand":"Flock Safety"}},{"type":"Feature","geometry":{"type":"Point","coordinates":[-84.550071,33.966321]},"properties":{"brand":"Flock Safety"}},{"type":"Feature","geometry":{"type":"Point","coordinates":[-84.550257,33.956757]},"properties":{"brand":"Flock Safety"}},{"type":"Feature","geometry":{"type":"Point","coordinates":[-84.168839,34.030443]},"properties":{"brand":"Flock Safety"}},{"type":"Feature","geometry":{"type":"Point","coordinates":[-84.168699,34.030381]},"properties":{"brand":"Flock Safety"}},{"type":"Feature","geometry":{"type":"Point","coordinates":[-84.0825,33.949227]},"properties":{"brand":"Flock Safety"}},{"type":"Feature","geometry":{"type":"Point","coordinates":[-84.082776,33.948271]},"properties":{"brand":"Flock Safety"}},{"type":"Feature","geometry":{"type":"Point","coordinates":[-84.10362,33.909679]},"properties":{"brand":"Flock Safety"}},{"type":"Feature","geometry":{"type":"Point","coordinates":[-84.157018,33.934406]},"properties":{"brand":"Flock Safety"}},{"type":"Feature","geometry":{"type":"Point","coordinates":[-84.075729,34.0019]},"properties":{"brand":"Flock Safety"}},{"type":"Feature","geometry":{"type":"Point","coordinates":[-84.28923,34.060821]},"properties":{"brand":"Flock Safety"}},{"type":"Feature","geometry":{"type":"Point","coordinates":[-84.289352,34.060747]},"properties":{"brand":"Flock Safety"}},{"type":"Feature","geometry":{"type":"Point","coordinates":[-84.331588,34.045986]},"properties":{"brand":"Flock Safety"}},{"type":"Feature","geometry":{"type":"Point","coordinates":[-84.324411,34.042019]},"properties":{"brand":"Flock Safety"}},{"type":"Feature","geometry":{"type":"Point","coordinates":[-84.323846,34.040987]},"properties":{"brand":"Flock Safety"}},{"type":"Feature","geometry":{"type":"Point","coordinates":[-84.402781,33.773675]},"properties":{"brand":"Motorola Solutions"}},{"type":"Feature","geometry":{"type":"Point","coordinates":[-84.4174,33.78273]},"properties":{"brand":"Flock Safety"}},{"type":"Feature","geometry":{"type":"Point","coordinates":[-84.263175,34.085087]},"properties":{"brand":"Flock Safety"}},{"type":"Feature","geometry":{"type":"Point","coordinates":[-84.536077,33.870475]},"properties":{"brand":"Flock Safety"}},{"type":"Feature","geometry":{"type":"Point","coordinates":[-84.540791,33.899903]},"properties":{"brand":"Flock Safety"}},{"type":"Feature","geometry":{"type":"Point","coordinates":[-84.549672,33.918822]},"properties":{"brand":"Flock Safety"}},{"type":"Feature","geometry":{"type":"Point","coordinates":[-84.553503,33.938372]},"properties":{"brand":"Flock Safety"}},{"type":"Feature","geometry":{"type":"Point","coordinates":[-84.389008,34.118658]},"properties":{"brand":"Flock Safety"}},{"type":"Feature","geometry":{"type":"Point","coordinates":[-84.38763,34.117583]},"properties":{"brand":"Flock Safety"}},{"type":"Feature","geometry":{"type":"Point","coordinates":[-84.391482,34.119794]},"properties":{"brand":"Flock Safety"}},{"type":"Feature","geometry":{"type":"Point","coordinates":[-84.361038,34.089447]},"properties":{"brand":"Flock Safety"}},{"type":"Feature","geometry":{"type":"Point","coordinates":[-84.490391,33.826241]},"properties":{"brand":"Flock Safety"}},{"type":"Feature","geometry":{"type":"Point","coordinates":[-84.361296,34.047479]},"properties":{"brand":"Flock Safety"}},{"type":"Feature","geometry":{"type":"Point","coordinates":[-84.343561,34.043313]},"properties":{"brand":"Flock Safety"}},{"type":"Feature","geometry":{"type":"Point","coordinates":[-84.345382,34.061112]},"properties":{"brand":"Flock Safety"}},{"type":"Feature","geometry":{"type":"Point","coordinates":[-84.3465,34.061412]},"properties":{"brand":"Flock Safety"}},{"type":"Feature","geometry":{"type":"Point","coordinates":[-84.354474,34.076474]},"properties":{"brand":"Flock Safety"}},{"type":"Feature","geometry":{"type":"Point","coordinates":[-84.41049,34.236828]},"properties":{"brand":"Flock Safety"}},{"type":"Feature","geometry":{"type":"Point","coordinates":[-84.462626,34.238572]},"properties":{"brand":"Flock Safety"}},{"type":"Feature","geometry":{"type":"Point","coordinates":[-84.493925,33.899492]},"properties":{"brand":"Flock Safety"}},{"type":"Feature","geometry":{"type":"Point","coordinates":[-84.493444,33.899586]},"properties":{"brand":"Flock Safety"}},{"type":"Feature","geometry":{"type":"Point","coordinates":[-84.43975,33.863247]},"properties":{"brand":"Flock Safety"}},{"type":"Feature","geometry":{"type":"Point","coordinates":[-84.289644,34.070359]},"properties":{"brand":"Flock Safety"}},{"type":"Feature","geometry":{"type":"Point","coordinates":[-84.308387,34.042716]},"properties":{"brand":"Flock Safety"}},{"type":"Feature","geometry":{"type":"Point","coordinates":[-84.322655,34.021236]},"properties":{"brand":"Flock Safety"}},{"type":"Feature","geometry":{"type":"Point","coordinates":[-84.317193,34.020491]},"properties":{"brand":"Flock Safety"}},{"type":"Feature","geometry":{"type":"Point","coordinates":[-84.289848,34.026336]},"properties":{"brand":"Flock Safety"}},{"type":"Feature","geometry":{"type":"Point","coordinates":[-84.288134,34.040103]},"properties":{"brand":"Flock Safety"}},{"type":"Feature","geometry":{"type":"Point","coordinates":[-84.259189,34.044978]},"properties":{"brand":"Flock Safety"}},{"type":"Feature","geometry":{"type":"Point","coordinates":[-84.468285,33.882844]},"properties":{"brand":"Flock Safety"}},{"type":"Feature","geometry":{"type":"Point","coordinates":[-84.468525,33.882544]},"properties":{"brand":"Flock Safety"}},{"type":"Feature","geometry":{"type":"Point","coordinates":[-84.468396,33.882428]},"properties":{"brand":"Flock Safety"}},{"type":"Feature","geometry":{"type":"Point","coordinates":[-84.46654,33.881731]},"properties":{"brand":"Flock Safety"}},{"type":"Feature","geometry":{"type":"Point","coordinates":[-84.466549,33.881359]},"properties":{"brand":"Flock Safety"}},{"type":"Feature","geometry":{"type":"Point","coordinates":[-84.464885,33.879841]},"properties":{"brand":"Flock Safety"}},{"type":"Feature","geometry":{"type":"Point","coordinates":[-84.465517,33.879754]},"properties":{"brand":"Flock Safety"}},{"type":"Feature","geometry":{"type":"Point","coordinates":[-83.923807,34.007951]},"properties":{"brand":"Flock Safety"}},{"type":"Feature","geometry":{"type":"Point","coordinates":[-83.92123,34.006539]},"properties":{"brand":"Flock Safety"}},{"type":"Feature","geometry":{"type":"Point","coordinates":[-85.166402,34.31345]},"properties":{"brand":"Flock Safety"}},{"type":"Feature","geometry":{"type":"Point","coordinates":[-84.326408,33.764915]},"properties":{"brand":"Flock Safety"}},{"type":"Feature","geometry":{"type":"Point","coordinates":[-84.465827,33.878222]},"properties":{"brand":"Flock Safety"}},{"type":"Feature","geometry":{"type":"Point","coordinates":[-84.468345,33.878417]},"properties":{"brand":"Flock Safety"}},{"type":"Feature","geometry":{"type":"Point","coordinates":[-84.468437,33.878514]},"properties":{"brand":"Flock Safety"}},{"type":"Feature","geometry":{"type":"Point","coordinates":[-84.473773,33.880344]},"properties":{"brand":"Flock Safety"}},{"type":"Feature","geometry":{"type":"Point","coordinates":[-84.2956,34.092493]},"properties":{"brand":"Flock Safety"}},{"type":"Feature","geometry":{"type":"Point","coordinates":[-84.295687,34.092505]},"properties":{"brand":"Flock Safety"}},{"type":"Feature","geometry":{"type":"Point","coordinates":[-84.344436,34.035527]},"properties":{"brand":"Flock Safety"}},{"type":"Feature","geometry":{"type":"Point","coordinates":[-84.36229,34.017194]},"properties":{"brand":"Flock Safety"}},{"type":"Feature","geometry":{"type":"Point","coordinates":[-84.364117,34.014443]},"properties":{"brand":"Flock Safety"}},{"type":"Feature","geometry":{"type":"Point","coordinates":[-84.397058,34.002113]},"properties":{"brand":"Flock Safety"}},{"type":"Feature","geometry":{"type":"Point","coordinates":[-84.443383,33.979231]},"properties":{"brand":"Flock Safety"}},{"type":"Feature","geometry":{"type":"Point","coordinates":[-84.443492,33.979079]},"properties":{"brand":"Flock Safety"}},{"type":"Feature","geometry":{"type":"Point","coordinates":[-84.444362,33.979173]},"properties":{"brand":"Flock Safety"}},{"type":"Feature","geometry":{"type":"Point","coordinates":[-84.53775,33.950537]},"properties":{"brand":"Flock Safety"}},{"type":"Feature","geometry":{"type":"Point","coordinates":[-84.55888,33.934387]},"properties":{"brand":"Flock Safety"}},{"type":"Feature","geometry":{"type":"Point","coordinates":[-84.582366,33.909854]},"properties":{"brand":"Flock Safety"}},{"type":"Feature","geometry":{"type":"Point","coordinates":[-84.582478,33.908546]},"properties":{"brand":"Flock Safety"}},{"type":"Feature","geometry":{"type":"Point","coordinates":[-84.580746,33.902102]},"properties":{"brand":"Flock Safety"}},{"type":"Feature","geometry":{"type":"Point","coordinates":[-84.573284,33.898475]},"properties":{"brand":"Flock Safety"}},{"type":"Feature","geometry":{"type":"Point","coordinates":[-84.271772,34.070076]},"properties":{"brand":"Flock Safety"}},{"type":"Feature","geometry":{"type":"Point","coordinates":[-84.25769,34.000104]},"properties":{"brand":"Flock Safety"}},{"type":"Feature","geometry":{"type":"Point","coordinates":[-84.268876,33.985433]},"properties":{"brand":"Flock Safety"}},{"type":"Feature","geometry":{"type":"Point","coordinates":[-84.264719,33.97648]},"properties":{"brand":"Flock Safety"}},{"type":"Feature","geometry":{"type":"Point","coordinates":[-84.264903,33.97634]},"properties":{"brand":"Flock Safety"}},{"type":"Feature","geometry":{"type":"Point","coordinates":[-84.257974,33.967959]},"properties":{"brand":"Flock Safety"}},{"type":"Feature","geometry":{"type":"Point","coordinates":[-84.24698,33.959045]},"properties":{"brand":"Flock Safety"}},{"type":"Feature","geometry":{"type":"Point","coordinates":[-84.250945,33.945081]},"properties":{"brand":"Flock Safety"}},{"type":"Feature","geometry":{"type":"Point","coordinates":[-84.265534,33.931032]},"properties":{"brand":"Flock Safety"}},{"type":"Feature","geometry":{"type":"Point","coordinates":[-84.274981,33.926954]},"properties":{"brand":"Flock Safety"}},{"type":"Feature","geometry":{"type":"Point","coordinates":[-84.252002,33.768295]},"properties":{"brand":"Flock Safety"}},{"type":"Feature","geometry":{"type":"Point","coordinates":[-84.274473,33.750564]},"properties":{"brand":"Flock Safety"}},{"type":"Feature","geometry":{"type":"Point","coordinates":[-84.275965,33.750082]},"properties":{"brand":"Flock Safety"}},{"type":"Feature","geometry":{"type":"Point","coordinates":[-84.286308,33.747268]},"properties":{"brand":"Flock Safety"}},{"type":"Feature","geometry":{"type":"Point","coordinates":[-84.480562,33.895768]},"properties":{"brand":"Flock Safety"}},{"type":"Feature","geometry":{"type":"Point","coordinates":[-84.471207,33.879438]},"properties":{"brand":"Flock Safety"}},{"type":"Feature","geometry":{"type":"Point","coordinates":[-84.47136,33.879517]},"properties":{"brand":"Flock Safety"}},{"type":"Feature","geometry":{"type":"Point","coordinates":[-84.348885,33.773929]},"properties":{"brand":"Axon Enterprise"}},{"type":"Feature","geometry":{"type":"Point","coordinates":[-84.344841,33.774477]},"properties":{"brand":"Flock Safety"}},{"type":"Feature","geometry":{"type":"Point","coordinates":[-84.630805,33.867465]},"properties":{"brand":"Flock Safety"}},{"type":"Feature","geometry":{"type":"Point","coordinates":[-84.466915,34.392939]},"properties":{"brand":"Flock Safety"}},{"type":"Feature","geometry":{"type":"Point","coordinates":[-83.610047,32.592597]},"properties":{"brand":"Flock Safety"}},{"type":"Feature","geometry":{"type":"Point","coordinates":[-83.920432,34.006704]},"properties":{"brand":"Flock Safety"}},{"type":"Feature","geometry":{"type":"Point","coordinates":[-81.984748,33.473333]},"properties":{"brand":"Leonardo"}},{"type":"Feature","geometry":{"type":"Point","coordinates":[-81.962651,33.466137]},"properties":{"brand":"Flock Safety"}},{"type":"Feature","geometry":{"type":"Point","coordinates":[-84.648896,33.876538]},"properties":{"brand":"Flock Safety"}},{"type":"Feature","geometry":{"type":"Point","coordinates":[-84.658796,33.876591]},"properties":{"brand":"Flock Safety"}},{"type":"Feature","geometry":{"type":"Point","coordinates":[-84.633433,33.869491]},"properties":{"brand":"Flock Safety"}},{"type":"Feature","geometry":{"type":"Point","coordinates":[-84.836879,34.044285]},"properties":{"brand":"Flock Safety"}},{"type":"Feature","geometry":{"type":"Point","coordinates":[-84.843703,33.929002]},"properties":{"brand":"Flock Safety"}},{"type":"Feature","geometry":{"type":"Point","coordinates":[-84.80158,33.902737]},"properties":{"brand":"Flock Safety"}},{"type":"Feature","geometry":{"type":"Point","coordinates":[-84.801549,33.902738]},"properties":{"brand":"Flock Safety"}},{"type":"Feature","geometry":{"type":"Point","coordinates":[-84.486957,34.358578]},"properties":{"brand":"Flock Safety"}},{"type":"Feature","geometry":{"type":"Point","coordinates":[-84.476068,34.379808]},"properties":{"brand":"Flock Safety"}},{"type":"Feature","geometry":{"type":"Point","coordinates":[-84.476991,34.378785]},"properties":{"brand":"Flock Safety"}},{"type":"Feature","geometry":{"type":"Point","coordinates":[-80.863555,35.043021]},"properties":{"brand":"Flock Safety"}},{"type":"Feature","geometry":{"type":"Point","coordinates":[-80.863493,35.042889]},"properties":{"brand":"Flock Safety"}},{"type":"Feature","geometry":{"type":"Point","coordinates":[-80.867342,35.048938]},"properties":{"brand":"Flock Safety"}},{"type":"Feature","geometry":{"type":"Point","coordinates":[-84.633369,33.868878]},"properties":{"brand":"Flock Safety"}},{"type":"Feature","geometry":{"type":"Point","coordinates":[-84.018279,33.972945]},"properties":{"brand":"Flock Safety"}},{"type":"Feature","geometry":{"type":"Point","coordinates":[-83.99805,33.97894]},"properties":{"brand":"Flock Safety"}},{"type":"Feature","geometry":{"type":"Point","coordinates":[-84.807085,34.273047]},"properties":{"brand":"Flock Safety"}},{"type":"Feature","geometry":{"type":"Point","coordinates":[-83.983844,33.990032]},"properties":{"brand":"Flock Safety"}},{"type":"Feature","geometry":{"type":"Point","coordinates":[-83.90993,34.035663]},"properties":{"brand":"Flock Safety"}},{"type":"Feature","geometry":{"type":"Point","coordinates":[-83.945742,34.061988]},"properties":{"brand":"Flock Safety"}},{"type":"Feature","geometry":{"type":"Point","coordinates":[-83.948145,34.064473]},"properties":{"brand":"Flock Safety"}},{"type":"Feature","geometry":{"type":"Point","coordinates":[-84.392969,34.4123]},"properties":{"brand":"Flock Safety"}},{"type":"Feature","geometry":{"type":"Point","coordinates":[-84.067518,34.000613]},"properties":{"brand":"Flock Safety"}},{"type":"Feature","geometry":{"type":"Point","coordinates":[-84.217578,33.967978]},"properties":{"brand":"Flock Safety"}},{"type":"Feature","geometry":{"type":"Point","coordinates":[-84.091338,34.247866]},"properties":{"brand":"Flock Safety"}},{"type":"Feature","geometry":{"type":"Point","coordinates":[-84.095168,34.240046]},"properties":{"brand":"Flock Safety"}},{"type":"Feature","geometry":{"type":"Point","coordinates":[-84.133114,34.180208]},"properties":{"brand":"Flock Safety"}},{"type":"Feature","geometry":{"type":"Point","coordinates":[-84.339612,33.856133]},"properties":{"brand":"Flock Safety"}},{"type":"Feature","geometry":{"type":"Point","coordinates":[-85.233283,34.258893]},"properties":{"brand":"Flock Safety"}},{"type":"Feature","geometry":{"type":"Point","coordinates":[-85.201665,34.191604]},"properties":{"brand":"Flock Safety"}},{"type":"Feature","geometry":{"type":"Point","coordinates":[-85.237175,34.193792]},"properties":{"brand":"Flock Safety"}},{"type":"Feature","geometry":{"type":"Point","coordinates":[-85.247792,34.271629]},"properties":{"brand":"Flock Safety"}},{"type":"Feature","geometry":{"type":"Point","coordinates":[-84.130582,33.953108]},"properties":{"brand":"Flock Safety"}},{"type":"Feature","geometry":{"type":"Point","coordinates":[-84.089785,34.000026]},"properties":{"brand":"Flock Safety"}},{"type":"Feature","geometry":{"type":"Point","coordinates":[-84.092055,33.995903]},"properties":{"brand":"Flock Safety"}},{"type":"Feature","geometry":{"type":"Point","coordinates":[-84.132648,33.957204]},"properties":{"brand":"Flock Safety"}},{"type":"Feature","geometry":{"type":"Point","coordinates":[-84.115151,33.961706]},"properties":{"brand":"Flock Safety"}},{"type":"Feature","geometry":{"type":"Point","coordinates":[-84.097835,33.970091]},"properties":{"brand":"Flock Safety"}},{"type":"Feature","geometry":{"type":"Point","coordinates":[-84.09762,33.969384]},"properties":{"brand":"Flock Safety"}},{"type":"Feature","geometry":{"type":"Point","coordinates":[-84.093674,33.97724]},"properties":{"brand":"Flock Safety"}},{"type":"Feature","geometry":{"type":"Point","coordinates":[-84.093225,33.977722]},"properties":{"brand":"Flock Safety"}},{"type":"Feature","geometry":{"type":"Point","coordinates":[-84.092721,33.997467]},"properties":{"brand":"Flock Safety"}},{"type":"Feature","geometry":{"type":"Point","coordinates":[-83.979482,34.478873]},"properties":{"brand":"Flock Safety"}},{"type":"Feature","geometry":{"type":"Point","coordinates":[-83.974339,34.540768]},"properties":{"brand":"Flock Safety"}},{"type":"Feature","geometry":{"type":"Point","coordinates":[-83.970622,34.588597]},"properties":{"brand":"Flock Safety"}},{"type":"Feature","geometry":{"type":"Point","coordinates":[-84.131547,33.955405]},"properties":{"brand":"Flock Safety"}},{"type":"Feature","geometry":{"type":"Point","coordinates":[-84.138875,33.951268]},"properties":{"brand":"Flock Safety"}},{"type":"Feature","geometry":{"type":"Point","coordinates":[-84.142068,33.962465]},"properties":{"brand":"Flock Safety"}},{"type":"Feature","geometry":{"type":"Point","coordinates":[-84.141635,33.962834]},"properties":{"brand":"Flock Safety"}},{"type":"Feature","geometry":{"type":"Point","coordinates":[-84.13149,33.954106]},"properties":{"brand":"Flock Safety"}},{"type":"Feature","geometry":{"type":"Point","coordinates":[-84.139026,33.964096]},"properties":{"brand":"Flock Safety"}},{"type":"Feature","geometry":{"type":"Point","coordinates":[-84.129863,33.964833]},"properties":{"brand":"Flock Safety"}},{"type":"Feature","geometry":{"type":"Point","coordinates":[-84.131751,33.954337]},"properties":{"brand":"Flock Safety"}},{"type":"Feature","geometry":{"type":"Point","coordinates":[-83.972712,33.983861]},"properties":{"brand":"Flock Safety"}},{"type":"Feature","geometry":{"type":"Point","coordinates":[-83.97358,33.990398]},"properties":{"brand":"Flock Safety"}},{"type":"Feature","geometry":{"type":"Point","coordinates":[-84.04587,34.520074]},"properties":{"brand":"Flock Safety"}},{"type":"Feature","geometry":{"type":"Point","coordinates":[-84.259782,34.090908]},"properties":{"brand":"Flock Safety"}},{"type":"Feature","geometry":{"type":"Point","coordinates":[-84.446023,34.446212]},"properties":{"brand":"Flock Safety"}},{"type":"Feature","geometry":{"type":"Point","coordinates":[-84.554133,34.317924]},"properties":{"brand":"Flock Safety"}},{"type":"Feature","geometry":{"type":"Point","coordinates":[-85.452236,34.251715]},"properties":{"brand":"Flock Safety"}},{"type":"Feature","geometry":{"type":"Point","coordinates":[-84.446234,34.446445]},"properties":{"brand":"Flock Safety"}},{"type":"Feature","geometry":{"type":"Point","coordinates":[-84.556348,34.319433]},"properties":{"brand":"Flock Safety"}},{"type":"Feature","geometry":{"type":"Point","coordinates":[-84.448122,34.44695]},"properties":{"brand":"Flock Safety"}},{"type":"Feature","geometry":{"type":"Point","coordinates":[-84.448024,34.447024]},"properties":{"brand":"Flock Safety"}},{"type":"Feature","geometry":{"type":"Point","coordinates":[-84.597184,34.349136]},"properties":{"brand":"Flock Safety"}},{"type":"Feature","geometry":{"type":"Point","coordinates":[-84.715547,34.343445]},"properties":{"brand":"Flock Safety"}},{"type":"Feature","geometry":{"type":"Point","coordinates":[-84.544053,34.324077]},"properties":{"brand":"Flock Safety"}},{"type":"Feature","geometry":{"type":"Point","coordinates":[-84.904766,34.380025]},"properties":{"brand":"Flock Safety"}},{"type":"Feature","geometry":{"type":"Point","coordinates":[-84.943799,34.376428]},"properties":{"brand":"Flock Safety"}},{"type":"Feature","geometry":{"type":"Point","coordinates":[-84.916972,34.377083]},"properties":{"brand":"Flock Safety"}},{"type":"Feature","geometry":{"type":"Point","coordinates":[-84.338552,34.180036]},"properties":{"brand":"Flock Safety"}},{"type":"Feature","geometry":{"type":"Point","coordinates":[-84.339669,34.181273]},"properties":{"brand":"Flock Safety"}},{"type":"Feature","geometry":{"type":"Point","coordinates":[-84.428497,33.596964]},"properties":{"brand":"Flock Safety"}},{"type":"Feature","geometry":{"type":"Point","coordinates":[-84.429096,33.596864]},"properties":{"brand":"Flock Safety"}},{"type":"Feature","geometry":{"type":"Point","coordinates":[-84.40825,33.594069]},"properties":{"brand":"Flock Safety"}},{"type":"Feature","geometry":{"type":"Point","coordinates":[-84.428812,33.59948]},"properties":{"brand":"Flock Safety"}},{"type":"Feature","geometry":{"type":"Point","coordinates":[-84.435656,33.60722]},"properties":{"brand":"Flock Safety"}},{"type":"Feature","geometry":{"type":"Point","coordinates":[-83.994213,34.548964]},"properties":{"brand":"Flock Safety"}},{"type":"Feature","geometry":{"type":"Point","coordinates":[-84.3684,33.741585]},"properties":{"brand":"Flock Safety"}},{"type":"Feature","geometry":{"type":"Point","coordinates":[-84.287825,34.055438]},"properties":{"brand":"Flock Safety"}},{"type":"Feature","geometry":{"type":"Point","coordinates":[-83.99982,33.917244]},"properties":{"brand":"Flock Safety"}},{"type":"Feature","geometry":{"type":"Point","coordinates":[-84.168659,34.06827]},"properties":{"brand":"Flock Safety"}},{"type":"Feature","geometry":{"type":"Point","coordinates":[-84.215906,33.980722]},"properties":{"brand":"Flock Safety"}},{"type":"Feature","geometry":{"type":"Point","coordinates":[-84.19291,34.007417]},"properties":{"brand":"Flock Safety"}},{"type":"Feature","geometry":{"type":"Point","coordinates":[-84.189748,34.018129]},"properties":{"brand":"Flock Safety"}},{"type":"Feature","geometry":{"type":"Point","coordinates":[-84.184145,34.040058]},"properties":{"brand":"Flock Safety"}},{"type":"Feature","geometry":{"type":"Point","coordinates":[-84.176879,34.048279]},"properties":{"brand":"Flock Safety"}},{"type":"Feature","geometry":{"type":"Point","coordinates":[-84.167923,34.067651]},"properties":{"brand":"Flock Safety"}},{"type":"Feature","geometry":{"type":"Point","coordinates":[-84.129889,33.956585]},"properties":{"brand":"Flock Safety"}},{"type":"Feature","geometry":{"type":"Point","coordinates":[-84.193576,34.006999]},"properties":{"brand":"Flock Safety"}},{"type":"Feature","geometry":{"type":"Point","coordinates":[-84.170536,34.06453]},"properties":{"brand":"Flock Safety"}},{"type":"Feature","geometry":{"type":"Point","coordinates":[-84.208423,33.913736]},"properties":{"brand":"Flock Safety"}},{"type":"Feature","geometry":{"type":"Point","coordinates":[-83.999819,33.917632]},"properties":{"brand":"Flock Safety"}},{"type":"Feature","geometry":{"type":"Point","coordinates":[-84.001243,33.917918]},"properties":{"brand":"Flock Safety"}},{"type":"Feature","geometry":{"type":"Point","coordinates":[-82.127104,33.537707]},"properties":{"brand":"Flock Safety"}},{"type":"Feature","geometry":{"type":"Point","coordinates":[-82.125516,33.536031]},"properties":{"brand":"Flock Safety"}},{"type":"Feature","geometry":{"type":"Point","coordinates":[-82.12833,33.537354]},"properties":{"brand":"Genetec"}},{"type":"Feature","geometry":{"type":"Point","coordinates":[-82.081497,33.484281]},"properties":{"brand":"Flock Safety"}},{"type":"Feature","geometry":{"type":"Point","coordinates":[-82.080933,33.48454]},"properties":{"brand":"Flock Safety"}},{"type":"Feature","geometry":{"type":"Point","coordinates":[-82.109418,33.490468]},"properties":{"brand":"Flock Safety"}},{"type":"Feature","geometry":{"type":"Point","coordinates":[-82.111772,33.48632]},"properties":{"brand":"Flock Safety"}},{"type":"Feature","geometry":{"type":"Point","coordinates":[-82.111726,33.486323]},"properties":{"brand":"Flock Safety"}},{"type":"Feature","geometry":{"type":"Point","coordinates":[-82.027868,33.521696]},"properties":{"brand":"Flock Safety"}},{"type":"Feature","geometry":{"type":"Point","coordinates":[-84.171574,34.062189]},"properties":{"brand":"Flock Safety"}},{"type":"Feature","geometry":{"type":"Point","coordinates":[-82.128481,33.474412]},"properties":{"brand":"Flock Safety"}},{"type":"Feature","geometry":{"type":"Point","coordinates":[-82.129253,33.474427]},"properties":{"brand":"Flock Safety"}},{"type":"Feature","geometry":{"type":"Point","coordinates":[-82.12671,33.472944]},"properties":{"brand":"Flock Safety"}},{"type":"Feature","geometry":{"type":"Point","coordinates":[-82.12285,33.470698]},"properties":{"brand":"Flock Safety"}},{"type":"Feature","geometry":{"type":"Point","coordinates":[-82.060818,33.46986]},"properties":{"brand":"Flock Safety"}},{"type":"Feature","geometry":{"type":"Point","coordinates":[-82.061002,33.469629]},"properties":{"brand":"Flock Safety"}},{"type":"Feature","geometry":{"type":"Point","coordinates":[-82.130137,33.480783]},"properties":{"brand":"Flock Safety"}},{"type":"Feature","geometry":{"type":"Point","coordinates":[-82.130771,33.480755]},"properties":{"brand":"Flock Safety"}},{"type":"Feature","geometry":{"type":"Point","coordinates":[-84.327931,33.790479]},"properties":{"brand":"Flock Safety"}},{"type":"Feature","geometry":{"type":"Point","coordinates":[-82.127953,33.536634]},"properties":{"brand":"Flock Safety"}},{"type":"Feature","geometry":{"type":"Point","coordinates":[-82.128486,33.537009]},"properties":{"brand":"Flock Safety"}},{"type":"Feature","geometry":{"type":"Point","coordinates":[-84.230967,34.055106]},"properties":{"brand":"Flock Safety"}},{"type":"Feature","geometry":{"type":"Point","coordinates":[-84.223425,34.047456]},"properties":{"brand":"Flock Safety"}},{"type":"Feature","geometry":{"type":"Point","coordinates":[-84.222762,34.045853]},"properties":{"brand":"Flock Safety"}},{"type":"Feature","geometry":{"type":"Point","coordinates":[-84.197036,34.022473]},"properties":{"brand":"Flock Safety"}},{"type":"Feature","geometry":{"type":"Point","coordinates":[-84.181324,34.008478]},"properties":{"brand":"Flock Safety"}},{"type":"Feature","geometry":{"type":"Point","coordinates":[-84.181554,34.008532]},"properties":{"brand":"Flock Safety"}},{"type":"Feature","geometry":{"type":"Point","coordinates":[-84.181436,34.009042]},"properties":{"brand":"Flock Safety"}},{"type":"Feature","geometry":{"type":"Point","coordinates":[-84.161914,34.000569]},"properties":{"brand":"Flock Safety"}},{"type":"Feature","geometry":{"type":"Point","coordinates":[-84.16193,34.000402]},"properties":{"brand":"Flock Safety"}},{"type":"Feature","geometry":{"type":"Point","coordinates":[-84.08941,33.937127]},"properties":{"brand":"Flock Safety"}},{"type":"Feature","geometry":{"type":"Point","coordinates":[-84.548818,33.948603]},"properties":{"brand":"Flock Safety"}},{"type":"Feature","geometry":{"type":"Point","coordinates":[-84.548247,33.958846]},"properties":{"brand":"Flock Safety"}},{"type":"Feature","geometry":{"type":"Point","coordinates":[-84.393274,34.003104]},"properties":{"brand":"Flock Safety"}},{"type":"Feature","geometry":{"type":"Point","coordinates":[-84.356601,34.029395]},"properties":{"brand":"Flock Safety"}},{"type":"Feature","geometry":{"type":"Point","coordinates":[-84.305725,34.073099]},"properties":{"brand":"Flock Safety"}},{"type":"Feature","geometry":{"type":"Point","coordinates":[-84.323943,34.041823]},"properties":{"brand":"Flock Safety"}},{"type":"Feature","geometry":{"type":"Point","coordinates":[-84.324812,34.041687]},"properties":{"brand":"Flock Safety"}},{"type":"Feature","geometry":{"type":"Point","coordinates":[-84.335511,34.028101]},"properties":{"brand":"Flock Safety"}},{"type":"Feature","geometry":{"type":"Point","coordinates":[-84.215935,34.100091]},"properties":{"brand":"Flock Safety"}},{"type":"Feature","geometry":{"type":"Point","coordinates":[-84.287039,34.070515]},"properties":{"brand":"Flock Safety"}},{"type":"Feature","geometry":{"type":"Point","coordinates":[-84.367731,34.095237]},"properties":{"brand":"Flock Safety"}},{"type":"Feature","geometry":{"type":"Point","coordinates":[-84.572037,34.076983]},"properties":{"brand":"Flock Safety"}},{"type":"Feature","geometry":{"type":"Point","coordinates":[-84.574547,34.080463]},"properties":{"brand":"Flock Safety"}},{"type":"Feature","geometry":{"type":"Point","coordinates":[-84.585916,34.12904]},"properties":{"brand":"Flock Safety"}},{"type":"Feature","geometry":{"type":"Point","coordinates":[-84.582673,34.159638]},"properties":{"brand":"Flock Safety"}},{"type":"Feature","geometry":{"type":"Point","coordinates":[-84.579591,34.163506]},"properties":{"brand":"Flock Safety"}},{"type":"Feature","geometry":{"type":"Point","coordinates":[-84.494071,33.828459]},"properties":{"brand":"Flock Safety"}},{"type":"Feature","geometry":{"type":"Point","coordinates":[-84.498949,33.827317]},"properties":{"brand":"Flock Safety"}},{"type":"Feature","geometry":{"type":"Point","coordinates":[-84.51998,33.838134]},"properties":{"brand":"Flock Safety"}},{"type":"Feature","geometry":{"type":"Point","coordinates":[-84.5713,33.856703]},"properties":{"brand":"Flock Safety"}},{"type":"Feature","geometry":{"type":"Point","coordinates":[-84.474112,33.865454]},"properties":{"brand":"Flock Safety"}},{"type":"Feature","geometry":{"type":"Point","coordinates":[-84.476426,33.86537]},"properties":{"brand":"Flock Safety"}},{"type":"Feature","geometry":{"type":"Point","coordinates":[-84.474533,33.87305]},"properties":{"brand":"Flock Safety"}},{"type":"Feature","geometry":{"type":"Point","coordinates":[-84.474978,33.888454]},"properties":{"brand":"Flock Safety"}},{"type":"Feature","geometry":{"type":"Point","coordinates":[-84.493988,33.868409]},"properties":{"brand":"Flock Safety"}},{"type":"Feature","geometry":{"type":"Point","coordinates":[-84.52407,33.695373]},"properties":{"brand":"Flock Safety"}},{"type":"Feature","geometry":{"type":"Point","coordinates":[-84.509379,33.854331]},"properties":{"brand":"Flock Safety"}},{"type":"Feature","geometry":{"type":"Point","coordinates":[-84.386665,34.241301]},"properties":{"brand":"Flock Safety"}},{"type":"Feature","geometry":{"type":"Point","coordinates":[-84.570375,34.008098]},"properties":{"brand":"Flock Safety"}},{"type":"Feature","geometry":{"type":"Point","coordinates":[-84.492479,34.130602]},"properties":{"brand":"Flock Safety"}},{"type":"Feature","geometry":{"type":"Point","coordinates":[-84.376919,34.090227]},"properties":{"brand":"Flock Safety"}},{"type":"Feature","geometry":{"type":"Point","coordinates":[-84.615513,33.963811]},"properties":{"brand":"Flock Safety"}},{"type":"Feature","geometry":{"type":"Point","coordinates":[-84.615978,33.963875]},"properties":{"brand":"Flock Safety"}},{"type":"Feature","geometry":{"type":"Point","coordinates":[-84.480153,33.839675]},"properties":{"brand":"Flock Safety"}},{"type":"Feature","geometry":{"type":"Point","coordinates":[-84.480037,33.839792]},"properties":{"brand":"Flock Safety"}},{"type":"Feature","geometry":{"type":"Point","coordinates":[-81.981189,33.400265]},"properties":{"brand":"Flock Safety"}},{"type":"Feature","geometry":{"type":"Point","coordinates":[-82.001865,33.402097]},"properties":{"brand":"Flock Safety"}},{"type":"Feature","geometry":{"type":"Point","coordinates":[-82.109737,33.490688]},"properties":{"brand":"Flock Safety"}},{"type":"Feature","geometry":{"type":"Point","coordinates":[-82.110089,33.490314]},"properties":{"brand":"Flock Safety"}},{"type":"Feature","geometry":{"type":"Point","coordinates":[-82.109718,33.490172]},"properties":{"brand":"Flock Safety"}},{"type":"Feature","geometry":{"type":"Point","coordinates":[-82.130517,33.48054]},"properties":{"brand":"Genetec"}},{"type":"Feature","geometry":{"type":"Point","coordinates":[-82.130393,33.481039]},"properties":{"brand":"Flock Safety"}},{"type":"Feature","geometry":{"type":"Point","coordinates":[-84.272674,34.066632]},"properties":{"brand":"Flock Safety"}},{"type":"Feature","geometry":{"type":"Point","coordinates":[-84.350322,34.001986]},"properties":{"brand":"Flock Safety"}},{"type":"Feature","geometry":{"type":"Point","coordinates":[-84.350884,34.006224]},"properties":{"brand":"Flock Safety"}},{"type":"Feature","geometry":{"type":"Point","coordinates":[-84.226555,34.089226]},"properties":{"brand":"Flock Safety"}},{"type":"Feature","geometry":{"type":"Point","coordinates":[-84.206209,34.087973]},"properties":{"brand":"Flock Safety"}},{"type":"Feature","geometry":{"type":"Point","coordinates":[-84.525524,34.156463]},"properties":{"brand":"Flock Safety"}},{"type":"Feature","geometry":{"type":"Point","coordinates":[-84.341754,33.986156]},"properties":{"brand":"Flock Safety"}},{"type":"Feature","geometry":{"type":"Point","coordinates":[-84.340167,33.982361]},"properties":{"brand":"Flock Safety"}},{"type":"Feature","geometry":{"type":"Point","coordinates":[-84.342981,34.035885]},"properties":{"brand":"Flock Safety"}},{"type":"Feature","geometry":{"type":"Point","coordinates":[-84.262523,34.157019]},"properties":{"brand":"Flock Safety"}},{"type":"Feature","geometry":{"type":"Point","coordinates":[-84.272728,34.185922]},"properties":{"brand":"Flock Safety"}},{"type":"Feature","geometry":{"type":"Point","coordinates":[-84.337784,34.167782]},"properties":{"brand":"Flock Safety"}},{"type":"Feature","geometry":{"type":"Point","coordinates":[-84.505866,34.121527]},"properties":{"brand":"Flock Safety"}},{"type":"Feature","geometry":{"type":"Point","coordinates":[-84.52544,34.12333]},"properties":{"brand":"Flock Safety"}},{"type":"Feature","geometry":{"type":"Point","coordinates":[-84.367751,34.036236]},"properties":{"brand":"Flock Safety"}},{"type":"Feature","geometry":{"type":"Point","coordinates":[-84.368933,34.037386]},"properties":{"brand":"Flock Safety"}},{"type":"Feature","geometry":{"type":"Point","coordinates":[-84.369718,34.038113]},"properties":{"brand":"Flock Safety"}},{"type":"Feature","geometry":{"type":"Point","coordinates":[-84.424959,33.98521]},"properties":{"brand":"Flock Safety"}},{"type":"Feature","geometry":{"type":"Point","coordinates":[-84.357471,34.081948]},"properties":{"brand":"Flock Safety"}},{"type":"Feature","geometry":{"type":"Point","coordinates":[-84.382795,34.073358]},"properties":{"brand":"Flock Safety"}},{"type":"Feature","geometry":{"type":"Point","coordinates":[-84.500946,34.223328]},"properties":{"brand":"Flock Safety"}},{"type":"Feature","geometry":{"type":"Point","coordinates":[-84.392179,33.786656]},"properties":{"brand":"Flock Safety"}},{"type":"Feature","geometry":{"type":"Point","coordinates":[-84.219741,34.117921]},"properties":{"brand":"Flock Safety"}},{"type":"Feature","geometry":{"type":"Point","coordinates":[-84.2313,33.949183]},"properties":{"brand":"Motorola Solutions"}},{"type":"Feature","geometry":{"type":"Point","coordinates":[-84.145925,34.200626]},"properties":{"brand":"Flock Safety"}},{"type":"Feature","geometry":{"type":"Point","coordinates":[-84.145337,34.199524]},"properties":{"brand":"Flock Safety"}},{"type":"Feature","geometry":{"type":"Point","coordinates":[-85.153616,34.264852]},"properties":{"brand":"Flock Safety"}},{"type":"Feature","geometry":{"type":"Point","coordinates":[-85.23321,34.414511]},"properties":{"brand":"Flock Safety"}},{"type":"Feature","geometry":{"type":"Point","coordinates":[-83.960484,34.028884]},"properties":{"brand":"Flock Safety"}},{"type":"Feature","geometry":{"type":"Point","coordinates":[-83.960464,34.028748]},"properties":{"brand":"Flock Safety"}},{"type":"Feature","geometry":{"type":"Point","coordinates":[-83.987711,34.036024]},"properties":{"brand":"Flock Safety"}},{"type":"Feature","geometry":{"type":"Point","coordinates":[-83.954687,34.035471]},"properties":{"brand":"Flock Safety"}},{"type":"Feature","geometry":{"type":"Point","coordinates":[-83.989826,34.039348]},"properties":{"brand":"Flock Safety"}},{"type":"Feature","geometry":{"type":"Point","coordinates":[-83.954766,34.036149]},"properties":{"brand":"Flock Safety"}},{"type":"Feature","geometry":{"type":"Point","coordinates":[-83.990256,34.035245]},"properties":{"brand":"Flock Safety"}},{"type":"Feature","geometry":{"type":"Point","coordinates":[-83.990435,34.040049]},"properties":{"brand":"Flock Safety"}},{"type":"Feature","geometry":{"type":"Point","coordinates":[-84.364383,33.823841]},"properties":{"brand":"Flock Safety"}},{"type":"Feature","geometry":{"type":"Point","coordinates":[-84.364269,33.825386]},"properties":{"brand":"Flock Safety"}},{"type":"Feature","geometry":{"type":"Point","coordinates":[-84.313517,34.039843]},"properties":{"brand":"Flock Safety"}},{"type":"Feature","geometry":{"type":"Point","coordinates":[-84.28587,34.051026]},"properties":{"brand":"Flock Safety"}},{"type":"Feature","geometry":{"type":"Point","coordinates":[-84.305652,34.039544]},"properties":{"brand":"Flock Safety"}},{"type":"Feature","geometry":{"type":"Point","coordinates":[-84.307242,34.038003]},"properties":{"brand":"Flock Safety"}},{"type":"Feature","geometry":{"type":"Point","coordinates":[-84.309091,34.03847]},"properties":{"brand":"Flock Safety"}},{"type":"Feature","geometry":{"type":"Point","coordinates":[-84.19854,33.999294]},"properties":{"brand":"Flock Safety"}},{"type":"Feature","geometry":{"type":"Point","coordinates":[-84.192511,34.011385]},"properties":{"brand":"Flock Safety"}},{"type":"Feature","geometry":{"type":"Point","coordinates":[-84.165839,34.074068]},"properties":{"brand":"Flock Safety"}},{"type":"Feature","geometry":{"type":"Point","coordinates":[-84.167644,34.072477]},"properties":{"brand":"Flock Safety"}},{"type":"Feature","geometry":{"type":"Point","coordinates":[-84.16576,34.073439]},"properties":{"brand":"Flock Safety"}},{"type":"Feature","geometry":{"type":"Point","coordinates":[-84.225419,34.113167]},"properties":{"brand":"Leonardo"}},{"type":"Feature","geometry":{"type":"Point","coordinates":[-84.429727,34.075711]},"properties":{"brand":"Flock Safety"}},{"type":"Feature","geometry":{"type":"Point","coordinates":[-84.429067,34.07409]},"properties":{"brand":"Flock Safety"}},{"type":"Feature","geometry":{"type":"Point","coordinates":[-84.326121,34.096876]},"properties":{"brand":"Flock Safety"}},{"type":"Feature","geometry":{"type":"Point","coordinates":[-84.327001,34.095988]},"properties":{"brand":"Flock Safety"}},{"type":"Feature","geometry":{"type":"Point","coordinates":[-84.551282,33.92849]},"properties":{"brand":"Flock Safety"}},{"type":"Feature","geometry":{"type":"Point","coordinates":[-84.361112,34.089054]},"properties":{"brand":"Flock Safety"}},{"type":"Feature","geometry":{"type":"Point","coordinates":[-84.417137,34.096551]},"properties":{"brand":"Flock Safety"}},{"type":"Feature","geometry":{"type":"Point","coordinates":[-84.420085,34.096413]},"properties":{"brand":"Flock Safety"}},{"type":"Feature","geometry":{"type":"Point","coordinates":[-84.305328,34.072827]},"properties":{"brand":"Flock Safety"}},{"type":"Feature","geometry":{"type":"Point","coordinates":[-84.603202,33.77157]},"properties":{"brand":"Flock Safety"}},{"type":"Feature","geometry":{"type":"Point","coordinates":[-84.594174,33.765497]},"properties":{"brand":"Flock Safety"}},{"type":"Feature","geometry":{"type":"Point","coordinates":[-84.567408,33.8021]},"properties":{"brand":"Flock Safety"}},{"type":"Feature","geometry":{"type":"Point","coordinates":[-84.547224,33.859783]},"properties":{"brand":"Flock Safety"}},{"type":"Feature","geometry":{"type":"Point","coordinates":[-84.944092,33.687203]},"properties":{"brand":"Flock Safety"}},{"type":"Feature","geometry":{"type":"Point","coordinates":[-84.341833,33.772537]},"properties":{"brand":"Flock Safety"}},{"type":"Feature","geometry":{"type":"Point","coordinates":[-83.123121,33.883082]},"properties":{"brand":"Flock Safety"}},{"type":"Feature","geometry":{"type":"Point","coordinates":[-83.124027,33.884321]},"properties":{"brand":"Flock Safety"}},{"type":"Feature","geometry":{"type":"Point","coordinates":[-83.12556,33.885393]},"properties":{"brand":"Flock Safety"}},{"type":"Feature","geometry":{"type":"Point","coordinates":[-83.125691,33.885392]},"properties":{"brand":"Flock Safety"}},{"type":"Feature","geometry":{"type":"Point","coordinates":[-83.3761,33.906123]},"properties":{"brand":"Flock Safety"}},{"type":"Feature","geometry":{"type":"Point","coordinates":[-82.105496,33.486128]},"properties":{"brand":"Flock Safety"}},{"type":"Feature","geometry":{"type":"Point","coordinates":[-83.194276,33.891423]},"properties":{"brand":"Flock Safety"}},{"type":"Feature","geometry":{"type":"Point","coordinates":[-83.132587,33.888587]},"properties":{"brand":"Flock Safety"}},{"type":"Feature","geometry":{"type":"Point","coordinates":[-83.323444,33.939581]},"properties":{"brand":"Flock Safety"}},{"type":"Feature","geometry":{"type":"Point","coordinates":[-82.723861,33.740928]},"properties":{"brand":"Flock Safety"}},{"type":"Feature","geometry":{"type":"Point","coordinates":[-82.081124,33.48365]},"properties":{"brand":"Flock Safety"}},{"type":"Feature","geometry":{"type":"Point","coordinates":[-82.080572,33.484041]},"properties":{"brand":"Flock Safety"}},{"type":"Feature","geometry":{"type":"Point","coordinates":[-82.095285,33.482705]},"properties":{"brand":"Flock Safety"}},{"type":"Feature","geometry":{"type":"Point","coordinates":[-82.197709,33.479373]},"properties":{"brand":"Genetec"}},{"type":"Feature","geometry":{"type":"Point","coordinates":[-82.198132,33.479138]},"properties":{"brand":"Genetec"}},{"type":"Feature","geometry":{"type":"Point","coordinates":[-82.19785,33.478705]},"properties":{"brand":"Genetec"}},{"type":"Feature","geometry":{"type":"Point","coordinates":[-82.193658,33.458004]},"properties":{"brand":"Genetec"}},{"type":"Feature","geometry":{"type":"Point","coordinates":[-82.194174,33.45787]},"properties":{"brand":"Genetec"}},{"type":"Feature","geometry":{"type":"Point","coordinates":[-82.193606,33.457656]},"properties":{"brand":"Genetec"}},{"type":"Feature","geometry":{"type":"Point","coordinates":[-82.194037,33.457556]},"properties":{"brand":"Genetec"}},{"type":"Feature","geometry":{"type":"Point","coordinates":[-84.361933,34.019886]},"properties":{"brand":"Flock Safety"}},{"type":"Feature","geometry":{"type":"Point","coordinates":[-84.214145,33.983676]},"properties":{"brand":"Flock Safety"}},{"type":"Feature","geometry":{"type":"Point","coordinates":[-84.257444,33.968251]},"properties":{"brand":"Flock Safety"}},{"type":"Feature","geometry":{"type":"Point","coordinates":[-84.302785,33.96023]},"properties":{"brand":"Flock Safety"}},{"type":"Feature","geometry":{"type":"Point","coordinates":[-84.491822,33.923904]},"properties":{"brand":"Flock Safety"}},{"type":"Feature","geometry":{"type":"Point","coordinates":[-84.491884,33.92383]},"properties":{"brand":"Flock Safety"}},{"type":"Feature","geometry":{"type":"Point","coordinates":[-84.492188,33.923858]},"properties":{"brand":"Flock Safety"}},{"type":"Feature","geometry":{"type":"Point","coordinates":[-84.492168,33.921775]},"properties":{"brand":"Flock Safety"}},{"type":"Feature","geometry":{"type":"Point","coordinates":[-84.497834,33.915257]},"properties":{"brand":"Flock Safety"}},{"type":"Feature","geometry":{"type":"Point","coordinates":[-84.495875,33.911911]},"properties":{"brand":"Flock Safety"}},{"type":"Feature","geometry":{"type":"Point","coordinates":[-84.490224,33.906165]},"properties":{"brand":"Flock Safety"}},{"type":"Feature","geometry":{"type":"Point","coordinates":[-84.346061,33.778232]},"properties":{"brand":"Flock Safety"}},{"type":"Feature","geometry":{"type":"Point","coordinates":[-84.346072,33.778223]},"properties":{"brand":"Flock Safety"}},{"type":"Feature","geometry":{"type":"Point","coordinates":[-84.345589,33.778589]},"properties":{"brand":"Flock Safety"}},{"type":"Feature","geometry":{"type":"Point","coordinates":[-84.339791,33.787955]},"properties":{"brand":"Flock Safety"}},{"type":"Feature","geometry":{"type":"Point","coordinates":[-83.451936,34.234467]},"properties":{"brand":"Flock Safety"}},{"type":"Feature","geometry":{"type":"Point","coordinates":[-84.404564,33.78143]},"properties":{"brand":"Flock Safety"}},{"type":"Feature","geometry":{"type":"Point","coordinates":[-82.177991,33.528981]},"properties":{"brand":"Flock Safety"}},{"type":"Feature","geometry":{"type":"Point","coordinates":[-82.067084,33.469884]},"properties":{"brand":"Flock Safety"}},{"type":"Feature","geometry":{"type":"Point","coordinates":[-82.067086,33.469056]},"properties":{"brand":"Flock Safety"}},{"type":"Feature","geometry":{"type":"Point","coordinates":[-84.133253,33.959444]},"properties":{"brand":"Flock Safety"}},{"type":"Feature","geometry":{"type":"Point","coordinates":[-84.09735,33.969899]},"properties":{"brand":"Flock Safety"}},{"type":"Feature","geometry":{"type":"Point","coordinates":[-84.108298,33.964898]},"properties":{"brand":"Flock Safety"}},{"type":"Feature","geometry":{"type":"Point","coordinates":[-84.130426,33.953219]},"properties":{"brand":"Flock Safety"}},{"type":"Feature","geometry":{"type":"Point","coordinates":[-84.345456,33.842591]},"properties":{"brand":"Flock Safety"}},{"type":"Feature","geometry":{"type":"Point","coordinates":[-84.133181,33.960053]},"properties":{"brand":"Flock Safety"}},{"type":"Feature","geometry":{"type":"Point","coordinates":[-84.141652,33.954729]},"properties":{"brand":"Flock Safety"}},{"type":"Feature","geometry":{"type":"Point","coordinates":[-84.3443,33.840644]},"properties":{"brand":"Flock Safety"}},{"type":"Feature","geometry":{"type":"Point","coordinates":[-84.142775,33.965956]},"properties":{"brand":"Flock Safety"}},{"type":"Feature","geometry":{"type":"Point","coordinates":[-84.142384,33.9665]},"properties":{"brand":"Flock Safety"}},{"type":"Feature","geometry":{"type":"Point","coordinates":[-84.135084,33.959305]},"properties":{"brand":"Flock Safety"}},{"type":"Feature","geometry":{"type":"Point","coordinates":[-84.131189,33.954392]},"properties":{"brand":"Flock Safety"}},{"type":"Feature","geometry":{"type":"Point","coordinates":[-83.99185,34.042187]},"properties":{"brand":"Flock Safety"}},{"type":"Feature","geometry":{"type":"Point","coordinates":[-84.333044,33.789117]},"properties":{"brand":"Flock Safety"}},{"type":"Feature","geometry":{"type":"Point","coordinates":[-83.591324,33.400188]},"properties":{"brand":"Flock Safety"}},{"type":"Feature","geometry":{"type":"Point","coordinates":[-83.986606,33.651535]},"properties":{"brand":"Flock Safety"}},{"type":"Feature","geometry":{"type":"Point","coordinates":[-83.978473,33.633531]},"properties":{"brand":"Flock Safety"}},{"type":"Feature","geometry":{"type":"Point","coordinates":[-83.974072,33.652532]},"properties":{"brand":"Flock Safety"}},{"type":"Feature","geometry":{"type":"Point","coordinates":[-84.973556,32.506413]},"properties":{"brand":"Flock Safety"}},{"type":"Feature","geometry":{"type":"Point","coordinates":[-84.949666,32.551413]},"properties":{"brand":"Flock Safety"}},{"type":"Feature","geometry":{"type":"Point","coordinates":[-84.973078,32.506438]},"properties":{"brand":"Flock Safety"}},{"type":"Feature","geometry":{"type":"Point","coordinates":[-84.937376,32.61096]},"properties":{"brand":"Flock Safety"}},{"type":"Feature","geometry":{"type":"Point","coordinates":[-84.973452,32.506704]},"properties":{"brand":""}},{"type":"Feature","geometry":{"type":"Point","coordinates":[-84.953056,32.542726]},"properties":{"brand":"Flock Safety"}},{"type":"Feature","geometry":{"type":"Point","coordinates":[-84.977185,32.664077]},"properties":{"brand":"Flock Safety"}},{"type":"Feature","geometry":{"type":"Point","coordinates":[-84.827361,32.584981]},"properties":{"brand":"Flock Safety"}},{"type":"Feature","geometry":{"type":"Point","coordinates":[-85.03645,32.625656]},"properties":{"brand":"Flock Safety"}},{"type":"Feature","geometry":{"type":"Point","coordinates":[-84.972256,32.667287]},"properties":{"brand":"Flock Safety"}},{"type":"Feature","geometry":{"type":"Point","coordinates":[-85.057839,32.678112]},"properties":{"brand":"Flock Safety"}},{"type":"Feature","geometry":{"type":"Point","coordinates":[-84.338271,34.035273]},"properties":{"brand":"Flock Safety"}},{"type":"Feature","geometry":{"type":"Point","coordinates":[-84.341369,34.03262]},"properties":{"brand":"Flock Safety"}},{"type":"Feature","geometry":{"type":"Point","coordinates":[-84.399245,33.781592]},"properties":{"brand":"Motorola Solutions"}},{"type":"Feature","geometry":{"type":"Point","coordinates":[-84.399243,33.781596]},"properties":{"brand":"Motorola Solutions"}},{"type":"Feature","geometry":{"type":"Point","coordinates":[-84.263106,34.143538]},"properties":{"brand":"Flock Safety"}},{"type":"Feature","geometry":{"type":"Point","coordinates":[-84.361002,34.04817]},"properties":{"brand":"Flock Safety"}},{"type":"Feature","geometry":{"type":"Point","coordinates":[-84.507053,34.190617]},"properties":{"brand":"Flock Safety"}},{"type":"Feature","geometry":{"type":"Point","coordinates":[-84.508564,34.191548]},"properties":{"brand":"Flock Safety"}},{"type":"Feature","geometry":{"type":"Point","coordinates":[-84.350188,33.984036]},"properties":{"brand":"Flock Safety"}},{"type":"Feature","geometry":{"type":"Point","coordinates":[-84.341996,33.984257]},"properties":{"brand":"Flock Safety"}},{"type":"Feature","geometry":{"type":"Point","coordinates":[-84.953713,32.506961]},"properties":{"brand":"Flock Safety"}},{"type":"Feature","geometry":{"type":"Point","coordinates":[-84.953185,32.50657]},"properties":{"brand":"Flock Safety"}},{"type":"Feature","geometry":{"type":"Point","coordinates":[-82.235071,33.51752]},"properties":{"brand":"Genetec"}},{"type":"Feature","geometry":{"type":"Point","coordinates":[-84.493768,34.128592]},"properties":{"brand":"Flock Safety"}},{"type":"Feature","geometry":{"type":"Point","coordinates":[-83.826693,33.597029]},"properties":{"brand":"Flock Safety"}},{"type":"Feature","geometry":{"type":"Point","coordinates":[-83.771019,33.574191]},"properties":{"brand":"Flock Safety"}},{"type":"Feature","geometry":{"type":"Point","coordinates":[-83.675847,33.509163]},"properties":{"brand":"Flock Safety"}},{"type":"Feature","geometry":{"type":"Point","coordinates":[-84.957766,32.529867]},"properties":{"brand":"Flock Safety"}},{"type":"Feature","geometry":{"type":"Point","coordinates":[-83.05928,34.469216]},"properties":{"brand":"Flock Safety"}},{"type":"Feature","geometry":{"type":"Point","coordinates":[-82.086756,33.500196]},"properties":{"brand":"Flock Safety"}},{"type":"Feature","geometry":{"type":"Point","coordinates":[-82.087312,33.500259]},"properties":{"brand":"Flock Safety"}},{"type":"Feature","geometry":{"type":"Point","coordinates":[-82.088525,33.503529]},"properties":{"brand":"Flock Safety"}},{"type":"Feature","geometry":{"type":"Point","coordinates":[-82.088541,33.503551]},"properties":{"brand":"Flock Safety"}},{"type":"Feature","geometry":{"type":"Point","coordinates":[-82.09441,33.510701]},"properties":{"brand":"Flock Safety"}},{"type":"Feature","geometry":{"type":"Point","coordinates":[-82.094835,33.510502]},"properties":{"brand":"Flock Safety"}},{"type":"Feature","geometry":{"type":"Point","coordinates":[-82.094751,33.510964]},"properties":{"brand":"Flock Safety"}},{"type":"Feature","geometry":{"type":"Point","coordinates":[-82.095055,33.510789]},"properties":{"brand":"Flock Safety"}},{"type":"Feature","geometry":{"type":"Point","coordinates":[-82.095047,33.510791]},"properties":{"brand":"Flock Safety"}},{"type":"Feature","geometry":{"type":"Point","coordinates":[-85.730844,34.432323]},"properties":{"brand":"Flock Safety"}},{"type":"Feature","geometry":{"type":"Point","coordinates":[-85.730848,34.432317]},"properties":{"brand":"Flock Safety"}},{"type":"Feature","geometry":{"type":"Point","coordinates":[-85.73084,34.432313]},"properties":{"brand":"Flock Safety"}},{"type":"Feature","geometry":{"type":"Point","coordinates":[-84.969239,32.569783]},"properties":{"brand":"Flock Safety"}},{"type":"Feature","geometry":{"type":"Point","coordinates":[-84.961968,32.525905]},"properties":{"brand":"Flock Safety"}},{"type":"Feature","geometry":{"type":"Point","coordinates":[-84.909448,32.613262]},"properties":{"brand":"Flock Safety"}},{"type":"Feature","geometry":{"type":"Point","coordinates":[-82.08409,33.466657]},"properties":{"brand":"Flock Safety"}},{"type":"Feature","geometry":{"type":"Point","coordinates":[-82.026716,33.521449]},"properties":{"brand":"Flock Safety"}},{"type":"Feature","geometry":{"type":"Point","coordinates":[-82.048141,33.522301]},"properties":{"brand":"Flock Safety"}},{"type":"Feature","geometry":{"type":"Point","coordinates":[-82.05038,33.523942]},"properties":{"brand":"Flock Safety"}},{"type":"Feature","geometry":{"type":"Point","coordinates":[-82.053763,33.527979]},"properties":{"brand":"Flock Safety"}},{"type":"Feature","geometry":{"type":"Point","coordinates":[-82.042173,33.548425]},"properties":{"brand":"Flock Safety"}},{"type":"Feature","geometry":{"type":"Point","coordinates":[-82.024045,33.521474]},"properties":{"brand":"Flock Safety"}},{"type":"Feature","geometry":{"type":"Point","coordinates":[-82.027851,33.510469]},"properties":{"brand":"Flock Safety"}},{"type":"Feature","geometry":{"type":"Point","coordinates":[-82.028519,33.510161]},"properties":{"brand":"Flock Safety"}},{"type":"Feature","geometry":{"type":"Point","coordinates":[-82.029825,33.485242]},"properties":{"brand":"Flock Safety"}},{"type":"Feature","geometry":{"type":"Point","coordinates":[-82.395514,34.848509]},"properties":{"brand":"Flock Safety"}},{"type":"Feature","geometry":{"type":"Point","coordinates":[-82.406316,34.841818]},"properties":{"brand":"Flock Safety"}},{"type":"Feature","geometry":{"type":"Point","coordinates":[-84.092336,33.262115]},"properties":{"brand":"Flock Safety"}},{"type":"Feature","geometry":{"type":"Point","coordinates":[-84.097586,33.261069]},"properties":{"brand":"Flock Safety"}},{"type":"Feature","geometry":{"type":"Point","coordinates":[-83.834814,33.306661]},"properties":{"brand":"Flock Safety"}},{"type":"Feature","geometry":{"type":"Point","coordinates":[-83.976049,33.641529]},"properties":{"brand":"Flock Safety"}},{"type":"Feature","geometry":{"type":"Point","coordinates":[-82.332433,34.810254]},"properties":{"brand":"Flock Safety"}},{"type":"Feature","geometry":{"type":"Point","coordinates":[-83.875788,33.607555]},"properties":{"brand":"Flock Safety"}},{"type":"Feature","geometry":{"type":"Point","coordinates":[-83.826913,33.597418]},"properties":{"brand":"Flock Safety"}},{"type":"Feature","geometry":{"type":"Point","coordinates":[-83.866773,34.098149]},"properties":{"brand":"Flock Safety"}},{"type":"Feature","geometry":{"type":"Point","coordinates":[-83.878637,34.101348]},"properties":{"brand":"Flock Safety"}},{"type":"Feature","geometry":{"type":"Point","coordinates":[-83.917601,34.07349]},"properties":{"brand":"Flock Safety"}},{"type":"Feature","geometry":{"type":"Point","coordinates":[-83.917899,34.073509]},"properties":{"brand":"Flock Safety"}},{"type":"Feature","geometry":{"type":"Point","coordinates":[-83.983108,34.069327]},"properties":{"brand":"Flock Safety"}},{"type":"Feature","geometry":{"type":"Point","coordinates":[-84.011792,33.658988]},"properties":{"brand":"Flock Safety"}},{"type":"Feature","geometry":{"type":"Point","coordinates":[-84.019833,33.659943]},"properties":{"brand":"Flock Safety"}},{"type":"Feature","geometry":{"type":"Point","coordinates":[-83.435188,33.758692]},"properties":{"brand":"Flock Safety"}},{"type":"Feature","geometry":{"type":"Point","coordinates":[-85.233698,34.073764]},"properties":{"brand":"Flock Safety"}},{"type":"Feature","geometry":{"type":"Point","coordinates":[-85.233368,34.073373]},"properties":{"brand":"Flock Safety"}},{"type":"Feature","geometry":{"type":"Point","coordinates":[-85.241539,34.038217]},"properties":{"brand":"Flock Safety"}},{"type":"Feature","geometry":{"type":"Point","coordinates":[-85.242309,34.036849]},"properties":{"brand":"Flock Safety"}},{"type":"Feature","geometry":{"type":"Point","coordinates":[-85.255077,34.023773]},"properties":{"brand":"Flock Safety"}},{"type":"Feature","geometry":{"type":"Point","coordinates":[-85.256354,34.023961]},"properties":{"brand":"Flock Safety"}},{"type":"Feature","geometry":{"type":"Point","coordinates":[-85.689175,33.741774]},"properties":{"brand":"Flock Safety"}},{"type":"Feature","geometry":{"type":"Point","coordinates":[-84.774921,34.754616]},"properties":{"brand":"Flock Safety"}},{"type":"Feature","geometry":{"type":"Point","coordinates":[-84.785956,34.763891]},"properties":{"brand":"Flock Safety"}},{"type":"Feature","geometry":{"type":"Point","coordinates":[-82.078095,33.46821]},"properties":{"brand":"Flock Safety"}},{"type":"Feature","geometry":{"type":"Point","coordinates":[-84.762755,34.76623]},"properties":{"brand":"Flock Safety"}},{"type":"Feature","geometry":{"type":"Point","coordinates":[-84.805659,34.775591]},"properties":{"brand":"Flock Safety"}},{"type":"Feature","geometry":{"type":"Point","coordinates":[-84.797295,34.769174]},"properties":{"brand":"Flock Safety"}},{"type":"Feature","geometry":{"type":"Point","coordinates":[-84.822982,34.782789]},"properties":{"brand":"Flock Safety"}},{"type":"Feature","geometry":{"type":"Point","coordinates":[-84.818819,34.783367]},"properties":{"brand":"Flock Safety"}},{"type":"Feature","geometry":{"type":"Point","coordinates":[-84.915093,34.440158]},"properties":{"brand":"Flock Safety"}},{"type":"Feature","geometry":{"type":"Point","coordinates":[-84.914972,34.440891]},"properties":{"brand":"Flock Safety"}},{"type":"Feature","geometry":{"type":"Point","coordinates":[-85.492947,32.606131]},"properties":{"brand":"Flock Safety"}},{"type":"Feature","geometry":{"type":"Point","coordinates":[-84.915734,32.523452]},"properties":{"brand":"Flock Safety"}},{"type":"Feature","geometry":{"type":"Point","coordinates":[-84.92582,32.527628]},"properties":{"brand":"Flock Safety"}},{"type":"Feature","geometry":{"type":"Point","coordinates":[-84.825314,32.572194]},"properties":{"brand":"Flock Safety"}},{"type":"Feature","geometry":{"type":"Point","coordinates":[-84.915517,32.523327]},"properties":{"brand":"Flock Safety"}},{"type":"Feature","geometry":{"type":"Point","coordinates":[-84.925175,32.528039]},"properties":{"brand":"Flock Safety"}},{"type":"Feature","geometry":{"type":"Point","coordinates":[-84.944703,32.521671]},"properties":{"brand":"Flock Safety"}},{"type":"Feature","geometry":{"type":"Point","coordinates":[-84.368227,33.742042]},"properties":{"brand":"Flock Safety"}},{"type":"Feature","geometry":{"type":"Point","coordinates":[-84.090107,34.124486]},"properties":{"brand":"Flock Safety"}},{"type":"Feature","geometry":{"type":"Point","coordinates":[-84.029834,34.105404]},"properties":{"brand":"Flock Safety"}},{"type":"Feature","geometry":{"type":"Point","coordinates":[-84.036244,34.043516]},"properties":{"brand":"Flock Safety"}},{"type":"Feature","geometry":{"type":"Point","coordinates":[-84.076875,34.118249]},"properties":{"brand":"Flock Safety"}},{"type":"Feature","geometry":{"type":"Point","coordinates":[-84.030796,34.10634]},"properties":{"brand":"Flock Safety"}},{"type":"Feature","geometry":{"type":"Point","coordinates":[-83.871146,34.101441]},"properties":{"brand":"Flock Safety"}},{"type":"Feature","geometry":{"type":"Point","coordinates":[-83.871027,34.101472]},"properties":{"brand":"Flock Safety"}},{"type":"Feature","geometry":{"type":"Point","coordinates":[-85.611696,34.150527]},"properties":{"brand":"Flock Safety"}},{"type":"Feature","geometry":{"type":"Point","coordinates":[-85.611588,34.150388]},"properties":{"brand":"Flock Safety"}},{"type":"Feature","geometry":{"type":"Point","coordinates":[-85.602765,33.622758]},"properties":{"brand":"Flock Safety"}},{"type":"Feature","geometry":{"type":"Point","coordinates":[-82.349472,34.780456]},"properties":{"brand":"Flock Safety"}},{"type":"Feature","geometry":{"type":"Point","coordinates":[-82.33539,34.853631]},"properties":{"brand":"Flock Safety"}},{"type":"Feature","geometry":{"type":"Point","coordinates":[-82.335408,34.8075]},"properties":{"brand":"Flock Safety"}},{"type":"Feature","geometry":{"type":"Point","coordinates":[-84.951197,32.503811]},"properties":{"brand":"Flock Safety"}},{"type":"Feature","geometry":{"type":"Point","coordinates":[-84.99714,34.795014]},"properties":{"brand":"Flock Safety"}},{"type":"Feature","geometry":{"type":"Point","coordinates":[-84.766852,34.748685]},"properties":{"brand":"Flock Safety"}},{"type":"Feature","geometry":{"type":"Point","coordinates":[-84.768591,34.776502]},"properties":{"brand":"Flock Safety"}},{"type":"Feature","geometry":{"type":"Point","coordinates":[-83.875493,34.103368]},"properties":{"brand":"Flock Safety"}},{"type":"Feature","geometry":{"type":"Point","coordinates":[-83.875325,34.103363]},"properties":{"brand":"Flock Safety"}},{"type":"Feature","geometry":{"type":"Point","coordinates":[-83.973418,34.066332]},"properties":{"brand":"Flock Safety"}},{"type":"Feature","geometry":{"type":"Point","coordinates":[-85.699996,33.665787]},"properties":{"brand":"Flock Safety"}},{"type":"Feature","geometry":{"type":"Point","coordinates":[-84.181294,34.04391]},"properties":{"brand":"Flock Safety"}},{"type":"Feature","geometry":{"type":"Point","coordinates":[-82.046054,33.247768]},"properties":{"brand":"Flock Safety"}},{"type":"Feature","geometry":{"type":"Point","coordinates":[-82.335942,34.77508]},"properties":{"brand":"Flock Safety"}},{"type":"Feature","geometry":{"type":"Point","coordinates":[-84.999425,34.761036]},"properties":{"brand":"Flock Safety"}},{"type":"Feature","geometry":{"type":"Point","coordinates":[-83.971616,34.067598]},"properties":{"brand":"Flock Safety"}},{"type":"Feature","geometry":{"type":"Point","coordinates":[-83.948906,34.06593]},"properties":{"brand":"Flock Safety"}},{"type":"Feature","geometry":{"type":"Point","coordinates":[-85.620645,34.202179]},"properties":{"brand":"Flock Safety"}},{"type":"Feature","geometry":{"type":"Point","coordinates":[-85.621154,34.202009]},"properties":{"brand":"Flock Safety"}},{"type":"Feature","geometry":{"type":"Point","coordinates":[-82.378397,34.850899]},"properties":{"brand":""}},{"type":"Feature","geometry":{"type":"Point","coordinates":[-85.503155,32.607568]},"properties":{"brand":"Flock Safety"}},{"type":"Feature","geometry":{"type":"Point","coordinates":[-81.981973,33.482348]},"properties":{"brand":"Flock Safety"}},{"type":"Feature","geometry":{"type":"Point","coordinates":[-84.139325,34.255962]},"properties":{"brand":""}},{"type":"Feature","geometry":{"type":"Point","coordinates":[-84.844262,32.538595]},"properties":{"brand":"Flock Safety"}},{"type":"Feature","geometry":{"type":"Point","coordinates":[-83.874039,34.37573]},"properties":{"brand":""}},{"type":"Feature","geometry":{"type":"Point","coordinates":[-83.906448,34.420758]},"properties":{"brand":""}},{"type":"Feature","geometry":{"type":"Point","coordinates":[-83.907043,34.421204]},"properties":{"brand":""}},{"type":"Feature","geometry":{"type":"Point","coordinates":[-84.057668,34.328606]},"properties":{"brand":"Flock Safety"}},{"type":"Feature","geometry":{"type":"Point","coordinates":[-84.029355,34.371376]},"properties":{"brand":"Flock Safety"}},{"type":"Feature","geometry":{"type":"Point","coordinates":[-84.029457,34.371351]},"properties":{"brand":"Flock Safety"}},{"type":"Feature","geometry":{"type":"Point","coordinates":[-83.233987,33.023058]},"properties":{"brand":""}},{"type":"Feature","geometry":{"type":"Point","coordinates":[-83.216932,32.969919]},"properties":{"brand":""}},{"type":"Feature","geometry":{"type":"Point","coordinates":[-83.053441,32.667044]},"properties":{"brand":""}},{"type":"Feature","geometry":{"type":"Point","coordinates":[-83.434682,33.718879]},"properties":{"brand":""}},{"type":"Feature","geometry":{"type":"Point","coordinates":[-83.474286,33.553786]},"properties":{"brand":""}},{"type":"Feature","geometry":{"type":"Point","coordinates":[-83.433989,33.763977]},"properties":{"brand":""}},{"type":"Feature","geometry":{"type":"Point","coordinates":[-83.054711,32.66923]},"properties":{"brand":""}},{"type":"Feature","geometry":{"type":"Point","coordinates":[-83.260815,33.08857]},"properties":{"brand":""}},{"type":"Feature","geometry":{"type":"Point","coordinates":[-83.22431,33.012161]},"properties":{"brand":""}},{"type":"Feature","geometry":{"type":"Point","coordinates":[-83.373593,33.291332]},"properties":{"brand":""}},{"type":"Feature","geometry":{"type":"Point","coordinates":[-83.412033,33.46025]},"properties":{"brand":""}},{"type":"Feature","geometry":{"type":"Point","coordinates":[-83.647467,34.152762]},"properties":{"brand":""}},{"type":"Feature","geometry":{"type":"Point","coordinates":[-83.783643,34.279819]},"properties":{"brand":""}},{"type":"Feature","geometry":{"type":"Point","coordinates":[-83.584188,34.092446]},"properties":{"brand":""}},{"type":"Feature","geometry":{"type":"Point","coordinates":[-83.8894,34.257924]},"properties":{"brand":""}},{"type":"Feature","geometry":{"type":"Point","coordinates":[-83.428875,33.736849]},"properties":{"brand":""}},{"type":"Feature","geometry":{"type":"Point","coordinates":[-83.846889,34.291118]},"properties":{"brand":"Flock Safety"}},{"type":"Feature","geometry":{"type":"Point","coordinates":[-83.848458,34.292593]},"properties":{"brand":""}},{"type":"Feature","geometry":{"type":"Point","coordinates":[-82.28383,34.804711]},"properties":{"brand":"Flock Safety"}},{"type":"Feature","geometry":{"type":"Point","coordinates":[-83.8393,34.073175]},"properties":{"brand":"Flock Safety"}},{"type":"Feature","geometry":{"type":"Point","coordinates":[-83.839333,34.073292]},"properties":{"brand":"Flock Safety"}},{"type":"Feature","geometry":{"type":"Point","coordinates":[-83.866454,34.098537]},"properties":{"brand":"Flock Safety"}},{"type":"Feature","geometry":{"type":"Point","coordinates":[-83.875491,34.112973]},"properties":{"brand":"Flock Safety"}},{"type":"Feature","geometry":{"type":"Point","coordinates":[-83.883394,34.076082]},"properties":{"brand":"Flock Safety"}},{"type":"Feature","geometry":{"type":"Point","coordinates":[-83.872571,34.038135]},"properties":{"brand":"Flock Safety"}},{"type":"Feature","geometry":{"type":"Point","coordinates":[-83.872531,34.038174]},"properties":{"brand":"Flock Safety"}},{"type":"Feature","geometry":{"type":"Point","coordinates":[-83.983707,34.076071]},"properties":{"brand":"Flock Safety"}},{"type":"Feature","geometry":{"type":"Point","coordinates":[-83.664727,33.299441]},"properties":{"brand":"Flock Safety"}},{"type":"Feature","geometry":{"type":"Point","coordinates":[-83.762884,33.420321]},"properties":{"brand":"Flock Safety"}},{"type":"Feature","geometry":{"type":"Point","coordinates":[-83.985253,34.068825]},"properties":{"brand":"Flock Safety"}},{"type":"Feature","geometry":{"type":"Point","coordinates":[-83.966099,34.069257]},"properties":{"brand":"Flock Safety"}},{"type":"Feature","geometry":{"type":"Point","coordinates":[-83.963632,34.070791]},"properties":{"brand":"Flock Safety"}},{"type":"Feature","geometry":{"type":"Point","coordinates":[-83.963739,34.070654]},"properties":{"brand":"Flock Safety"}},{"type":"Feature","geometry":{"type":"Point","coordinates":[-83.876518,34.318615]},"properties":{"brand":""}},{"type":"Feature","geometry":{"type":"Point","coordinates":[-84.396093,33.938928]},"properties":{"brand":"Flock Safety"}},{"type":"Feature","geometry":{"type":"Point","coordinates":[-84.381022,33.936885]},"properties":{"brand":"Flock Safety"}},{"type":"Feature","geometry":{"type":"Point","coordinates":[-84.379322,33.937098]},"properties":{"brand":"Flock Safety"}},{"type":"Feature","geometry":{"type":"Point","coordinates":[-84.22885,33.95559]},"properties":{"brand":""}},{"type":"Feature","geometry":{"type":"Point","coordinates":[-84.229112,33.955631]},"properties":{"brand":""}},{"type":"Feature","geometry":{"type":"Point","coordinates":[-84.246173,33.958215]},"properties":{"brand":""}},{"type":"Feature","geometry":{"type":"Point","coordinates":[-84.247536,33.959892]},"properties":{"brand":""}},{"type":"Feature","geometry":{"type":"Point","coordinates":[-84.079829,34.271913]},"properties":{"brand":""}},{"type":"Feature","geometry":{"type":"Point","coordinates":[-84.117273,34.334571]},"properties":{"brand":""}},{"type":"Feature","geometry":{"type":"Point","coordinates":[-84.118041,34.335137]},"properties":{"brand":""}},{"type":"Feature","geometry":{"type":"Point","coordinates":[-83.940673,34.109899]},"properties":{"brand":"Flock Safety"}},{"type":"Feature","geometry":{"type":"Point","coordinates":[-83.986936,34.122847]},"properties":{"brand":"Flock Safety"}},{"type":"Feature","geometry":{"type":"Point","coordinates":[-83.994366,34.114474]},"properties":{"brand":"Flock Safety"}},{"type":"Feature","geometry":{"type":"Point","coordinates":[-84.642061,34.216119]},"properties":{"brand":""}},{"type":"Feature","geometry":{"type":"Point","coordinates":[-82.329985,34.750808]},"properties":{"brand":"Flock Safety"}},{"type":"Feature","geometry":{"type":"Point","coordinates":[-82.13031,33.48208]},"properties":{"brand":"Flock Safety"}},{"type":"Feature","geometry":{"type":"Point","coordinates":[-82.032873,33.406641]},"properties":{"brand":"Flock Safety"}},{"type":"Feature","geometry":{"type":"Point","coordinates":[-84.650933,34.035503]},"properties":{"brand":"Flock Safety"}},{"type":"Feature","geometry":{"type":"Point","coordinates":[-84.562817,33.969379]},"properties":{"brand":"Flock Safety"}},{"type":"Feature","geometry":{"type":"Point","coordinates":[-84.667985,34.045134]},"properties":{"brand":"Flock Safety"}},{"type":"Feature","geometry":{"type":"Point","coordinates":[-84.662464,34.049396]},"properties":{"brand":"Flock Safety"}},{"type":"Feature","geometry":{"type":"Point","coordinates":[-84.675246,34.035322]},"properties":{"brand":"Flock Safety"}},{"type":"Feature","geometry":{"type":"Point","coordinates":[-84.671372,34.034491]},"properties":{"brand":"Flock Safety"}},{"type":"Feature","geometry":{"type":"Point","coordinates":[-84.673222,34.034158]},"properties":{"brand":"Flock Safety"}},{"type":"Feature","geometry":{"type":"Point","coordinates":[-84.666468,33.970182]},"properties":{"brand":"Flock Safety"}},{"type":"Feature","geometry":{"type":"Point","coordinates":[-84.287159,34.238147]},"properties":{"brand":""}},{"type":"Feature","geometry":{"type":"Point","coordinates":[-84.594827,34.001715]},"properties":{"brand":"Flock Safety"}},{"type":"Feature","geometry":{"type":"Point","coordinates":[-84.59554,34.001584]},"properties":{"brand":"Flock Safety"}},{"type":"Feature","geometry":{"type":"Point","coordinates":[-84.644747,34.028197]},"properties":{"brand":"Flock Safety"}},{"type":"Feature","geometry":{"type":"Point","coordinates":[-84.639252,34.027373]},"properties":{"brand":"Flock Safety"}},{"type":"Feature","geometry":{"type":"Point","coordinates":[-84.635463,34.025961]},"properties":{"brand":"Flock Safety"}},{"type":"Feature","geometry":{"type":"Point","coordinates":[-84.653486,33.954825]},"properties":{"brand":"Flock Safety"}},{"type":"Feature","geometry":{"type":"Point","coordinates":[-84.639996,33.950369]},"properties":{"brand":"Flock Safety"}},{"type":"Feature","geometry":{"type":"Point","coordinates":[-84.638861,33.950086]},"properties":{"brand":"Flock Safety"}},{"type":"Feature","geometry":{"type":"Point","coordinates":[-84.627936,33.947274]},"properties":{"brand":"Flock Safety"}},{"type":"Feature","geometry":{"type":"Point","coordinates":[-84.62923,33.947326]},"properties":{"brand":"Flock Safety"}},{"type":"Feature","geometry":{"type":"Point","coordinates":[-84.629999,33.948214]},"properties":{"brand":"Flock Safety"}},{"type":"Feature","geometry":{"type":"Point","coordinates":[-84.687226,34.03606]},"properties":{"brand":"Flock Safety"}},{"type":"Feature","geometry":{"type":"Point","coordinates":[-84.685353,34.035846]},"properties":{"brand":"Flock Safety"}},{"type":"Feature","geometry":{"type":"Point","coordinates":[-84.68511,34.034881]},"properties":{"brand":"Flock Safety"}},{"type":"Feature","geometry":{"type":"Point","coordinates":[-84.65453,34.075275]},"properties":{"brand":"Flock Safety"}},{"type":"Feature","geometry":{"type":"Point","coordinates":[-84.590971,34.000053]},"properties":{"brand":"Flock Safety"}},{"type":"Feature","geometry":{"type":"Point","coordinates":[-84.643747,34.036107]},"properties":{"brand":"Flock Safety"}},{"type":"Feature","geometry":{"type":"Point","coordinates":[-84.62583,34.017215]},"properties":{"brand":"Flock Safety"}},{"type":"Feature","geometry":{"type":"Point","coordinates":[-84.576324,33.989507]},"properties":{"brand":"Flock Safety"}},{"type":"Feature","geometry":{"type":"Point","coordinates":[-84.649942,34.029684]},"properties":{"brand":"Flock Safety"}},{"type":"Feature","geometry":{"type":"Point","coordinates":[-85.386387,32.666509]},"properties":{"brand":"Flock Safety"}},{"type":"Feature","geometry":{"type":"Point","coordinates":[-85.424245,32.578623]},"properties":{"brand":"Flock Safety"}},{"type":"Feature","geometry":{"type":"Point","coordinates":[-85.369471,32.660886]},"properties":{"brand":"Flock Safety"}},{"type":"Feature","geometry":{"type":"Point","coordinates":[-85.38309,32.671447]},"properties":{"brand":"Flock Safety"}},{"type":"Feature","geometry":{"type":"Point","coordinates":[-85.403489,32.617761]},"properties":{"brand":"Flock Safety"}},{"type":"Feature","geometry":{"type":"Point","coordinates":[-85.372611,32.633387]},"properties":{"brand":"Flock Safety"}},{"type":"Feature","geometry":{"type":"Point","coordinates":[-85.400802,32.620762]},"properties":{"brand":"Flock Safety"}},{"type":"Feature","geometry":{"type":"Point","coordinates":[-85.342372,32.676077]},"properties":{"brand":"Flock Safety"}},{"type":"Feature","geometry":{"type":"Point","coordinates":[-85.370442,32.677532]},"properties":{"brand":"Flock Safety"}},{"type":"Feature","geometry":{"type":"Point","coordinates":[-85.405861,32.641618]},"properties":{"brand":"Flock Safety"}},{"type":"Feature","geometry":{"type":"Point","coordinates":[-85.403437,32.620492]},"properties":{"brand":"Flock Safety"}},{"type":"Feature","geometry":{"type":"Point","coordinates":[-85.403998,32.638472]},"properties":{"brand":"Flock Safety"}},{"type":"Feature","geometry":{"type":"Point","coordinates":[-85.400641,32.621593]},"properties":{"brand":"Flock Safety"}},{"type":"Feature","geometry":{"type":"Point","coordinates":[-85.383339,32.632648]},"properties":{"brand":"Flock Safety"}},{"type":"Feature","geometry":{"type":"Point","coordinates":[-85.377861,32.632863]},"properties":{"brand":"Flock Safety"}},{"type":"Feature","geometry":{"type":"Point","coordinates":[-85.403373,32.622388]},"properties":{"brand":"Flock Safety"}},{"type":"Feature","geometry":{"type":"Point","coordinates":[-85.403316,32.62306]},"properties":{"brand":"Flock Safety"}},{"type":"Feature","geometry":{"type":"Point","coordinates":[-85.403373,32.621416]},"properties":{"brand":"Flock Safety"}},{"type":"Feature","geometry":{"type":"Point","coordinates":[-85.408189,32.637866]},"properties":{"brand":"Flock Safety"}},{"type":"Feature","geometry":{"type":"Point","coordinates":[-85.407163,32.640814]},"properties":{"brand":"Flock Safety"}},{"type":"Feature","geometry":{"type":"Point","coordinates":[-85.401766,32.639087]},"properties":{"brand":"Flock Safety"}},{"type":"Feature","geometry":{"type":"Point","coordinates":[-85.336654,32.660227]},"properties":{"brand":"Flock Safety"}},{"type":"Feature","geometry":{"type":"Point","coordinates":[-85.401778,32.639181]},"properties":{"brand":"Flock Safety"}},{"type":"Feature","geometry":{"type":"Point","coordinates":[-84.614611,34.04874]},"properties":{"brand":"Flock Safety"}},{"type":"Feature","geometry":{"type":"Point","coordinates":[-84.630276,34.077111]},"properties":{"brand":"Flock Safety"}},{"type":"Feature","geometry":{"type":"Point","coordinates":[-84.720307,34.059126]},"properties":{"brand":"Flock Safety"}},{"type":"Feature","geometry":{"type":"Point","coordinates":[-84.677316,34.073226]},"properties":{"brand":"Flock Safety"}},{"type":"Feature","geometry":{"type":"Point","coordinates":[-84.557546,34.173927]},"properties":{"brand":"Flock Safety"}},{"type":"Feature","geometry":{"type":"Point","coordinates":[-84.523475,34.2044]},"properties":{"brand":"Flock Safety"}},{"type":"Feature","geometry":{"type":"Point","coordinates":[-84.684135,34.067449]},"properties":{"brand":"Flock Safety"}},{"type":"Feature","geometry":{"type":"Point","coordinates":[-84.687488,34.067675]},"properties":{"brand":"Flock Safety"}},{"type":"Feature","geometry":{"type":"Point","coordinates":[-84.699095,34.05008]},"properties":{"brand":"Flock Safety"}},{"type":"Feature","geometry":{"type":"Point","coordinates":[-84.390453,34.325701]},"properties":{"brand":"Flock Safety"}},{"type":"Feature","geometry":{"type":"Point","coordinates":[-84.62884,34.078356]},"properties":{"brand":"Flock Safety"}},{"type":"Feature","geometry":{"type":"Point","coordinates":[-84.634736,34.073018]},"properties":{"brand":"Flock Safety"}},{"type":"Feature","geometry":{"type":"Point","coordinates":[-84.677013,34.068045]},"properties":{"brand":"Flock Safety"}},{"type":"Feature","geometry":{"type":"Point","coordinates":[-84.675623,34.067281]},"properties":{"brand":"Flock Safety"}},{"type":"Feature","geometry":{"type":"Point","coordinates":[-84.021481,34.336686]},"properties":{"brand":""}},{"type":"Feature","geometry":{"type":"Point","coordinates":[-83.934813,34.404387]},"properties":{"brand":""}},{"type":"Feature","geometry":{"type":"Point","coordinates":[-84.144199,34.052366]},"properties":{"brand":"Flock Safety"}},{"type":"Feature","geometry":{"type":"Point","coordinates":[-85.357813,32.643668]},"properties":{"brand":"Flock Safety"}},{"type":"Feature","geometry":{"type":"Point","coordinates":[-84.646409,34.037074]},"properties":{"brand":"Flock Safety"}},{"type":"Feature","geometry":{"type":"Point","coordinates":[-84.597488,33.993527]},"properties":{"brand":"Flock Safety"}},{"type":"Feature","geometry":{"type":"Point","coordinates":[-84.596875,33.992715]},"properties":{"brand":"Flock Safety"}},{"type":"Feature","geometry":{"type":"Point","coordinates":[-84.508343,33.928367]},"properties":{"brand":"Flock Safety"}},{"type":"Feature","geometry":{"type":"Point","coordinates":[-84.513528,33.937438]},"properties":{"brand":"Flock Safety"}},{"type":"Feature","geometry":{"type":"Point","coordinates":[-84.455611,33.86941]},"properties":{"brand":"Flock Safety"}},{"type":"Feature","geometry":{"type":"Point","coordinates":[-84.454364,33.868016]},"properties":{"brand":"Flock Safety"}},{"type":"Feature","geometry":{"type":"Point","coordinates":[-84.454105,33.868144]},"properties":{"brand":"Flock Safety"}},{"type":"Feature","geometry":{"type":"Point","coordinates":[-84.636456,34.061679]},"properties":{"brand":"Flock Safety"}},{"type":"Feature","geometry":{"type":"Point","coordinates":[-83.999129,34.091376]},"properties":{"brand":""}},{"type":"Feature","geometry":{"type":"Point","coordinates":[-83.99421,34.087801]},"properties":{"brand":""}},{"type":"Feature","geometry":{"type":"Point","coordinates":[-83.999843,34.0909]},"properties":{"brand":""}},{"type":"Feature","geometry":{"type":"Point","coordinates":[-83.997282,34.088881]},"properties":{"brand":""}},{"type":"Feature","geometry":{"type":"Point","coordinates":[-83.992678,34.086269]},"properties":{"brand":""}},{"type":"Feature","geometry":{"type":"Point","coordinates":[-82.37476,34.804784]},"properties":{"brand":"Flock Safety"}},{"type":"Feature","geometry":{"type":"Point","coordinates":[-84.574642,33.95186]},"properties":{"brand":"Flock Safety"}},{"type":"Feature","geometry":{"type":"Point","coordinates":[-84.579735,33.954664]},"properties":{"brand":"Flock Safety"}},{"type":"Feature","geometry":{"type":"Point","coordinates":[-85.134581,32.860147]},"properties":{"brand":"Flock Safety"}},{"type":"Feature","geometry":{"type":"Point","coordinates":[-84.024614,33.210814]},"properties":{"brand":"Flock Safety"}},{"type":"Feature","geometry":{"type":"Point","coordinates":[-84.058708,33.20973]},"properties":{"brand":"Flock Safety"}},{"type":"Feature","geometry":{"type":"Point","coordinates":[-83.983854,33.21558]},"properties":{"brand":"Flock Safety"}},{"type":"Feature","geometry":{"type":"Point","coordinates":[-84.100396,33.260063]},"properties":{"brand":"Flock Safety"}},{"type":"Feature","geometry":{"type":"Point","coordinates":[-84.083607,33.263503]},"properties":{"brand":"Flock Safety"}},{"type":"Feature","geometry":{"type":"Point","coordinates":[-84.003816,33.290503]},"properties":{"brand":"Flock Safety"}},{"type":"Feature","geometry":{"type":"Point","coordinates":[-84.056395,33.212585]},"properties":{"brand":"Flock Safety"}},{"type":"Feature","geometry":{"type":"Point","coordinates":[-84.0477,33.218067]},"properties":{"brand":"Flock Safety"}},{"type":"Feature","geometry":{"type":"Point","coordinates":[-84.045287,33.219076]},"properties":{"brand":"Flock Safety"}},{"type":"Feature","geometry":{"type":"Point","coordinates":[-84.045052,33.218848]},"properties":{"brand":"Flock Safety"}},{"type":"Feature","geometry":{"type":"Point","coordinates":[-84.042361,33.220714]},"properties":{"brand":"Flock Safety"}},{"type":"Feature","geometry":{"type":"Point","coordinates":[-84.042165,33.220563]},"properties":{"brand":"Flock Safety"}},{"type":"Feature","geometry":{"type":"Point","coordinates":[-83.978384,33.303524]},"properties":{"brand":"Flock Safety"}},{"type":"Feature","geometry":{"type":"Point","coordinates":[-83.981108,33.307142]},"properties":{"brand":"Flock Safety"}},{"type":"Feature","geometry":{"type":"Point","coordinates":[-83.989187,33.26713]},"properties":{"brand":"Flock Safety"}},{"type":"Feature","geometry":{"type":"Point","coordinates":[-83.965003,33.272666]},"properties":{"brand":"Flock Safety"}},{"type":"Feature","geometry":{"type":"Point","coordinates":[-83.947188,33.29406]},"properties":{"brand":"Flock Safety"}},{"type":"Feature","geometry":{"type":"Point","coordinates":[-83.929006,33.288268]},"properties":{"brand":"Flock Safety"}},{"type":"Feature","geometry":{"type":"Point","coordinates":[-83.965012,33.331853]},"properties":{"brand":"Flock Safety"}},{"type":"Feature","geometry":{"type":"Point","coordinates":[-84.025079,33.346761]},"properties":{"brand":"Flock Safety"}},{"type":"Feature","geometry":{"type":"Point","coordinates":[-84.024314,33.345766]},"properties":{"brand":"Flock Safety"}},{"type":"Feature","geometry":{"type":"Point","coordinates":[-84.032934,33.36265]},"properties":{"brand":"Flock Safety"}},{"type":"Feature","geometry":{"type":"Point","coordinates":[-84.053984,33.319496]},"properties":{"brand":"Flock Safety"}},{"type":"Feature","geometry":{"type":"Point","coordinates":[-84.05341,33.319375]},"properties":{"brand":"Flock Safety"}},{"type":"Feature","geometry":{"type":"Point","coordinates":[-83.907876,33.263543]},"properties":{"brand":"Flock Safety"}},{"type":"Feature","geometry":{"type":"Point","coordinates":[-83.896682,33.391914]},"properties":{"brand":"Flock Safety"}},{"type":"Feature","geometry":{"type":"Point","coordinates":[-83.962869,33.411341]},"properties":{"brand":"Flock Safety"}},{"type":"Feature","geometry":{"type":"Point","coordinates":[-84.42754,33.659066]},"properties":{"brand":"Flock Safety"}},{"type":"Feature","geometry":{"type":"Point","coordinates":[-84.428012,33.658866]},"properties":{"brand":"Flock Safety"}},{"type":"Feature","geometry":{"type":"Point","coordinates":[-84.427387,33.657693]},"properties":{"brand":"Flock Safety"}},{"type":"Feature","geometry":{"type":"Point","coordinates":[-84.42659,33.657395]},"properties":{"brand":"Flock Safety"}},{"type":"Feature","geometry":{"type":"Point","coordinates":[-84.426538,33.65767]},"properties":{"brand":"Flock Safety"}},{"type":"Feature","geometry":{"type":"Point","coordinates":[-84.408177,33.651926]},"properties":{"brand":"Flock Safety"}},{"type":"Feature","geometry":{"type":"Point","coordinates":[-84.407444,33.651782]},"properties":{"brand":"Flock Safety"}},{"type":"Feature","geometry":{"type":"Point","coordinates":[-84.1272,33.352236]},"properties":{"brand":"Flock Safety"}},{"type":"Feature","geometry":{"type":"Point","coordinates":[-84.1228,33.353387]},"properties":{"brand":"Flock Safety"}},{"type":"Feature","geometry":{"type":"Point","coordinates":[-84.405181,33.641054]},"properties":{"brand":"Flock Safety"}},{"type":"Feature","geometry":{"type":"Point","coordinates":[-84.40494,33.641055]},"properties":{"brand":"Flock Safety"}},{"type":"Feature","geometry":{"type":"Point","coordinates":[-84.404691,33.641197]},"properties":{"brand":"Flock Safety"}},{"type":"Feature","geometry":{"type":"Point","coordinates":[-84.40523,33.640916]},"properties":{"brand":"Flock Safety"}},{"type":"Feature","geometry":{"type":"Point","coordinates":[-84.121764,33.342048]},"properties":{"brand":"Flock Safety"}},{"type":"Feature","geometry":{"type":"Point","coordinates":[-84.617933,34.088339]},"properties":{"brand":"Flock Safety"}},{"type":"Feature","geometry":{"type":"Point","coordinates":[-84.588085,34.07609]},"properties":{"brand":"Flock Safety"}},{"type":"Feature","geometry":{"type":"Point","coordinates":[-84.545428,34.002658]},"properties":{"brand":"Flock Safety"}},{"type":"Feature","geometry":{"type":"Point","coordinates":[-84.588825,34.077066]},"properties":{"brand":"Flock Safety"}},{"type":"Feature","geometry":{"type":"Point","coordinates":[-84.557673,33.982834]},"properties":{"brand":"Flock Safety"}},{"type":"Feature","geometry":{"type":"Point","coordinates":[-84.557718,33.982206]},"properties":{"brand":"Flock Safety"}},{"type":"Feature","geometry":{"type":"Point","coordinates":[-84.589395,34.023212]},"properties":{"brand":"Flock Safety"}},{"type":"Feature","geometry":{"type":"Point","coordinates":[-84.615315,34.025909]},"properties":{"brand":"Flock Safety"}},{"type":"Feature","geometry":{"type":"Point","coordinates":[-84.616559,34.03494]},"properties":{"brand":"Flock Safety"}},{"type":"Feature","geometry":{"type":"Point","coordinates":[-84.602169,34.042476]},"properties":{"brand":"Flock Safety"}},{"type":"Feature","geometry":{"type":"Point","coordinates":[-83.991567,34.422253]},"properties":{"brand":""}},{"type":"Feature","geometry":{"type":"Point","coordinates":[-83.891358,34.255006]},"properties":{"brand":""}},{"type":"Feature","geometry":{"type":"Point","coordinates":[-84.128398,34.061006]},"properties":{"brand":"Flock Safety"}},{"type":"Feature","geometry":{"type":"Point","coordinates":[-84.208519,33.915281]},"properties":{"brand":"Flock Safety"}},{"type":"Feature","geometry":{"type":"Point","coordinates":[-84.108282,34.050937]},"properties":{"brand":"Flock Safety"}},{"type":"Feature","geometry":{"type":"Point","coordinates":[-84.107811,34.050854]},"properties":{"brand":"Flock Safety"}},{"type":"Feature","geometry":{"type":"Point","coordinates":[-83.813405,34.290175]},"properties":{"brand":""}},{"type":"Feature","geometry":{"type":"Point","coordinates":[-82.348378,34.83325]},"properties":{"brand":"Flock Safety"}},{"type":"Feature","geometry":{"type":"Point","coordinates":[-82.179366,34.213308]},"properties":{"brand":"Flock Safety"}},{"type":"Feature","geometry":{"type":"Point","coordinates":[-82.175895,34.232187]},"properties":{"brand":"Flock Safety"}},{"type":"Feature","geometry":{"type":"Point","coordinates":[-82.165836,34.233384]},"properties":{"brand":"Flock Safety"}},{"type":"Feature","geometry":{"type":"Point","coordinates":[-82.103528,34.23335]},"properties":{"brand":"Flock Safety"}},{"type":"Feature","geometry":{"type":"Point","coordinates":[-82.160934,34.191754]},"properties":{"brand":"Flock Safety"}},{"type":"Feature","geometry":{"type":"Point","coordinates":[-82.177631,34.231254]},"properties":{"brand":"Flock Safety"}},{"type":"Feature","geometry":{"type":"Point","coordinates":[-82.137863,34.2125]},"properties":{"brand":"Flock Safety"}},{"type":"Feature","geometry":{"type":"Point","coordinates":[-82.113348,34.212909]},"properties":{"brand":"Flock Safety"}},{"type":"Feature","geometry":{"type":"Point","coordinates":[-82.131357,34.17681]},"properties":{"brand":"Flock Safety"}},{"type":"Feature","geometry":{"type":"Point","coordinates":[-82.059001,34.231533]},"properties":{"brand":"Flock Safety"}},{"type":"Feature","geometry":{"type":"Point","coordinates":[-82.156755,34.222683]},"properties":{"brand":"Flock Safety"}},{"type":"Feature","geometry":{"type":"Point","coordinates":[-82.144323,34.179502]},"properties":{"brand":"Flock Safety"}},{"type":"Feature","geometry":{"type":"Point","coordinates":[-82.142901,34.179838]},"properties":{"brand":"Flock Safety"}},{"type":"Feature","geometry":{"type":"Point","coordinates":[-82.145141,34.181726]},"properties":{"brand":"Flock Safety"}},{"type":"Feature","geometry":{"type":"Point","coordinates":[-82.14911,34.177185]},"properties":{"brand":"Flock Safety"}},{"type":"Feature","geometry":{"type":"Point","coordinates":[-82.148373,34.209034]},"properties":{"brand":"Flock Safety"}},{"type":"Feature","geometry":{"type":"Point","coordinates":[-82.164029,34.19694]},"properties":{"brand":"Flock Safety"}},{"type":"Feature","geometry":{"type":"Point","coordinates":[-82.167032,34.198886]},"properties":{"brand":"Flock Safety"}},{"type":"Feature","geometry":{"type":"Point","coordinates":[-82.167273,34.198951]},"properties":{"brand":"Flock Safety"}},{"type":"Feature","geometry":{"type":"Point","coordinates":[-82.170362,34.202858]},"properties":{"brand":"Flock Safety"}},{"type":"Feature","geometry":{"type":"Point","coordinates":[-82.196078,34.204118]},"properties":{"brand":"Flock Safety"}},{"type":"Feature","geometry":{"type":"Point","coordinates":[-82.131603,33.483275]},"properties":{"brand":"Flock Safety"}},{"type":"Feature","geometry":{"type":"Point","coordinates":[-82.131952,33.483163]},"properties":{"brand":"Flock Safety"}},{"type":"Feature","geometry":{"type":"Point","coordinates":[-84.680414,34.117798]},"properties":{"brand":"Flock Safety"}},{"type":"Feature","geometry":{"type":"Point","coordinates":[-84.723809,34.067538]},"properties":{"brand":"Flock Safety"}},{"type":"Feature","geometry":{"type":"Point","coordinates":[-84.722922,34.065421]},"properties":{"brand":"Flock Safety"}},{"type":"Feature","geometry":{"type":"Point","coordinates":[-84.723013,34.06528]},"properties":{"brand":"Flock Safety"}},{"type":"Feature","geometry":{"type":"Point","coordinates":[-84.694424,34.080949]},"properties":{"brand":"Flock Safety"}},{"type":"Feature","geometry":{"type":"Point","coordinates":[-84.690101,34.13314]},"properties":{"brand":"Flock Safety"}},{"type":"Feature","geometry":{"type":"Point","coordinates":[-84.591827,33.995982]},"properties":{"brand":"Flock Safety"}},{"type":"Feature","geometry":{"type":"Point","coordinates":[-83.936875,34.404952]},"properties":{"brand":""}},{"type":"Feature","geometry":{"type":"Point","coordinates":[-84.989988,32.507288]},"properties":{"brand":"Flock Safety"}},{"type":"Feature","geometry":{"type":"Point","coordinates":[-84.940651,32.507655]},"properties":{"brand":"Flock Safety"}},{"type":"Feature","geometry":{"type":"Point","coordinates":[-84.99956,32.507088]},"properties":{"brand":"Flock Safety"}},{"type":"Feature","geometry":{"type":"Point","coordinates":[-84.939171,32.508486]},"properties":{"brand":"Flock Safety"}},{"type":"Feature","geometry":{"type":"Point","coordinates":[-84.988809,32.507091]},"properties":{"brand":"Flock Safety"}},{"type":"Feature","geometry":{"type":"Point","coordinates":[-84.999729,32.507551]},"properties":{"brand":"Flock Safety"}},{"type":"Feature","geometry":{"type":"Point","coordinates":[-84.114351,33.912922]},"properties":{"brand":"Flock Safety"}},{"type":"Feature","geometry":{"type":"Point","coordinates":[-84.112527,33.908153]},"properties":{"brand":"Flock Safety"}},{"type":"Feature","geometry":{"type":"Point","coordinates":[-84.106977,33.90835]},"properties":{"brand":"Flock Safety"}},{"type":"Feature","geometry":{"type":"Point","coordinates":[-84.113982,33.919001]},"properties":{"brand":"Flock Safety"}},{"type":"Feature","geometry":{"type":"Point","coordinates":[-84.084221,33.921753]},"properties":{"brand":"Flock Safety"}},{"type":"Feature","geometry":{"type":"Point","coordinates":[-84.05907,33.957764]},"properties":{"brand":"Flock Safety"}},{"type":"Feature","geometry":{"type":"Point","coordinates":[-84.061342,33.961984]},"properties":{"brand":"Flock Safety"}},{"type":"Feature","geometry":{"type":"Point","coordinates":[-84.580937,34.034393]},"properties":{"brand":"Flock Safety"}},{"type":"Feature","geometry":{"type":"Point","coordinates":[-84.580536,34.040355]},"properties":{"brand":"Flock Safety"}},{"type":"Feature","geometry":{"type":"Point","coordinates":[-84.581153,34.040234]},"properties":{"brand":"Flock Safety"}},{"type":"Feature","geometry":{"type":"Point","coordinates":[-82.138578,34.248995]},"properties":{"brand":"Flock Safety"}},{"type":"Feature","geometry":{"type":"Point","coordinates":[-82.160473,34.191327]},"properties":{"brand":"Flock Safety"}},{"type":"Feature","geometry":{"type":"Point","coordinates":[-82.17199,34.201311]},"properties":{"brand":"Flock Safety"}},{"type":"Feature","geometry":{"type":"Point","coordinates":[-82.135757,34.147052]},"properties":{"brand":"Flock Safety"}},{"type":"Feature","geometry":{"type":"Point","coordinates":[-84.598715,34.048672]},"properties":{"brand":"Flock Safety"}},{"type":"Feature","geometry":{"type":"Point","coordinates":[-84.422894,34.169962]},"properties":{"brand":"Flock Safety"}},{"type":"Feature","geometry":{"type":"Point","coordinates":[-84.110123,33.906249]},"properties":{"brand":"Flock Safety"}},{"type":"Feature","geometry":{"type":"Point","coordinates":[-84.104044,33.909208]},"properties":{"brand":"Flock Safety"}},{"type":"Feature","geometry":{"type":"Point","coordinates":[-84.270297,33.842377]},"properties":{"brand":"Flock Safety"}},{"type":"Feature","geometry":{"type":"Point","coordinates":[-83.885378,34.517838]},"properties":{"brand":""}},{"type":"Feature","geometry":{"type":"Point","coordinates":[-84.058427,33.963403]},"properties":{"brand":"Flock Safety"}},{"type":"Feature","geometry":{"type":"Point","coordinates":[-84.035938,33.960801]},"properties":{"brand":"Flock Safety"}},{"type":"Feature","geometry":{"type":"Point","coordinates":[-84.032818,33.956545]},"properties":{"brand":"Flock Safety"}},{"type":"Feature","geometry":{"type":"Point","coordinates":[-84.031347,33.956341]},"properties":{"brand":"Flock Safety"}},{"type":"Feature","geometry":{"type":"Point","coordinates":[-84.016024,33.949178]},"properties":{"brand":"Flock Safety"}},{"type":"Feature","geometry":{"type":"Point","coordinates":[-84.035006,33.937888]},"properties":{"brand":"Flock Safety"}},{"type":"Feature","geometry":{"type":"Point","coordinates":[-84.072528,33.92327]},"properties":{"brand":"Flock Safety"}},{"type":"Feature","geometry":{"type":"Point","coordinates":[-84.059504,33.927134]},"properties":{"brand":"Flock Safety"}},{"type":"Feature","geometry":{"type":"Point","coordinates":[-84.059111,33.926854]},"properties":{"brand":"Flock Safety"}},{"type":"Feature","geometry":{"type":"Point","coordinates":[-84.042148,33.931648]},"properties":{"brand":"Flock Safety"}},{"type":"Feature","geometry":{"type":"Point","coordinates":[-84.062389,33.925448]},"properties":{"brand":"Flock Safety"}},{"type":"Feature","geometry":{"type":"Point","coordinates":[-84.154101,33.826706]},"properties":{"brand":"Flock Safety"}},{"type":"Feature","geometry":{"type":"Point","coordinates":[-84.141257,33.858321]},"properties":{"brand":"Flock Safety"}},{"type":"Feature","geometry":{"type":"Point","coordinates":[-84.130074,33.870629]},"properties":{"brand":"Flock Safety"}},{"type":"Feature","geometry":{"type":"Point","coordinates":[-84.111793,33.888829]},"properties":{"brand":"Flock Safety"}},{"type":"Feature","geometry":{"type":"Point","coordinates":[-84.080976,33.938007]},"properties":{"brand":"Flock Safety"}},{"type":"Feature","geometry":{"type":"Point","coordinates":[-84.051013,33.952751]},"properties":{"brand":"Flock Safety"}},{"type":"Feature","geometry":{"type":"Point","coordinates":[-84.115769,33.911323]},"properties":{"brand":"Flock Safety"}},{"type":"Feature","geometry":{"type":"Point","coordinates":[-84.13624,33.957925]},"properties":{"brand":"Flock Safety"}},{"type":"Feature","geometry":{"type":"Point","coordinates":[-84.135504,33.958636]},"properties":{"brand":"Flock Safety"}},{"type":"Feature","geometry":{"type":"Point","coordinates":[-84.129206,33.950804]},"properties":{"brand":"Flock Safety"}},{"type":"Feature","geometry":{"type":"Point","coordinates":[-84.127871,33.949729]},"properties":{"brand":"Flock Safety"}},{"type":"Feature","geometry":{"type":"Point","coordinates":[-84.127037,33.947357]},"properties":{"brand":"Flock Safety"}},{"type":"Feature","geometry":{"type":"Point","coordinates":[-84.124521,33.943758]},"properties":{"brand":"Flock Safety"}},{"type":"Feature","geometry":{"type":"Point","coordinates":[-84.113777,33.919606]},"properties":{"brand":"Flock Safety"}},{"type":"Feature","geometry":{"type":"Point","coordinates":[-84.153582,33.904728]},"properties":{"brand":"Flock Safety"}},{"type":"Feature","geometry":{"type":"Point","coordinates":[-82.397264,34.186221]},"properties":{"brand":"Flock Safety"}},{"type":"Feature","geometry":{"type":"Point","coordinates":[-82.379466,34.17048]},"properties":{"brand":"Flock Safety"}},{"type":"Feature","geometry":{"type":"Point","coordinates":[-82.187206,34.192434]},"properties":{"brand":"Flock Safety"}},{"type":"Feature","geometry":{"type":"Point","coordinates":[-82.156235,34.215683]},"properties":{"brand":"Flock Safety"}},{"type":"Feature","geometry":{"type":"Point","coordinates":[-82.148707,34.211186]},"properties":{"brand":"Flock Safety"}},{"type":"Feature","geometry":{"type":"Point","coordinates":[-84.279858,34.102158]},"properties":{"brand":"Flock Safety"}},{"type":"Feature","geometry":{"type":"Point","coordinates":[-84.945171,32.506557]},"properties":{"brand":"Flock Safety"}},{"type":"Feature","geometry":{"type":"Point","coordinates":[-84.944806,32.506825]},"properties":{"brand":"Flock Safety"}},{"type":"Feature","geometry":{"type":"Point","coordinates":[-84.944747,32.506788]},"properties":{"brand":"Flock Safety"}},{"type":"Feature","geometry":{"type":"Point","coordinates":[-84.944708,32.506675]},"properties":{"brand":"Flock Safety"}},{"type":"Feature","geometry":{"type":"Point","coordinates":[-83.229477,34.60936]},"properties":{"brand":"Flock Safety"}},{"type":"Feature","geometry":{"type":"Point","coordinates":[-84.213743,33.71469]},"properties":{"brand":"Flock Safety"}},{"type":"Feature","geometry":{"type":"Point","coordinates":[-84.213218,33.71469]},"properties":{"brand":"Flock Safety"}},{"type":"Feature","geometry":{"type":"Point","coordinates":[-84.212181,33.714677]},"properties":{"brand":"Flock Safety"}},{"type":"Feature","geometry":{"type":"Point","coordinates":[-84.281728,33.731784]},"properties":{"brand":"Flock Safety"}},{"type":"Feature","geometry":{"type":"Point","coordinates":[-84.283264,33.732069]},"properties":{"brand":"Flock Safety"}},{"type":"Feature","geometry":{"type":"Point","coordinates":[-84.282266,33.730447]},"properties":{"brand":"Flock Safety"}},{"type":"Feature","geometry":{"type":"Point","coordinates":[-84.283691,33.731934]},"properties":{"brand":"Flock Safety"}},{"type":"Feature","geometry":{"type":"Point","coordinates":[-83.285784,34.558193]},"properties":{"brand":"Stephens County Sheriffs Office"}},{"type":"Feature","geometry":{"type":"Point","coordinates":[-83.284778,34.556897]},"properties":{"brand":"Stephens County Sheriffs Office"}},{"type":"Feature","geometry":{"type":"Point","coordinates":[-83.240884,34.427259]},"properties":{"brand":"Flock Safety"}},{"type":"Feature","geometry":{"type":"Point","coordinates":[-83.240311,34.424678]},"properties":{"brand":"Flock Safety"}},{"type":"Feature","geometry":{"type":"Point","coordinates":[-83.242553,34.479188]},"properties":{"brand":"Flock Safety"}},{"type":"Feature","geometry":{"type":"Point","coordinates":[-84.636444,33.765476]},"properties":{"brand":"Flock Safety"}},{"type":"Feature","geometry":{"type":"Point","coordinates":[-85.528694,32.551581]},"properties":{"brand":"Flock Safety"}},{"type":"Feature","geometry":{"type":"Point","coordinates":[-82.197041,34.20346]},"properties":{"brand":"Flock Safety"}},{"type":"Feature","geometry":{"type":"Point","coordinates":[-82.167658,34.214456]},"properties":{"brand":"Flock Safety"}},{"type":"Feature","geometry":{"type":"Point","coordinates":[-82.187689,34.205714]},"properties":{"brand":"Flock Safety"}},{"type":"Feature","geometry":{"type":"Point","coordinates":[-82.143966,34.162399]},"properties":{"brand":"Flock Safety"}},{"type":"Feature","geometry":{"type":"Point","coordinates":[-85.504702,32.561731]},"properties":{"brand":"Flock Safety"}},{"type":"Feature","geometry":{"type":"Point","coordinates":[-85.5037,32.563013]},"properties":{"brand":""}},{"type":"Feature","geometry":{"type":"Point","coordinates":[-83.959438,33.78675]},"properties":{"brand":"Flock Safety"}},{"type":"Feature","geometry":{"type":"Point","coordinates":[-83.980822,34.301817]},"properties":{"brand":""}},{"type":"Feature","geometry":{"type":"Point","coordinates":[-85.260294,33.963244]},"properties":{"brand":"Flock Safety"}},{"type":"Feature","geometry":{"type":"Point","coordinates":[-85.260557,33.963243]},"properties":{"brand":"Flock Safety"}},{"type":"Feature","geometry":{"type":"Point","coordinates":[-83.901837,34.341284]},"properties":{"brand":""}},{"type":"Feature","geometry":{"type":"Point","coordinates":[-83.90184,34.341444]},"properties":{"brand":""}},{"type":"Feature","geometry":{"type":"Point","coordinates":[-82.234222,34.275724]},"properties":{"brand":"Flock Safety"}},{"type":"Feature","geometry":{"type":"Point","coordinates":[-82.233024,34.288559]},"properties":{"brand":"Flock Safety"}},{"type":"Feature","geometry":{"type":"Point","coordinates":[-82.187957,34.206353]},"properties":{"brand":"Flock Safety"}},{"type":"Feature","geometry":{"type":"Point","coordinates":[-84.121328,33.939849]},"properties":{"brand":"Flock Safety"}},{"type":"Feature","geometry":{"type":"Point","coordinates":[-84.123287,33.941424]},"properties":{"brand":"Flock Safety"}},{"type":"Feature","geometry":{"type":"Point","coordinates":[-84.126896,33.942007]},"properties":{"brand":"Flock Safety"}},{"type":"Feature","geometry":{"type":"Point","coordinates":[-84.131851,33.942456]},"properties":{"brand":"Flock Safety"}},{"type":"Feature","geometry":{"type":"Point","coordinates":[-84.133743,33.942393]},"properties":{"brand":"Flock Safety"}},{"type":"Feature","geometry":{"type":"Point","coordinates":[-84.135843,33.94543]},"properties":{"brand":"Flock Safety"}},{"type":"Feature","geometry":{"type":"Point","coordinates":[-84.14135,33.955985]},"properties":{"brand":"Flock Safety"}},{"type":"Feature","geometry":{"type":"Point","coordinates":[-84.13904,33.963345]},"properties":{"brand":"Flock Safety"}},{"type":"Feature","geometry":{"type":"Point","coordinates":[-84.028982,33.912711]},"properties":{"brand":"Flock Safety"}},{"type":"Feature","geometry":{"type":"Point","coordinates":[-84.017109,33.895382]},"properties":{"brand":"Flock Safety"}},{"type":"Feature","geometry":{"type":"Point","coordinates":[-84.009527,33.905364]},"properties":{"brand":"Flock Safety"}},{"type":"Feature","geometry":{"type":"Point","coordinates":[-83.162006,34.504203]},"properties":{"brand":"Flock Safety"}},{"type":"Feature","geometry":{"type":"Point","coordinates":[-84.029186,33.934723]},"properties":{"brand":"Flock Safety"}},{"type":"Feature","geometry":{"type":"Point","coordinates":[-84.018563,33.924239]},"properties":{"brand":"Flock Safety"}},{"type":"Feature","geometry":{"type":"Point","coordinates":[-84.075135,33.923105]},"properties":{"brand":"Flock Safety"}},{"type":"Feature","geometry":{"type":"Point","coordinates":[-84.075267,33.923141]},"properties":{"brand":"Flock Safety"}},{"type":"Feature","geometry":{"type":"Point","coordinates":[-84.061119,33.925954]},"properties":{"brand":"Flock Safety"}},{"type":"Feature","geometry":{"type":"Point","coordinates":[-82.149874,34.178037]},"properties":{"brand":"Flock Safety"}},{"type":"Feature","geometry":{"type":"Point","coordinates":[-84.42403,33.804868]},"properties":{"brand":"Flock Safety"}},{"type":"Feature","geometry":{"type":"Point","coordinates":[-84.524545,33.902301]},"properties":{"brand":"Flock Safety"}},{"type":"Feature","geometry":{"type":"Point","coordinates":[-83.099512,34.667057]},"properties":{"brand":"Flock Safety"}},{"type":"Feature","geometry":{"type":"Point","coordinates":[-82.996699,34.687555]},"properties":{"brand":"Flock Safety"}},{"type":"Feature","geometry":{"type":"Point","coordinates":[-84.263154,33.57206]},"properties":{"brand":"Flock Safety"}},{"type":"Feature","geometry":{"type":"Point","coordinates":[-84.258937,33.553009]},"properties":{"brand":"Flock Safety"}},{"type":"Feature","geometry":{"type":"Point","coordinates":[-84.259381,33.55341]},"properties":{"brand":"Flock Safety"}},{"type":"Feature","geometry":{"type":"Point","coordinates":[-84.244134,33.544763]},"properties":{"brand":"Flock Safety"}},{"type":"Feature","geometry":{"type":"Point","coordinates":[-84.244869,33.544156]},"properties":{"brand":"Flock Safety"}},{"type":"Feature","geometry":{"type":"Point","coordinates":[-84.233403,33.55272]},"properties":{"brand":"Flock Safety"}},{"type":"Feature","geometry":{"type":"Point","coordinates":[-84.233549,33.552908]},"properties":{"brand":"Flock Safety"}},{"type":"Feature","geometry":{"type":"Point","coordinates":[-84.232801,33.569701]},"properties":{"brand":"Flock Safety"}},{"type":"Feature","geometry":{"type":"Point","coordinates":[-84.234845,33.619478]},"properties":{"brand":"Flock Safety"}},{"type":"Feature","geometry":{"type":"Point","coordinates":[-84.277304,33.550409]},"properties":{"brand":"Flock Safety"}},{"type":"Feature","geometry":{"type":"Point","coordinates":[-84.280169,33.551056]},"properties":{"brand":"Flock Safety"}},{"type":"Feature","geometry":{"type":"Point","coordinates":[-84.255048,33.525931]},"properties":{"brand":"Flock Safety"}},{"type":"Feature","geometry":{"type":"Point","coordinates":[-84.286964,33.578107]},"properties":{"brand":"Flock Safety"}},{"type":"Feature","geometry":{"type":"Point","coordinates":[-84.287115,33.577396]},"properties":{"brand":"Flock Safety"}},{"type":"Feature","geometry":{"type":"Point","coordinates":[-84.323433,33.564933]},"properties":{"brand":"Flock Safety"}},{"type":"Feature","geometry":{"type":"Point","coordinates":[-82.132868,34.195922]},"properties":{"brand":"Flock Safety"}},{"type":"Feature","geometry":{"type":"Point","coordinates":[-82.135265,34.219189]},"properties":{"brand":"Flock Safety"}},{"type":"Feature","geometry":{"type":"Point","coordinates":[-84.466942,34.220772]},"properties":{"brand":"Flock Safety"}},{"type":"Feature","geometry":{"type":"Point","coordinates":[-84.244993,33.512179]},"properties":{"brand":"Flock Safety"}},{"type":"Feature","geometry":{"type":"Point","coordinates":[-84.245157,33.512636]},"properties":{"brand":"Flock Safety"}},{"type":"Feature","geometry":{"type":"Point","coordinates":[-84.22865,33.508966]},"properties":{"brand":"Flock Safety"}},{"type":"Feature","geometry":{"type":"Point","coordinates":[-83.5281,32.998187]},"properties":{"brand":"Flock Safety"}},{"type":"Feature","geometry":{"type":"Point","coordinates":[-84.271023,33.77093]},"properties":{"brand":"Flock Safety"}},{"type":"Feature","geometry":{"type":"Point","coordinates":[-84.245239,33.846415]},"properties":{"brand":"Flock Safety"}},{"type":"Feature","geometry":{"type":"Point","coordinates":[-84.023471,33.686863]},"properties":{"brand":"Flock Safety"}},{"type":"Feature","geometry":{"type":"Point","coordinates":[-84.277824,33.761924]},"properties":{"brand":"Flock Safety"}},{"type":"Feature","geometry":{"type":"Point","coordinates":[-84.869437,32.524016]},"properties":{"brand":"Flock Safety"}},{"type":"Feature","geometry":{"type":"Point","coordinates":[-84.572036,34.08665]},"properties":{"brand":"Flock Safety"}},{"type":"Feature","geometry":{"type":"Point","coordinates":[-83.716768,32.567208]},"properties":{"brand":"Flock Safety"}},{"type":"Feature","geometry":{"type":"Point","coordinates":[-83.7188,32.567044]},"properties":{"brand":"Flock Safety"}},{"type":"Feature","geometry":{"type":"Point","coordinates":[-83.671823,32.618564]},"properties":{"brand":"Flock Safety"}},{"type":"Feature","geometry":{"type":"Point","coordinates":[-83.672692,32.618448]},"properties":{"brand":"Flock Safety"}},{"type":"Feature","geometry":{"type":"Point","coordinates":[-83.680049,32.618527]},"properties":{"brand":"Flock Safety"}},{"type":"Feature","geometry":{"type":"Point","coordinates":[-83.686865,32.623734]},"properties":{"brand":"Flock Safety"}},{"type":"Feature","geometry":{"type":"Point","coordinates":[-83.689939,32.623979]},"properties":{"brand":"Flock Safety"}},{"type":"Feature","geometry":{"type":"Point","coordinates":[-83.677215,32.608444]},"properties":{"brand":"Flock Safety"}},{"type":"Feature","geometry":{"type":"Point","coordinates":[-83.708824,32.621123]},"properties":{"brand":"Flock Safety"}},{"type":"Feature","geometry":{"type":"Point","coordinates":[-83.696278,32.61646]},"properties":{"brand":"Flock Safety"}},{"type":"Feature","geometry":{"type":"Point","coordinates":[-84.701591,34.050819]},"properties":{"brand":"Flock Safety"}},{"type":"Feature","geometry":{"type":"Point","coordinates":[-83.391798,33.922769]},"properties":{"brand":"Flock Safety"}},{"type":"Feature","geometry":{"type":"Point","coordinates":[-83.377299,33.951482]},"properties":{"brand":"Flock Safety"}},{"type":"Feature","geometry":{"type":"Point","coordinates":[-83.732234,32.925508]},"properties":{"brand":"Flock Safety"}},{"type":"Feature","geometry":{"type":"Point","coordinates":[-83.330968,33.961049]},"properties":{"brand":"Flock Safety"}},{"type":"Feature","geometry":{"type":"Point","coordinates":[-83.377469,33.949356]},"properties":{"brand":"Flock Safety"}},{"type":"Feature","geometry":{"type":"Point","coordinates":[-83.370833,33.934332]},"properties":{"brand":"Flock Safety"}},{"type":"Feature","geometry":{"type":"Point","coordinates":[-83.36995,33.935318]},"properties":{"brand":"Flock Safety"}},{"type":"Feature","geometry":{"type":"Point","coordinates":[-83.381155,33.960198]},"properties":{"brand":"Flock Safety"}},{"type":"Feature","geometry":{"type":"Point","coordinates":[-83.362272,33.935101]},"properties":{"brand":"Flock Safety"}},{"type":"Feature","geometry":{"type":"Point","coordinates":[-83.374152,33.963639]},"properties":{"brand":"Flock Safety"}},{"type":"Feature","geometry":{"type":"Point","coordinates":[-83.373962,33.957067]},"properties":{"brand":"Flock Safety"}},{"type":"Feature","geometry":{"type":"Point","coordinates":[-84.740238,33.976213]},"properties":{"brand":"Flock Safety"}},{"type":"Feature","geometry":{"type":"Point","coordinates":[-83.579688,33.946223]},"properties":{"brand":"Flock Safety"}},{"type":"Feature","geometry":{"type":"Point","coordinates":[-83.823198,33.968477]},"properties":{"brand":"Neology, Inc."}},{"type":"Feature","geometry":{"type":"Point","coordinates":[-83.657501,33.626031]},"properties":{"brand":"Flock Safety"}},{"type":"Feature","geometry":{"type":"Point","coordinates":[-83.49879,33.741405]},"properties":{"brand":"Flock Safety"}},{"type":"Feature","geometry":{"type":"Point","coordinates":[-83.382074,34.994494]},"properties":{"brand":"Flock Safety"}},{"type":"Feature","geometry":{"type":"Point","coordinates":[-83.38782,34.969184]},"properties":{"brand":"Flock Safety"}},{"type":"Feature","geometry":{"type":"Point","coordinates":[-83.387938,34.909837]},"properties":{"brand":"Flock Safety"}},{"type":"Feature","geometry":{"type":"Point","coordinates":[-83.449864,34.646041]},"properties":{"brand":"Flock Safety"}},{"type":"Feature","geometry":{"type":"Point","coordinates":[-84.1592,33.468306]},"properties":{"brand":"Flock Safety"}},{"type":"Feature","geometry":{"type":"Point","coordinates":[-84.159488,33.468391]},"properties":{"brand":"Flock Safety"}},{"type":"Feature","geometry":{"type":"Point","coordinates":[-84.143875,33.425162]},"properties":{"brand":"Flock Safety"}},{"type":"Feature","geometry":{"type":"Point","coordinates":[-84.143734,33.425591]},"properties":{"brand":"Flock Safety"}},{"type":"Feature","geometry":{"type":"Point","coordinates":[-84.126652,33.378395]},"properties":{"brand":"Flock Safety"}},{"type":"Feature","geometry":{"type":"Point","coordinates":[-84.12122,33.351829]},"properties":{"brand":"Flock Safety"}},{"type":"Feature","geometry":{"type":"Point","coordinates":[-80.962964,35.0256]},"properties":{"brand":"Flock Safety"}},{"type":"Feature","geometry":{"type":"Point","coordinates":[-80.960807,35.022827]},"properties":{"brand":"Flock Safety"}},{"type":"Feature","geometry":{"type":"Point","coordinates":[-80.960535,35.022584]},"properties":{"brand":"Flock Safety"}},{"type":"Feature","geometry":{"type":"Point","coordinates":[-80.972998,34.987487]},"properties":{"brand":"Flock Safety"}},{"type":"Feature","geometry":{"type":"Point","coordinates":[-80.973045,34.988006]},"properties":{"brand":"Flock Safety"}},{"type":"Feature","geometry":{"type":"Point","coordinates":[-80.854212,34.994438]},"properties":{"brand":"Flock Safety"}},{"type":"Feature","geometry":{"type":"Point","coordinates":[-80.856531,34.999617]},"properties":{"brand":"Flock Safety"}},{"type":"Feature","geometry":{"type":"Point","coordinates":[-80.853124,35.027392]},"properties":{"brand":"Flock Safety"}},{"type":"Feature","geometry":{"type":"Point","coordinates":[-80.857774,34.851276]},"properties":{"brand":"Flock Safety"}},{"type":"Feature","geometry":{"type":"Point","coordinates":[-80.962466,34.940087]},"properties":{"brand":"Flock Safety"}},{"type":"Feature","geometry":{"type":"Point","coordinates":[-80.973597,34.939917]},"properties":{"brand":"Flock Safety"}},{"type":"Feature","geometry":{"type":"Point","coordinates":[-80.98663,34.971926]},"properties":{"brand":"Flock Safety"}},{"type":"Feature","geometry":{"type":"Point","coordinates":[-80.963469,34.93889]},"properties":{"brand":"Flock Safety"}},{"type":"Feature","geometry":{"type":"Point","coordinates":[-80.961569,34.940399]},"properties":{"brand":"Flock Safety"}},{"type":"Feature","geometry":{"type":"Point","coordinates":[-83.523541,33.014098]},"properties":{"brand":"Flock Safety"}},{"type":"Feature","geometry":{"type":"Point","coordinates":[-83.534009,33.005982]},"properties":{"brand":"Gray PD"}},{"type":"Feature","geometry":{"type":"Point","coordinates":[-83.394828,33.042927]},"properties":{"brand":"Flock Safety"}},{"type":"Feature","geometry":{"type":"Point","coordinates":[-83.392963,33.0437]},"properties":{"brand":"Flock Safety"}},{"type":"Feature","geometry":{"type":"Point","coordinates":[-83.421552,33.034568]},"properties":{"brand":"Flock Safety"}},{"type":"Feature","geometry":{"type":"Point","coordinates":[-84.359339,33.708755]},"properties":{"brand":"Flock Safety"}},{"type":"Feature","geometry":{"type":"Point","coordinates":[-84.368436,33.717051]},"properties":{"brand":"Flock Safety"}},{"type":"Feature","geometry":{"type":"Point","coordinates":[-84.949874,32.506507]},"properties":{"brand":"Flock Safety"}},{"type":"Feature","geometry":{"type":"Point","coordinates":[-84.962005,32.544586]},"properties":{"brand":"Flock Safety"}},{"type":"Feature","geometry":{"type":"Point","coordinates":[-83.532916,32.99886]},"properties":{"brand":"Flock Safety"}},{"type":"Feature","geometry":{"type":"Point","coordinates":[-83.555466,32.998329]},"properties":{"brand":"Flock Safety"}},{"type":"Feature","geometry":{"type":"Point","coordinates":[-83.564107,32.993017]},"properties":{"brand":"Flock Safety"}},{"type":"Feature","geometry":{"type":"Point","coordinates":[-83.72167,33.014434]},"properties":{"brand":"Flock Safety"}},{"type":"Feature","geometry":{"type":"Point","coordinates":[-83.72897,33.018115]},"properties":{"brand":"Flock Safety"}},{"type":"Feature","geometry":{"type":"Point","coordinates":[-83.579189,32.974151]},"properties":{"brand":"Flock Safety"}},{"type":"Feature","geometry":{"type":"Point","coordinates":[-82.03887,34.221236]},"properties":{"brand":"Flock Safety"}},{"type":"Feature","geometry":{"type":"Point","coordinates":[-84.277362,33.550696]},"properties":{"brand":"Flock Safety"}},{"type":"Feature","geometry":{"type":"Point","coordinates":[-84.961372,32.545066]},"properties":{"brand":"Flock Safety"}},{"type":"Feature","geometry":{"type":"Point","coordinates":[-84.970934,32.532116]},"properties":{"brand":""}},{"type":"Feature","geometry":{"type":"Point","coordinates":[-84.97178,32.539982]},"properties":{"brand":"Flock Safety"}},{"type":"Feature","geometry":{"type":"Point","coordinates":[-84.17886,33.494904]},"properties":{"brand":"Flock Safety"}},{"type":"Feature","geometry":{"type":"Point","coordinates":[-84.21825,33.543352]},"properties":{"brand":"Flock Safety"}},{"type":"Feature","geometry":{"type":"Point","coordinates":[-84.953456,32.519391]},"properties":{"brand":"Flock Safety"}},{"type":"Feature","geometry":{"type":"Point","coordinates":[-80.991506,35.048666]},"properties":{"brand":""}},{"type":"Feature","geometry":{"type":"Point","coordinates":[-80.990458,35.047029]},"properties":{"brand":""}},{"type":"Feature","geometry":{"type":"Point","coordinates":[-80.989525,35.046059]},"properties":{"brand":""}},{"type":"Feature","geometry":{"type":"Point","coordinates":[-84.960024,32.54509]},"properties":{"brand":"Flock Safety"}},{"type":"Feature","geometry":{"type":"Point","coordinates":[-82.139714,34.156706]},"properties":{"brand":"Flock Safety"}},{"type":"Feature","geometry":{"type":"Point","coordinates":[-82.226691,34.141526]},"properties":{"brand":"Flock Safety"}},{"type":"Feature","geometry":{"type":"Point","coordinates":[-82.143577,34.196736]},"properties":{"brand":"Flock Safety"}},{"type":"Feature","geometry":{"type":"Point","coordinates":[-82.138322,34.196775]},"properties":{"brand":"Flock Safety"}},{"type":"Feature","geometry":{"type":"Point","coordinates":[-80.851928,35.013878]},"properties":{"brand":"Flock Safety"}},{"type":"Feature","geometry":{"type":"Point","coordinates":[-80.853256,35.027375]},"properties":{"brand":"Flock Safety"}},{"type":"Feature","geometry":{"type":"Point","coordinates":[-80.990291,35.01922]},"properties":{"brand":"Flock Safety"}},{"type":"Feature","geometry":{"type":"Point","coordinates":[-80.993872,35.019223]},"properties":{"brand":"Flock Safety"}},{"type":"Feature","geometry":{"type":"Point","coordinates":[-84.364547,33.537618]},"properties":{"brand":"Flock Safety"}},{"type":"Feature","geometry":{"type":"Point","coordinates":[-84.363457,33.532171]},"properties":{"brand":"Flock Safety"}},{"type":"Feature","geometry":{"type":"Point","coordinates":[-84.362946,33.528177]},"properties":{"brand":"Flock Safety"}},{"type":"Feature","geometry":{"type":"Point","coordinates":[-84.362908,33.52241]},"properties":{"brand":"Flock Safety"}},{"type":"Feature","geometry":{"type":"Point","coordinates":[-84.366903,33.540881]},"properties":{"brand":"Flock Safety"}},{"type":"Feature","geometry":{"type":"Point","coordinates":[-84.362469,33.514406]},"properties":{"brand":"Flock Safety"}},{"type":"Feature","geometry":{"type":"Point","coordinates":[-84.400058,33.4848]},"properties":{"brand":"Flock Safety"}},{"type":"Feature","geometry":{"type":"Point","coordinates":[-84.371658,33.535256]},"properties":{"brand":"Flock Safety"}},{"type":"Feature","geometry":{"type":"Point","coordinates":[-84.362524,33.5191]},"properties":{"brand":"Flock Safety"}},{"type":"Feature","geometry":{"type":"Point","coordinates":[-84.337205,33.953172]},"properties":{"brand":"Flock Safety"}},{"type":"Feature","geometry":{"type":"Point","coordinates":[-84.953902,32.519064]},"properties":{"brand":"Flock Safety"}},{"type":"Feature","geometry":{"type":"Point","coordinates":[-83.511546,33.017314]},"properties":{"brand":"Flock Safety"}},{"type":"Feature","geometry":{"type":"Point","coordinates":[-84.954284,34.241785]},"properties":{"brand":"Flock Safety"}},{"type":"Feature","geometry":{"type":"Point","coordinates":[-84.939479,34.299834]},"properties":{"brand":"Flock Safety"}},{"type":"Feature","geometry":{"type":"Point","coordinates":[-84.938962,34.353314]},"properties":{"brand":"Flock Safety"}},{"type":"Feature","geometry":{"type":"Point","coordinates":[-83.440322,33.922234]},"properties":{"brand":"Flock Safety"}},{"type":"Feature","geometry":{"type":"Point","coordinates":[-85.063794,34.326127]},"properties":{"brand":"Flock Safety"}},{"type":"Feature","geometry":{"type":"Point","coordinates":[-84.239153,33.620324]},"properties":{"brand":"Flock Safety"}},{"type":"Feature","geometry":{"type":"Point","coordinates":[-84.163282,33.532248]},"properties":{"brand":"Flock Safety"}},{"type":"Feature","geometry":{"type":"Point","coordinates":[-84.166051,33.532184]},"properties":{"brand":"Flock Safety"}},{"type":"Feature","geometry":{"type":"Point","coordinates":[-84.139598,33.53109]},"properties":{"brand":"Flock Safety"}},{"type":"Feature","geometry":{"type":"Point","coordinates":[-84.194054,33.540733]},"properties":{"brand":"Flock Safety"}},{"type":"Feature","geometry":{"type":"Point","coordinates":[-84.164247,33.51937]},"properties":{"brand":"Flock Safety"}},{"type":"Feature","geometry":{"type":"Point","coordinates":[-84.351308,33.538256]},"properties":{"brand":"Flock Safety"}},{"type":"Feature","geometry":{"type":"Point","coordinates":[-84.36395,33.517878]},"properties":{"brand":"Flock Safety"}},{"type":"Feature","geometry":{"type":"Point","coordinates":[-84.363762,33.51981]},"properties":{"brand":"Flock Safety"}},{"type":"Feature","geometry":{"type":"Point","coordinates":[-84.366382,33.512038]},"properties":{"brand":"Flock Safety"}},{"type":"Feature","geometry":{"type":"Point","coordinates":[-84.404225,33.483208]},"properties":{"brand":"Flock Safety"}},{"type":"Feature","geometry":{"type":"Point","coordinates":[-84.399315,33.484746]},"properties":{"brand":"Flock Safety"}},{"type":"Feature","geometry":{"type":"Point","coordinates":[-84.343374,33.528269]},"properties":{"brand":"Flock Safety"}},{"type":"Feature","geometry":{"type":"Point","coordinates":[-84.339435,33.529188]},"properties":{"brand":"Flock Safety"}},{"type":"Feature","geometry":{"type":"Point","coordinates":[-84.361655,33.538036]},"properties":{"brand":"Flock Safety"}},{"type":"Feature","geometry":{"type":"Point","coordinates":[-84.414438,33.549386]},"properties":{"brand":"Flock Safety"}},{"type":"Feature","geometry":{"type":"Point","coordinates":[-84.909396,34.343619]},"properties":{"brand":"Flock Safety"}},{"type":"Feature","geometry":{"type":"Point","coordinates":[-84.860814,34.262219]},"properties":{"brand":"Flock Safety"}},{"type":"Feature","geometry":{"type":"Point","coordinates":[-84.861941,34.26608]},"properties":{"brand":"Flock Safety"}},{"type":"Feature","geometry":{"type":"Point","coordinates":[-84.800873,34.201531]},"properties":{"brand":"Flock Safety"}},{"type":"Feature","geometry":{"type":"Point","coordinates":[-84.853393,34.224318]},"properties":{"brand":"Flock Safety"}},{"type":"Feature","geometry":{"type":"Point","coordinates":[-84.796987,34.199874]},"properties":{"brand":"Flock Safety"}},{"type":"Feature","geometry":{"type":"Point","coordinates":[-84.820675,34.207644]},"properties":{"brand":"Flock Safety"}},{"type":"Feature","geometry":{"type":"Point","coordinates":[-84.819011,34.206747]},"properties":{"brand":"Flock Safety"}},{"type":"Feature","geometry":{"type":"Point","coordinates":[-82.788768,34.690082]},"properties":{"brand":"Flock Safety"}},{"type":"Feature","geometry":{"type":"Point","coordinates":[-84.216961,33.464022]},"properties":{"brand":"Flock Safety"}},{"type":"Feature","geometry":{"type":"Point","coordinates":[-84.212995,33.463551]},"properties":{"brand":"Flock Safety"}},{"type":"Feature","geometry":{"type":"Point","coordinates":[-84.213109,33.463206]},"properties":{"brand":"Flock Safety"}},{"type":"Feature","geometry":{"type":"Point","coordinates":[-84.22194,33.464566]},"properties":{"brand":"Flock Safety"}},{"type":"Feature","geometry":{"type":"Point","coordinates":[-84.207085,33.466986]},"properties":{"brand":"Flock Safety"}},{"type":"Feature","geometry":{"type":"Point","coordinates":[-84.207709,33.467454]},"properties":{"brand":"Flock Safety"}},{"type":"Feature","geometry":{"type":"Point","coordinates":[-82.097997,34.214958]},"properties":{"brand":"Flock Safety"}},{"type":"Feature","geometry":{"type":"Point","coordinates":[-82.093644,34.210472]},"properties":{"brand":"Flock Safety"}},{"type":"Feature","geometry":{"type":"Point","coordinates":[-84.289364,33.552766]},"properties":{"brand":"Flock Safety"}},{"type":"Feature","geometry":{"type":"Point","coordinates":[-84.289294,33.55241]},"properties":{"brand":"Flock Safety"}},{"type":"Feature","geometry":{"type":"Point","coordinates":[-84.298522,33.556023]},"properties":{"brand":"Flock Safety"}},{"type":"Feature","geometry":{"type":"Point","coordinates":[-84.270642,33.552977]},"properties":{"brand":"Flock Safety"}},{"type":"Feature","geometry":{"type":"Point","coordinates":[-84.267044,33.553382]},"properties":{"brand":"Flock Safety"}},{"type":"Feature","geometry":{"type":"Point","coordinates":[-84.322179,33.563068]},"properties":{"brand":"Flock Safety"}},{"type":"Feature","geometry":{"type":"Point","coordinates":[-84.323702,33.562826]},"properties":{"brand":"Flock Safety"}},{"type":"Feature","geometry":{"type":"Point","coordinates":[-84.324456,33.564098]},"properties":{"brand":"Flock Safety"}},{"type":"Feature","geometry":{"type":"Point","coordinates":[-84.325426,33.564127]},"properties":{"brand":"Flock Safety"}},{"type":"Feature","geometry":{"type":"Point","coordinates":[-84.520193,34.092367]},"properties":{"brand":"Flock Safety"}},{"type":"Feature","geometry":{"type":"Point","coordinates":[-83.401946,34.038551]},"properties":{"brand":"Flock Safety"}},{"type":"Feature","geometry":{"type":"Point","coordinates":[-83.426351,33.998497]},"properties":{"brand":"Flock Safety"}},{"type":"Feature","geometry":{"type":"Point","coordinates":[-83.318913,33.936565]},"properties":{"brand":"Flock Safety"}},{"type":"Feature","geometry":{"type":"Point","coordinates":[-83.377383,33.963201]},"properties":{"brand":"Flock Safety"}},{"type":"Feature","geometry":{"type":"Point","coordinates":[-83.401354,33.989018]},"properties":{"brand":"Flock Safety"}},{"type":"Feature","geometry":{"type":"Point","coordinates":[-83.37916,33.97447]},"properties":{"brand":"Flock Safety"}},{"type":"Feature","geometry":{"type":"Point","coordinates":[-83.418393,33.946827]},"properties":{"brand":"Flock Safety"}},{"type":"Feature","geometry":{"type":"Point","coordinates":[-83.432461,33.961548]},"properties":{"brand":"Flock Safety"}},{"type":"Feature","geometry":{"type":"Point","coordinates":[-83.319475,33.936503]},"properties":{"brand":"Flock Safety"}},{"type":"Feature","geometry":{"type":"Point","coordinates":[-83.356028,33.976795]},"properties":{"brand":"Flock Safety"}},{"type":"Feature","geometry":{"type":"Point","coordinates":[-83.352878,33.936262]},"properties":{"brand":"Flock Safety"}},{"type":"Feature","geometry":{"type":"Point","coordinates":[-83.433379,33.966359]},"properties":{"brand":"Flock Safety"}},{"type":"Feature","geometry":{"type":"Point","coordinates":[-83.42634,33.998525]},"properties":{"brand":"Flock Safety"}},{"type":"Feature","geometry":{"type":"Point","coordinates":[-83.346368,33.955473]},"properties":{"brand":"Flock Safety"}},{"type":"Feature","geometry":{"type":"Point","coordinates":[-83.450148,33.963761]},"properties":{"brand":"Flock Safety"}},{"type":"Feature","geometry":{"type":"Point","coordinates":[-83.415054,33.949468]},"properties":{"brand":"Flock Safety"}},{"type":"Feature","geometry":{"type":"Point","coordinates":[-83.392369,33.949174]},"properties":{"brand":"Flock Safety"}},{"type":"Feature","geometry":{"type":"Point","coordinates":[-83.356745,33.962621]},"properties":{"brand":"Flock Safety"}},{"type":"Feature","geometry":{"type":"Point","coordinates":[-83.359638,33.957818]},"properties":{"brand":"Flock Safety"}},{"type":"Feature","geometry":{"type":"Point","coordinates":[-83.448677,33.965257]},"properties":{"brand":"Flock Safety"}},{"type":"Feature","geometry":{"type":"Point","coordinates":[-83.256848,33.955263]},"properties":{"brand":"Flock Safety"}},{"type":"Feature","geometry":{"type":"Point","coordinates":[-83.413332,33.955081]},"properties":{"brand":"Flock Safety"}},{"type":"Feature","geometry":{"type":"Point","coordinates":[-83.400483,33.989291]},"properties":{"brand":"Flock Safety"}},{"type":"Feature","geometry":{"type":"Point","coordinates":[-83.470416,33.926946]},"properties":{"brand":"Flock Safety"}},{"type":"Feature","geometry":{"type":"Point","coordinates":[-83.532407,33.945866]},"properties":{"brand":"Flock Safety"}},{"type":"Feature","geometry":{"type":"Point","coordinates":[-83.468133,33.935316]},"properties":{"brand":"Flock Safety"}},{"type":"Feature","geometry":{"type":"Point","coordinates":[-83.487219,33.929869]},"properties":{"brand":"Flock Safety"}},{"type":"Feature","geometry":{"type":"Point","coordinates":[-83.441288,33.920411]},"properties":{"brand":"Flock Safety"}},{"type":"Feature","geometry":{"type":"Point","coordinates":[-83.401016,33.910473]},"properties":{"brand":"Flock Safety"}},{"type":"Feature","geometry":{"type":"Point","coordinates":[-83.37117,33.958495]},"properties":{"brand":"Flock Safety"}},{"type":"Feature","geometry":{"type":"Point","coordinates":[-83.330818,33.960282]},"properties":{"brand":"Flock Safety"}},{"type":"Feature","geometry":{"type":"Point","coordinates":[-83.380835,33.883057]},"properties":{"brand":"Flock Safety"}},{"type":"Feature","geometry":{"type":"Point","coordinates":[-83.350826,33.921761]},"properties":{"brand":""}},{"type":"Feature","geometry":{"type":"Point","coordinates":[-82.113029,34.95395]},"properties":{"brand":"Flock Safety"}},{"type":"Feature","geometry":{"type":"Point","coordinates":[-84.218803,33.594199]},"properties":{"brand":"Flock Safety"}},{"type":"Feature","geometry":{"type":"Point","coordinates":[-82.940763,34.383529]},"properties":{"brand":"Flock Safety"}},{"type":"Feature","geometry":{"type":"Point","coordinates":[-80.952793,34.070886]},"properties":{"brand":"Flock Safety"}},{"type":"Feature","geometry":{"type":"Point","coordinates":[-80.950443,34.071278]},"properties":{"brand":"Flock Safety"}},{"type":"Feature","geometry":{"type":"Point","coordinates":[-80.950659,34.072142]},"properties":{"brand":"Flock Safety"}},{"type":"Feature","geometry":{"type":"Point","coordinates":[-80.951332,34.072616]},"properties":{"brand":"Flock Safety"}},{"type":"Feature","geometry":{"type":"Point","coordinates":[-84.936472,32.563864]},"properties":{"brand":"Flock Safety"}},{"type":"Feature","geometry":{"type":"Point","coordinates":[-84.907786,32.596743]},"properties":{"brand":"Flock Safety"}},{"type":"Feature","geometry":{"type":"Point","coordinates":[-82.376613,33.41268]},"properties":{"brand":"Flock Safety"}},{"type":"Feature","geometry":{"type":"Point","coordinates":[-84.277389,33.54975]},"properties":{"brand":"Flock Safety"}},{"type":"Feature","geometry":{"type":"Point","coordinates":[-84.191194,33.518891]},"properties":{"brand":"Flock Safety"}},{"type":"Feature","geometry":{"type":"Point","coordinates":[-84.20806,33.514572]},"properties":{"brand":"Flock Safety"}},{"type":"Feature","geometry":{"type":"Point","coordinates":[-84.273476,33.508364]},"properties":{"brand":"Flock Safety"}},{"type":"Feature","geometry":{"type":"Point","coordinates":[-84.352615,33.768681]},"properties":{"brand":"Flock Safety"}},{"type":"Feature","geometry":{"type":"Point","coordinates":[-82.915201,32.542252]},"properties":{"brand":"Flock Safety"}},{"type":"Feature","geometry":{"type":"Point","coordinates":[-82.935705,32.546383]},"properties":{"brand":"Flock Safety"}},{"type":"Feature","geometry":{"type":"Point","coordinates":[-82.957354,32.568262]},"properties":{"brand":"Flock Safety"}},{"type":"Feature","geometry":{"type":"Point","coordinates":[-82.945953,32.554102]},"properties":{"brand":"Flock Safety"}},{"type":"Feature","geometry":{"type":"Point","coordinates":[-82.953034,32.548365]},"properties":{"brand":"Flock Safety"}},{"type":"Feature","geometry":{"type":"Point","coordinates":[-82.905086,32.541235]},"properties":{"brand":"Flock Safety"}},{"type":"Feature","geometry":{"type":"Point","coordinates":[-82.926091,32.570667]},"properties":{"brand":"Flock Safety"}},{"type":"Feature","geometry":{"type":"Point","coordinates":[-84.64053,33.500949]},"properties":{"brand":"Flock Safety"}},{"type":"Feature","geometry":{"type":"Point","coordinates":[-84.637391,33.499371]},"properties":{"brand":"Flock Safety"}},{"type":"Feature","geometry":{"type":"Point","coordinates":[-83.558413,33.946686]},"properties":{"brand":"Flock Safety"}},{"type":"Feature","geometry":{"type":"Point","coordinates":[-83.572874,33.952679]},"properties":{"brand":"Flock Safety"}},{"type":"Feature","geometry":{"type":"Point","coordinates":[-84.420376,34.069436]},"properties":{"brand":"Flock Safety"}},{"type":"Feature","geometry":{"type":"Point","coordinates":[-83.729556,33.769876]},"properties":{"brand":"Flock Safety"}},{"type":"Feature","geometry":{"type":"Point","coordinates":[-84.607011,33.778975]},"properties":{"brand":"Flock Safety"}},{"type":"Feature","geometry":{"type":"Point","coordinates":[-84.60601,33.778041]},"properties":{"brand":"Flock Safety"}},{"type":"Feature","geometry":{"type":"Point","coordinates":[-81.113386,33.97916]},"properties":{"brand":"Flock Safety"}},{"type":"Feature","geometry":{"type":"Point","coordinates":[-81.112381,33.97939]},"properties":{"brand":"Flock Safety"}},{"type":"Feature","geometry":{"type":"Point","coordinates":[-84.939189,33.720339]},"properties":{"brand":"Flock Safety"}},{"type":"Feature","geometry":{"type":"Point","coordinates":[-83.708999,32.645104]},"properties":{"brand":"Flock Safety"}},{"type":"Feature","geometry":{"type":"Point","coordinates":[-84.476474,34.045942]},"properties":{"brand":"Flock Safety"}},{"type":"Feature","geometry":{"type":"Point","coordinates":[-83.741608,33.774233]},"properties":{"brand":"Flock Safety"}},{"type":"Feature","geometry":{"type":"Point","coordinates":[-84.954302,32.539376]},"properties":{"brand":"Flock Safety"}},{"type":"Feature","geometry":{"type":"Point","coordinates":[-84.954423,32.539337]},"properties":{"brand":"Flock Safety"}},{"type":"Feature","geometry":{"type":"Point","coordinates":[-84.950926,32.616883]},"properties":{"brand":"Flock Safety"}},{"type":"Feature","geometry":{"type":"Point","coordinates":[-84.485446,33.457385]},"properties":{"brand":"Flock Safety"}},{"type":"Feature","geometry":{"type":"Point","coordinates":[-84.473783,33.474485]},"properties":{"brand":"Flock Safety"}},{"type":"Feature","geometry":{"type":"Point","coordinates":[-84.401088,33.424964]},"properties":{"brand":"Flock Safety"}},{"type":"Feature","geometry":{"type":"Point","coordinates":[-82.375536,34.83194]},"properties":{"brand":"Flock Safety"}},{"type":"Feature","geometry":{"type":"Point","coordinates":[-82.373975,34.845528]},"properties":{"brand":"Flock Safety"}},{"type":"Feature","geometry":{"type":"Point","coordinates":[-82.37177,34.837191]},"properties":{"brand":"Flock Safety"}},{"type":"Feature","geometry":{"type":"Point","coordinates":[-84.411559,33.785921]},"properties":{"brand":"Flock Safety"}},{"type":"Feature","geometry":{"type":"Point","coordinates":[-84.411565,33.785913]},"properties":{"brand":"Flock Safety"}},{"type":"Feature","geometry":{"type":"Point","coordinates":[-84.788944,33.958147]},"properties":{"brand":"LVT"}},{"type":"Feature","geometry":{"type":"Point","coordinates":[-84.751147,33.888574]},"properties":{"brand":""}},{"type":"Feature","geometry":{"type":"Point","coordinates":[-84.5426,34.313167]},"properties":{"brand":"Flock Safety"}},{"type":"Feature","geometry":{"type":"Point","coordinates":[-82.418976,34.844617]},"properties":{"brand":"Flock Safety"}},{"type":"Feature","geometry":{"type":"Point","coordinates":[-82.42964,34.847407]},"properties":{"brand":"Flock Safety"}},{"type":"Feature","geometry":{"type":"Point","coordinates":[-82.388025,34.852535]},"properties":{"brand":"Flock Safety"}},{"type":"Feature","geometry":{"type":"Point","coordinates":[-82.431473,34.771409]},"properties":{"brand":"Flock Safety"}},{"type":"Feature","geometry":{"type":"Point","coordinates":[-82.409199,34.816677]},"properties":{"brand":"Flock Safety"}},{"type":"Feature","geometry":{"type":"Point","coordinates":[-82.410627,34.816388]},"properties":{"brand":"Flock Safety"}},{"type":"Feature","geometry":{"type":"Point","coordinates":[-82.36052,34.867666]},"properties":{"brand":"Flock Safety"}},{"type":"Feature","geometry":{"type":"Point","coordinates":[-82.388143,34.852508]},"properties":{"brand":"Flock Safety"}},{"type":"Feature","geometry":{"type":"Point","coordinates":[-82.359578,34.878041]},"properties":{"brand":"Flock Safety"}},{"type":"Feature","geometry":{"type":"Point","coordinates":[-84.724236,33.936174]},"properties":{"brand":"Flock Safety"}},{"type":"Feature","geometry":{"type":"Point","coordinates":[-84.768497,33.9454]},"properties":{"brand":"Flock Safety"}},{"type":"Feature","geometry":{"type":"Point","coordinates":[-82.311823,34.920381]},"properties":{"brand":"Flock Safety"}},{"type":"Feature","geometry":{"type":"Point","coordinates":[-82.161993,34.894651]},"properties":{"brand":"Flock Safety"}},{"type":"Feature","geometry":{"type":"Point","coordinates":[-84.291458,33.424078]},"properties":{"brand":"Flock Safety"}},{"type":"Feature","geometry":{"type":"Point","coordinates":[-84.291242,33.424005]},"properties":{"brand":"Flock Safety"}},{"type":"Feature","geometry":{"type":"Point","coordinates":[-84.311893,33.396996]},"properties":{"brand":"Flock Safety"}},{"type":"Feature","geometry":{"type":"Point","coordinates":[-84.296089,33.36728]},"properties":{"brand":"Flock Safety"}},{"type":"Feature","geometry":{"type":"Point","coordinates":[-84.325537,33.448615]},"properties":{"brand":"Flock Safety"}},{"type":"Feature","geometry":{"type":"Point","coordinates":[-84.359762,33.512714]},"properties":{"brand":"Flock Safety"}},{"type":"Feature","geometry":{"type":"Point","coordinates":[-84.365333,33.538691]},"properties":{"brand":"Flock Safety"}},{"type":"Feature","geometry":{"type":"Point","coordinates":[-84.31986,33.428239]},"properties":{"brand":"Flock Safety"}},{"type":"Feature","geometry":{"type":"Point","coordinates":[-84.320172,33.427949]},"properties":{"brand":"Flock Safety"}},{"type":"Feature","geometry":{"type":"Point","coordinates":[-84.427882,33.516403]},"properties":{"brand":"Flock Safety"}},{"type":"Feature","geometry":{"type":"Point","coordinates":[-84.42783,33.516354]},"properties":{"brand":"Flock Safety"}},{"type":"Feature","geometry":{"type":"Point","coordinates":[-84.457413,33.640402]},"properties":{"brand":"Flock Safety"}},{"type":"Feature","geometry":{"type":"Point","coordinates":[-84.346865,33.647912]},"properties":{"brand":"Flock Safety"}},{"type":"Feature","geometry":{"type":"Point","coordinates":[-84.336054,33.647775]},"properties":{"brand":"Flock Safety"}},{"type":"Feature","geometry":{"type":"Point","coordinates":[-84.364854,33.647067]},"properties":{"brand":"Flock Safety"}},{"type":"Feature","geometry":{"type":"Point","coordinates":[-84.379757,33.647738]},"properties":{"brand":"Flock Safety"}},{"type":"Feature","geometry":{"type":"Point","coordinates":[-84.323802,33.646552]},"properties":{"brand":"Flock Safety"}},{"type":"Feature","geometry":{"type":"Point","coordinates":[-84.282466,33.646885]},"properties":{"brand":"Flock Safety"}},{"type":"Feature","geometry":{"type":"Point","coordinates":[-84.258494,33.598285]},"properties":{"brand":"Flock Safety"}},{"type":"Feature","geometry":{"type":"Point","coordinates":[-84.303772,33.433606]},"properties":{"brand":"Flock Safety"}},{"type":"Feature","geometry":{"type":"Point","coordinates":[-84.303612,33.43348]},"properties":{"brand":"Flock Safety"}},{"type":"Feature","geometry":{"type":"Point","coordinates":[-84.395639,33.360274]},"properties":{"brand":"Flock Safety"}},{"type":"Feature","geometry":{"type":"Point","coordinates":[-84.395631,33.360183]},"properties":{"brand":"Flock Safety"}},{"type":"Feature","geometry":{"type":"Point","coordinates":[-84.387194,33.459016]},"properties":{"brand":"Flock Safety"}},{"type":"Feature","geometry":{"type":"Point","coordinates":[-84.386979,33.458896]},"properties":{"brand":"Flock Safety"}},{"type":"Feature","geometry":{"type":"Point","coordinates":[-84.286309,33.577631]},"properties":{"brand":"Flock Safety"}},{"type":"Feature","geometry":{"type":"Point","coordinates":[-84.290981,33.353461]},"properties":{"brand":"Flock Safety"}},{"type":"Feature","geometry":{"type":"Point","coordinates":[-84.24747,33.352795]},"properties":{"brand":"Flock Safety"}},{"type":"Feature","geometry":{"type":"Point","coordinates":[-84.032596,33.362404]},"properties":{"brand":"Flock Safety"}},{"type":"Feature","geometry":{"type":"Point","coordinates":[-83.957191,33.48588]},"properties":{"brand":"Flock Safety"}},{"type":"Feature","geometry":{"type":"Point","coordinates":[-84.048001,33.524971]},"properties":{"brand":"Flock Safety"}},{"type":"Feature","geometry":{"type":"Point","coordinates":[-84.090795,33.555557]},"properties":{"brand":"Flock Safety"}},{"type":"Feature","geometry":{"type":"Point","coordinates":[-84.117234,33.56101]},"properties":{"brand":"Flock Safety"}},{"type":"Feature","geometry":{"type":"Point","coordinates":[-84.140762,33.589921]},"properties":{"brand":"Flock Safety"}},{"type":"Feature","geometry":{"type":"Point","coordinates":[-84.14087,33.589703]},"properties":{"brand":"Flock Safety"}},{"type":"Feature","geometry":{"type":"Point","coordinates":[-84.186924,33.644952]},"properties":{"brand":"Flock Safety"}},{"type":"Feature","geometry":{"type":"Point","coordinates":[-84.187283,33.645136]},"properties":{"brand":"Flock Safety"}},{"type":"Feature","geometry":{"type":"Point","coordinates":[-84.599828,33.854518]},"properties":{"brand":"Flock Safety"}},{"type":"Feature","geometry":{"type":"Point","coordinates":[-85.05425,34.862838]},"properties":{"brand":"Flock Safety"}},{"type":"Feature","geometry":{"type":"Point","coordinates":[-82.533459,34.890629]},"properties":{"brand":"Flock Safety"}},{"type":"Feature","geometry":{"type":"Point","coordinates":[-84.805112,32.627442]},"properties":{"brand":"Flock Safety"}},{"type":"Feature","geometry":{"type":"Point","coordinates":[-81.212751,34.00223]},"properties":{"brand":"Flock Safety"}},{"type":"Feature","geometry":{"type":"Point","coordinates":[-85.030483,32.522141]},"properties":{"brand":"Flock Safety"}},{"type":"Feature","geometry":{"type":"Point","coordinates":[-84.561728,34.326783]},"properties":{"brand":"Flock Safety"}},{"type":"Feature","geometry":{"type":"Point","coordinates":[-84.552863,34.316892]},"properties":{"brand":"Flock Safety"}},{"type":"Feature","geometry":{"type":"Point","coordinates":[-82.440541,34.962408]},"properties":{"brand":"Flock Safety"}},{"type":"Feature","geometry":{"type":"Point","coordinates":[-82.439697,34.960774]},"properties":{"brand":"Flock Safety"}},{"type":"Feature","geometry":{"type":"Point","coordinates":[-85.018934,32.502115]},"properties":{"brand":"Flock Safety"}},{"type":"Feature","geometry":{"type":"Point","coordinates":[-82.432121,34.964222]},"properties":{"brand":"Flock Safety"}},{"type":"Feature","geometry":{"type":"Point","coordinates":[-82.435084,34.960833]},"properties":{"brand":"Flock Safety"}},{"type":"Feature","geometry":{"type":"Point","coordinates":[-82.440666,34.966131]},"properties":{"brand":"Flock Safety"}},{"type":"Feature","geometry":{"type":"Point","coordinates":[-84.382496,34.074186]},"properties":{"brand":"Flock Safety"}},{"type":"Feature","geometry":{"type":"Point","coordinates":[-84.394189,34.077166]},"properties":{"brand":"Flock Safety"}},{"type":"Feature","geometry":{"type":"Point","coordinates":[-82.4317,34.974107]},"properties":{"brand":"Flock Safety"}},{"type":"Feature","geometry":{"type":"Point","coordinates":[-84.406945,34.07392]},"properties":{"brand":"Flock Safety"}},{"type":"Feature","geometry":{"type":"Point","coordinates":[-82.457194,34.97806]},"properties":{"brand":"Flock Safety"}},{"type":"Feature","geometry":{"type":"Point","coordinates":[-82.32464,34.8369]},"properties":{"brand":"Flock Safety"}},{"type":"Feature","geometry":{"type":"Point","coordinates":[-85.041265,33.934423]},"properties":{"brand":""}},{"type":"Feature","geometry":{"type":"Point","coordinates":[-84.750797,33.397012]},"properties":{"brand":"Flock Safety"}},{"type":"Feature","geometry":{"type":"Point","coordinates":[-82.782248,33.295433]},"properties":{"brand":"Flock Safety"}},{"type":"Feature","geometry":{"type":"Point","coordinates":[-82.206226,34.947578]},"properties":{"brand":"Flock Safety"}},{"type":"Feature","geometry":{"type":"Point","coordinates":[-82.415133,34.877887]},"properties":{"brand":"Flock Safety"}},{"type":"Feature","geometry":{"type":"Point","coordinates":[-82.522448,34.829099]},"properties":{"brand":"Flock Safety"}},{"type":"Feature","geometry":{"type":"Point","coordinates":[-82.522389,34.829012]},"properties":{"brand":"Flock Safety"}},{"type":"Feature","geometry":{"type":"Point","coordinates":[-85.104562,33.625468]},"properties":{"brand":"Flock Safety"}},{"type":"Feature","geometry":{"type":"Point","coordinates":[-85.077552,33.618241]},"properties":{"brand":"Flock Safety"}},{"type":"Feature","geometry":{"type":"Point","coordinates":[-82.187609,34.205562]},"properties":{"brand":"Flock Safety"}},{"type":"Feature","geometry":{"type":"Point","coordinates":[-82.163582,34.169555]},"properties":{"brand":"Flock Safety"}},{"type":"Feature","geometry":{"type":"Point","coordinates":[-84.856262,33.951262]},"properties":{"brand":"Flock Safety"}},{"type":"Feature","geometry":{"type":"Point","coordinates":[-84.735224,33.399136]},"properties":{"brand":"Flock Safety"}},{"type":"Feature","geometry":{"type":"Point","coordinates":[-85.054376,35.042317]},"properties":{"brand":"Flock Safety"}},{"type":"Feature","geometry":{"type":"Point","coordinates":[-85.045267,35.043603]},"properties":{"brand":"Flock Safety"}},{"type":"Feature","geometry":{"type":"Point","coordinates":[-81.98473,33.531109]},"properties":{"brand":"Flock Safety"}},{"type":"Feature","geometry":{"type":"Point","coordinates":[-81.986067,33.532477]},"properties":{"brand":"Flock Safety"}},{"type":"Feature","geometry":{"type":"Point","coordinates":[-82.442925,34.967855]},"properties":{"brand":"Flock Safety"}},{"type":"Feature","geometry":{"type":"Point","coordinates":[-84.624129,33.83351]},"properties":{"brand":"Flock Safety"}},{"type":"Feature","geometry":{"type":"Point","coordinates":[-84.624893,33.833483]},"properties":{"brand":"Flock Safety"}},{"type":"Feature","geometry":{"type":"Point","coordinates":[-84.204888,34.069005]},"properties":{"brand":"Flock Safety"}},{"type":"Feature","geometry":{"type":"Point","coordinates":[-84.205109,34.068771]},"properties":{"brand":"Flock Safety"}},{"type":"Feature","geometry":{"type":"Point","coordinates":[-84.205504,34.07012]},"properties":{"brand":"Flock Safety"}},{"type":"Feature","geometry":{"type":"Point","coordinates":[-84.204407,34.068741]},"properties":{"brand":"Flock Safety"}},{"type":"Feature","geometry":{"type":"Point","coordinates":[-84.900657,33.475521]},"properties":{"brand":"Flock Safety"}},{"type":"Feature","geometry":{"type":"Point","coordinates":[-84.829373,33.399448]},"properties":{"brand":"Flock Safety"}},{"type":"Feature","geometry":{"type":"Point","coordinates":[-84.929698,33.509406]},"properties":{"brand":"Flock Safety"}},{"type":"Feature","geometry":{"type":"Point","coordinates":[-82.455853,34.961574]},"properties":{"brand":"Flock Safety"}},{"type":"Feature","geometry":{"type":"Point","coordinates":[-84.671082,33.508904]},"properties":{"brand":"Flock Safety"}},{"type":"Feature","geometry":{"type":"Point","coordinates":[-84.18184,34.07008]},"properties":{"brand":"Flock Safety"}},{"type":"Feature","geometry":{"type":"Point","coordinates":[-84.181439,34.069808]},"properties":{"brand":"Flock Safety"}},{"type":"Feature","geometry":{"type":"Point","coordinates":[-84.172221,34.068727]},"properties":{"brand":"Flock Safety"}},{"type":"Feature","geometry":{"type":"Point","coordinates":[-84.212011,34.064344]},"properties":{"brand":"Flock Safety"}},{"type":"Feature","geometry":{"type":"Point","coordinates":[-84.191806,34.068722]},"properties":{"brand":"Flock Safety"}},{"type":"Feature","geometry":{"type":"Point","coordinates":[-84.185872,34.040568]},"properties":{"brand":"Flock Safety"}},{"type":"Feature","geometry":{"type":"Point","coordinates":[-84.194752,34.021364]},"properties":{"brand":"Flock Safety"}},{"type":"Feature","geometry":{"type":"Point","coordinates":[-84.196467,34.022678]},"properties":{"brand":"Flock Safety"}},{"type":"Feature","geometry":{"type":"Point","coordinates":[-84.221724,34.048216]},"properties":{"brand":"Flock Safety"}},{"type":"Feature","geometry":{"type":"Point","coordinates":[-84.219674,34.06313]},"properties":{"brand":"Flock Safety"}},{"type":"Feature","geometry":{"type":"Point","coordinates":[-84.23586,34.058917]},"properties":{"brand":"Flock Safety"}},{"type":"Feature","geometry":{"type":"Point","coordinates":[-84.813898,33.817652]},"properties":{"brand":"Flock Safety"}},{"type":"Feature","geometry":{"type":"Point","coordinates":[-84.825015,33.906815]},"properties":{"brand":"Flock Safety"}},{"type":"Feature","geometry":{"type":"Point","coordinates":[-84.854141,33.788216]},"properties":{"brand":"Flock Safety"}},{"type":"Feature","geometry":{"type":"Point","coordinates":[-84.815307,33.816396]},"properties":{"brand":"Flock Safety"}},{"type":"Feature","geometry":{"type":"Point","coordinates":[-82.179813,34.213384]},"properties":{"brand":"Flock Safety"}},{"type":"Feature","geometry":{"type":"Point","coordinates":[-84.949369,32.551194]},"properties":{"brand":"Flock Safety"}},{"type":"Feature","geometry":{"type":"Point","coordinates":[-84.949413,32.549321]},"properties":{"brand":"Flock Safety"}},{"type":"Feature","geometry":{"type":"Point","coordinates":[-82.935707,32.580194]},"properties":{"brand":"Flock Safety"}},{"type":"Feature","geometry":{"type":"Point","coordinates":[-82.907395,32.599367]},"properties":{"brand":"Flock Safety"}},{"type":"Feature","geometry":{"type":"Point","coordinates":[-84.846106,33.803907]},"properties":{"brand":"Flock Safety"}},{"type":"Feature","geometry":{"type":"Point","coordinates":[-84.857244,33.914492]},"properties":{"brand":"Flock Safety"}},{"type":"Feature","geometry":{"type":"Point","coordinates":[-84.506323,34.221033]},"properties":{"brand":"Flock Safety"}},{"type":"Feature","geometry":{"type":"Point","coordinates":[-84.796166,33.953875]},"properties":{"brand":"Flock Safety"}},{"type":"Feature","geometry":{"type":"Point","coordinates":[-84.795996,33.953955]},"properties":{"brand":"Flock Safety"}},{"type":"Feature","geometry":{"type":"Point","coordinates":[-84.790258,33.95745]},"properties":{"brand":"Flock Safety"}},{"type":"Feature","geometry":{"type":"Point","coordinates":[-82.42816,34.977725]},"properties":{"brand":"Flock Safety"}},{"type":"Feature","geometry":{"type":"Point","coordinates":[-84.322328,34.02162]},"properties":{"brand":"Flock Safety"}},{"type":"Feature","geometry":{"type":"Point","coordinates":[-84.310791,34.018354]},"properties":{"brand":"Flock Safety"}},{"type":"Feature","geometry":{"type":"Point","coordinates":[-84.330449,34.019292]},"properties":{"brand":"Flock Safety"}},{"type":"Feature","geometry":{"type":"Point","coordinates":[-84.346937,34.007033]},"properties":{"brand":"Flock Safety"}},{"type":"Feature","geometry":{"type":"Point","coordinates":[-84.32967,34.017073]},"properties":{"brand":"Flock Safety"}},{"type":"Feature","geometry":{"type":"Point","coordinates":[-84.095679,34.301665]},"properties":{"brand":"Flock Safety"}},{"type":"Feature","geometry":{"type":"Point","coordinates":[-84.095639,34.301701]},"properties":{"brand":"Flock Safety"}},{"type":"Feature","geometry":{"type":"Point","coordinates":[-84.266303,34.074476]},"properties":{"brand":"Flock Safety"}},{"type":"Feature","geometry":{"type":"Point","coordinates":[-84.239021,34.09451]},"properties":{"brand":"Flock Safety"}},{"type":"Feature","geometry":{"type":"Point","coordinates":[-84.233018,34.096568]},"properties":{"brand":"Flock Safety"}},{"type":"Feature","geometry":{"type":"Point","coordinates":[-84.211565,34.065358]},"properties":{"brand":"Flock Safety"}},{"type":"Feature","geometry":{"type":"Point","coordinates":[-84.209928,34.066963]},"properties":{"brand":"Flock Safety"}},{"type":"Feature","geometry":{"type":"Point","coordinates":[-84.217163,34.064102]},"properties":{"brand":"Flock Safety"}},{"type":"Feature","geometry":{"type":"Point","coordinates":[-84.957622,32.519941]},"properties":{"brand":"Flock Safety"}},{"type":"Feature","geometry":{"type":"Point","coordinates":[-82.835798,34.680649]},"properties":{"brand":"Flock Safety"}},{"type":"Feature","geometry":{"type":"Point","coordinates":[-84.01661,34.092628]},"properties":{"brand":""}},{"type":"Feature","geometry":{"type":"Point","coordinates":[-84.089472,33.997538]},"properties":{"brand":""}},{"type":"Feature","geometry":{"type":"Point","coordinates":[-84.577239,33.382678]},"properties":{"brand":""}},{"type":"Feature","geometry":{"type":"Point","coordinates":[-84.586269,34.142095]},"properties":{"brand":"Flock Safety"}},{"type":"Feature","geometry":{"type":"Point","coordinates":[-84.576755,34.129548]},"properties":{"brand":"Flock Safety"}},{"type":"Feature","geometry":{"type":"Point","coordinates":[-84.763583,33.866806]},"properties":{"brand":"Flock Safety"}},{"type":"Feature","geometry":{"type":"Point","coordinates":[-84.780516,33.834793]},"properties":{"brand":"Flock Safety"}},{"type":"Feature","geometry":{"type":"Point","coordinates":[-84.742906,33.863344]},"properties":{"brand":"Flock Safety"}},{"type":"Feature","geometry":{"type":"Point","coordinates":[-84.56934,34.009171]},"properties":{"brand":"Flock Safety"}},{"type":"Feature","geometry":{"type":"Point","coordinates":[-84.525459,34.133402]},"properties":{"brand":"Flock Safety"}},{"type":"Feature","geometry":{"type":"Point","coordinates":[-84.580096,33.996867]},"properties":{"brand":"Flock Safety"}},{"type":"Feature","geometry":{"type":"Point","coordinates":[-84.574203,34.003166]},"properties":{"brand":"Flock Safety"}},{"type":"Feature","geometry":{"type":"Point","coordinates":[-82.356476,34.837699]},"properties":{"brand":"Flock Safety"}},{"type":"Feature","geometry":{"type":"Point","coordinates":[-82.828801,34.679597]},"properties":{"brand":"Flock Safety"}},{"type":"Feature","geometry":{"type":"Point","coordinates":[-84.45229,34.234223]},"properties":{"brand":"Flock Safety"}},{"type":"Feature","geometry":{"type":"Point","coordinates":[-84.580644,34.034365]},"properties":{"brand":"Flock Safety"}},{"type":"Feature","geometry":{"type":"Point","coordinates":[-84.581312,34.04284]},"properties":{"brand":"Flock Safety"}},{"type":"Feature","geometry":{"type":"Point","coordinates":[-84.581593,34.042961]},"properties":{"brand":"Flock Safety"}},{"type":"Feature","geometry":{"type":"Point","coordinates":[-84.581729,34.042905]},"properties":{"brand":"Flock Safety"}},{"type":"Feature","geometry":{"type":"Point","coordinates":[-84.582919,34.042161]},"properties":{"brand":"Flock Safety"}},{"type":"Feature","geometry":{"type":"Point","coordinates":[-84.584134,34.041852]},"properties":{"brand":"Flock Safety"}},{"type":"Feature","geometry":{"type":"Point","coordinates":[-84.584258,34.041545]},"properties":{"brand":"Flock Safety"}},{"type":"Feature","geometry":{"type":"Point","coordinates":[-84.524978,34.133261]},"properties":{"brand":"Flock Safety"}},{"type":"Feature","geometry":{"type":"Point","coordinates":[-84.43333,33.980941]},"properties":{"brand":"Flock Safety"}},{"type":"Feature","geometry":{"type":"Point","coordinates":[-84.433446,33.980811]},"properties":{"brand":"Flock Safety"}},{"type":"Feature","geometry":{"type":"Point","coordinates":[-84.556978,34.028453]},"properties":{"brand":"Flock Safety"}},{"type":"Feature","geometry":{"type":"Point","coordinates":[-84.554139,34.016462]},"properties":{"brand":"Flock Safety"}},{"type":"Feature","geometry":{"type":"Point","coordinates":[-84.554096,34.016759]},"properties":{"brand":"Flock Safety"}},{"type":"Feature","geometry":{"type":"Point","coordinates":[-84.325883,34.022293]},"properties":{"brand":"Flock Safety"}},{"type":"Feature","geometry":{"type":"Point","coordinates":[-84.869784,32.664692]},"properties":{"brand":"Flock Safety"}},{"type":"Feature","geometry":{"type":"Point","coordinates":[-84.036212,33.667081]},"properties":{"brand":"Flock Safety"}},{"type":"Feature","geometry":{"type":"Point","coordinates":[-83.995854,33.647645]},"properties":{"brand":"Flock Safety"}},{"type":"Feature","geometry":{"type":"Point","coordinates":[-83.847934,33.613029]},"properties":{"brand":"Flock Safety"}},{"type":"Feature","geometry":{"type":"Point","coordinates":[-80.884416,33.481631]},"properties":{"brand":"Flock Safety"}},{"type":"Feature","geometry":{"type":"Point","coordinates":[-80.83327,33.486383]},"properties":{"brand":"Flock Safety"}},{"type":"Feature","geometry":{"type":"Point","coordinates":[-84.207052,34.076592]},"properties":{"brand":"Flock Safety"}},{"type":"Feature","geometry":{"type":"Point","coordinates":[-84.205536,34.079603]},"properties":{"brand":"Flock Safety"}},{"type":"Feature","geometry":{"type":"Point","coordinates":[-84.206034,34.08076]},"properties":{"brand":"Flock Safety"}},{"type":"Feature","geometry":{"type":"Point","coordinates":[-84.2058,34.072399]},"properties":{"brand":"Flock Safety"}},{"type":"Feature","geometry":{"type":"Point","coordinates":[-84.342582,33.930369]},"properties":{"brand":"Flock Safety"}},{"type":"Feature","geometry":{"type":"Point","coordinates":[-80.878932,34.909459]},"properties":{"brand":"Flock Safety"}},{"type":"Feature","geometry":{"type":"Point","coordinates":[-84.934329,34.459125]},"properties":{"brand":"Flock Safety"}},{"type":"Feature","geometry":{"type":"Point","coordinates":[-83.716339,32.546827]},"properties":{"brand":"Flock Safety"}},{"type":"Feature","geometry":{"type":"Point","coordinates":[-83.703145,32.678991]},"properties":{"brand":"Flock Safety"}},{"type":"Feature","geometry":{"type":"Point","coordinates":[-83.701048,32.681311]},"properties":{"brand":"Flock Safety"}},{"type":"Feature","geometry":{"type":"Point","coordinates":[-83.619183,32.658942]},"properties":{"brand":"Flock Safety"}},{"type":"Feature","geometry":{"type":"Point","coordinates":[-83.619465,32.662549]},"properties":{"brand":"Flock Safety"}},{"type":"Feature","geometry":{"type":"Point","coordinates":[-83.619129,32.662663]},"properties":{"brand":"Flock Safety"}},{"type":"Feature","geometry":{"type":"Point","coordinates":[-83.659793,32.770573]},"properties":{"brand":"Flock Safety"}},{"type":"Feature","geometry":{"type":"Point","coordinates":[-83.659448,32.770043]},"properties":{"brand":"Flock Safety"}},{"type":"Feature","geometry":{"type":"Point","coordinates":[-83.652005,32.78826]},"properties":{"brand":"Flock Safety"}},{"type":"Feature","geometry":{"type":"Point","coordinates":[-83.640756,32.801237]},"properties":{"brand":"Flock Safety"}},{"type":"Feature","geometry":{"type":"Point","coordinates":[-83.64048,32.801229]},"properties":{"brand":"Flock Safety"}},{"type":"Feature","geometry":{"type":"Point","coordinates":[-84.273392,34.084026]},"properties":{"brand":"Flock Safety"}},{"type":"Feature","geometry":{"type":"Point","coordinates":[-83.802005,33.900189]},"properties":{"brand":"Flock Safety"}},{"type":"Feature","geometry":{"type":"Point","coordinates":[-83.800908,33.900605]},"properties":{"brand":"Flock Safety"}},{"type":"Feature","geometry":{"type":"Point","coordinates":[-83.801108,33.901063]},"properties":{"brand":"Flock Safety"}},{"type":"Feature","geometry":{"type":"Point","coordinates":[-83.803583,33.901632]},"properties":{"brand":"Flock Safety"}},{"type":"Feature","geometry":{"type":"Point","coordinates":[-81.963797,34.648047]},"properties":{"brand":"Flock Safety"}},{"type":"Feature","geometry":{"type":"Point","coordinates":[-82.362218,34.878036]},"properties":{"brand":"Flock Safety"}},{"type":"Feature","geometry":{"type":"Point","coordinates":[-83.777939,33.918628]},"properties":{"brand":"Flock Safety"}},{"type":"Feature","geometry":{"type":"Point","coordinates":[-83.780643,33.91672]},"properties":{"brand":""}},{"type":"Feature","geometry":{"type":"Point","coordinates":[-83.756279,33.944412]},"properties":{"brand":"Flock Safety"}},{"type":"Feature","geometry":{"type":"Point","coordinates":[-83.751215,33.949276]},"properties":{"brand":"Flock Safety"}},{"type":"Feature","geometry":{"type":"Point","coordinates":[-83.751785,33.947533]},"properties":{"brand":"Flock Safety"}},{"type":"Feature","geometry":{"type":"Point","coordinates":[-83.892728,33.975815]},"properties":{"brand":"Flock Safety"}},{"type":"Feature","geometry":{"type":"Point","coordinates":[-83.890742,33.972359]},"properties":{"brand":"Flock Safety"}},{"type":"Feature","geometry":{"type":"Point","coordinates":[-83.893995,33.988085]},"properties":{"brand":"Flock Safety"}},{"type":"Feature","geometry":{"type":"Point","coordinates":[-82.416905,34.834329]},"properties":{"brand":"Flock Safety"}},{"type":"Feature","geometry":{"type":"Point","coordinates":[-83.847702,34.290678]},"properties":{"brand":"Flock Safety"}},{"type":"Feature","geometry":{"type":"Point","coordinates":[-85.287681,34.986618]},"properties":{"brand":"Flock Safety"}},{"type":"Feature","geometry":{"type":"Point","coordinates":[-85.201259,34.990381]},"properties":{"brand":"Genetec"}},{"type":"Feature","geometry":{"type":"Point","coordinates":[-85.226963,34.945158]},"properties":{"brand":"Flock Safety"}},{"type":"Feature","geometry":{"type":"Point","coordinates":[-85.228253,34.945719]},"properties":{"brand":"Flock Safety"}},{"type":"Feature","geometry":{"type":"Point","coordinates":[-85.211161,34.938301]},"properties":{"brand":"Flock Safety"}},{"type":"Feature","geometry":{"type":"Point","coordinates":[-85.149651,35.036005]},"properties":{"brand":"Flock Safety"}},{"type":"Feature","geometry":{"type":"Point","coordinates":[-85.00407,34.794448]},"properties":{"brand":"Flock Safety"}},{"type":"Feature","geometry":{"type":"Point","coordinates":[-84.962348,34.794361]},"properties":{"brand":"Flock Safety"}},{"type":"Feature","geometry":{"type":"Point","coordinates":[-84.670537,34.672346]},"properties":{"brand":"Flock Safety"}},{"type":"Feature","geometry":{"type":"Point","coordinates":[-84.490091,34.684264]},"properties":{"brand":"Flock Safety"}},{"type":"Feature","geometry":{"type":"Point","coordinates":[-84.481993,34.685901]},"properties":{"brand":"Flock Safety"}},{"type":"Feature","geometry":{"type":"Point","coordinates":[-84.5868,34.545849]},"properties":{"brand":"Flock Safety"}},{"type":"Feature","geometry":{"type":"Point","coordinates":[-84.556735,34.510828]},"properties":{"brand":"Flock Safety"}},{"type":"Feature","geometry":{"type":"Point","coordinates":[-84.457277,34.465307]},"properties":{"brand":"Flock Safety"}},{"type":"Feature","geometry":{"type":"Point","coordinates":[-84.420551,34.405454]},"properties":{"brand":"Flock Safety"}},{"type":"Feature","geometry":{"type":"Point","coordinates":[-84.389695,34.414391]},"properties":{"brand":"Flock Safety"}},{"type":"Feature","geometry":{"type":"Point","coordinates":[-84.260042,34.535276]},"properties":{"brand":"Flock Safety"}},{"type":"Feature","geometry":{"type":"Point","coordinates":[-84.375165,34.365216]},"properties":{"brand":"Flock Safety"}},{"type":"Feature","geometry":{"type":"Point","coordinates":[-84.368311,34.329159]},"properties":{"brand":"Flock Safety"}},{"type":"Feature","geometry":{"type":"Point","coordinates":[-84.365053,34.328358]},"properties":{"brand":"Flock Safety"}},{"type":"Feature","geometry":{"type":"Point","coordinates":[-84.632915,33.510065]},"properties":{"brand":"Flock Safety"}},{"type":"Feature","geometry":{"type":"Point","coordinates":[-84.604024,33.397938]},"properties":{"brand":"Flock Safety"}},{"type":"Feature","geometry":{"type":"Point","coordinates":[-83.746361,33.790755]},"properties":{"brand":"Flock Safety"}},{"type":"Feature","geometry":{"type":"Point","coordinates":[-83.761641,32.880916]},"properties":{"brand":"Flock Safety"}},{"type":"Feature","geometry":{"type":"Point","coordinates":[-82.40464,34.85817]},"properties":{"brand":"Flock Safety"}},{"type":"Feature","geometry":{"type":"Point","coordinates":[-83.751031,33.939028]},"properties":{"brand":"Flock Safety"}},{"type":"Feature","geometry":{"type":"Point","coordinates":[-83.7141,33.931799]},"properties":{"brand":"Flock Safety"}},{"type":"Feature","geometry":{"type":"Point","coordinates":[-83.765115,33.948058]},"properties":{"brand":"Flock Safety"}},{"type":"Feature","geometry":{"type":"Point","coordinates":[-83.713349,33.975905]},"properties":{"brand":"Flock Safety"}},{"type":"Feature","geometry":{"type":"Point","coordinates":[-83.726844,33.905292]},"properties":{"brand":"Flock Safety"}},{"type":"Feature","geometry":{"type":"Point","coordinates":[-83.762817,33.917072]},"properties":{"brand":"Flock Safety"}},{"type":"Feature","geometry":{"type":"Point","coordinates":[-84.19129,34.08506]},"properties":{"brand":"Flock Safety"}},{"type":"Feature","geometry":{"type":"Point","coordinates":[-84.332477,34.025749]},"properties":{"brand":"Flock Safety"}},{"type":"Feature","geometry":{"type":"Point","coordinates":[-82.257138,34.702301]},"properties":{"brand":"Flock Safety"}},{"type":"Feature","geometry":{"type":"Point","coordinates":[-84.494019,34.244563]},"properties":{"brand":"Flock Safety"}},{"type":"Feature","geometry":{"type":"Point","coordinates":[-84.502449,34.218342]},"properties":{"brand":"Flock Safety"}},{"type":"Feature","geometry":{"type":"Point","coordinates":[-84.521624,34.142798]},"properties":{"brand":"Flock Safety"}},{"type":"Feature","geometry":{"type":"Point","coordinates":[-84.520615,34.144359]},"properties":{"brand":"Flock Safety"}},{"type":"Feature","geometry":{"type":"Point","coordinates":[-84.520862,34.144359]},"properties":{"brand":"Flock Safety"}},{"type":"Feature","geometry":{"type":"Point","coordinates":[-84.0861,32.559111]},"properties":{"brand":"Flock Safety"}},{"type":"Feature","geometry":{"type":"Point","coordinates":[-84.111614,32.561849]},"properties":{"brand":"Flock Safety"}},{"type":"Feature","geometry":{"type":"Point","coordinates":[-84.012295,33.975599]},"properties":{"brand":"Flock Safety"}},{"type":"Feature","geometry":{"type":"Point","coordinates":[-82.25334,34.722602]},"properties":{"brand":"Flock Safety"}},{"type":"Feature","geometry":{"type":"Point","coordinates":[-83.940602,34.886393]},"properties":{"brand":"Flock Safety"}},{"type":"Feature","geometry":{"type":"Point","coordinates":[-84.670968,33.708103]},"properties":{"brand":"Flock Safety"}},{"type":"Feature","geometry":{"type":"Point","coordinates":[-84.702346,33.692987]},"properties":{"brand":""}},{"type":"Feature","geometry":{"type":"Point","coordinates":[-84.70396,33.709557]},"properties":{"brand":""}},{"type":"Feature","geometry":{"type":"Point","coordinates":[-82.363609,34.179645]},"properties":{"brand":"Flock Safety"}},{"type":"Feature","geometry":{"type":"Point","coordinates":[-81.621305,32.733658]},"properties":{"brand":"Flock Safety"}},{"type":"Feature","geometry":{"type":"Point","coordinates":[-81.621832,32.733114]},"properties":{"brand":"Flock Safety"}},{"type":"Feature","geometry":{"type":"Point","coordinates":[-82.247705,34.710411]},"properties":{"brand":"Flock Safety"}},{"type":"Feature","geometry":{"type":"Point","coordinates":[-84.023441,34.477698]},"properties":{"brand":"Flock Safety"}},{"type":"Feature","geometry":{"type":"Point","coordinates":[-85.035779,35.013873]},"properties":{"brand":"Motorola Solutions"}},{"type":"Feature","geometry":{"type":"Point","coordinates":[-80.974392,34.820634]},"properties":{"brand":"Flock Safety"}},{"type":"Feature","geometry":{"type":"Point","coordinates":[-84.395629,33.752298]},"properties":{"brand":"Flock Safety"}},{"type":"Feature","geometry":{"type":"Point","coordinates":[-82.302328,34.886555]},"properties":{"brand":"Flock Safety"}},{"type":"Feature","geometry":{"type":"Point","coordinates":[-83.929463,33.985881]},"properties":{"brand":""}},{"type":"Feature","geometry":{"type":"Point","coordinates":[-83.819566,33.967507]},"properties":{"brand":""}},{"type":"Feature","geometry":{"type":"Point","coordinates":[-84.650827,34.2137]},"properties":{"brand":"Flock Safety"}},{"type":"Feature","geometry":{"type":"Point","coordinates":[-84.49468,34.254903]},"properties":{"brand":"Flock Safety"}},{"type":"Feature","geometry":{"type":"Point","coordinates":[-84.489817,34.257314]},"properties":{"brand":"Flock Safety"}},{"type":"Feature","geometry":{"type":"Point","coordinates":[-84.616702,34.224534]},"properties":{"brand":"Flock Safety"}},{"type":"Feature","geometry":{"type":"Point","coordinates":[-84.012477,33.976022]},"properties":{"brand":"Flock Safety"}},{"type":"Feature","geometry":{"type":"Point","coordinates":[-84.469718,33.887415]},"properties":{"brand":"Flock Safety"}},{"type":"Feature","geometry":{"type":"Point","coordinates":[-82.371145,34.830942]},"properties":{"brand":"Flock Safety"}},{"type":"Feature","geometry":{"type":"Point","coordinates":[-84.393667,33.757911]},"properties":{"brand":"Genetec"}},{"type":"Feature","geometry":{"type":"Point","coordinates":[-84.39558,33.752405]},"properties":{"brand":"Genetec"}},{"type":"Feature","geometry":{"type":"Point","coordinates":[-84.396871,33.747111]},"properties":{"brand":"Genetec"}},{"type":"Feature","geometry":{"type":"Point","coordinates":[-85.494561,32.60608]},"properties":{"brand":"Flock Safety"}},{"type":"Feature","geometry":{"type":"Point","coordinates":[-85.526584,32.575086]},"properties":{"brand":"Flock Safety"}},{"type":"Feature","geometry":{"type":"Point","coordinates":[-84.953522,32.507001]},"properties":{"brand":""}},{"type":"Feature","geometry":{"type":"Point","coordinates":[-85.538143,32.601105]},"properties":{"brand":"Flock Safety"}},{"type":"Feature","geometry":{"type":"Point","coordinates":[-85.541213,32.600598]},"properties":{"brand":"Flock Safety"}},{"type":"Feature","geometry":{"type":"Point","coordinates":[-85.537175,32.568965]},"properties":{"brand":"Flock Safety"}},{"type":"Feature","geometry":{"type":"Point","coordinates":[-84.232674,34.053864]},"properties":{"brand":"Flock Safety"}},{"type":"Feature","geometry":{"type":"Point","coordinates":[-84.232165,34.054753]},"properties":{"brand":"Flock Safety"}},{"type":"Feature","geometry":{"type":"Point","coordinates":[-84.239911,34.049188]},"properties":{"brand":"Flock Safety"}},{"type":"Feature","geometry":{"type":"Point","coordinates":[-84.288975,34.059996]},"properties":{"brand":"Flock Safety"}},{"type":"Feature","geometry":{"type":"Point","coordinates":[-84.288447,34.060768]},"properties":{"brand":"Flock Safety"}},{"type":"Feature","geometry":{"type":"Point","coordinates":[-84.368608,33.845066]},"properties":{"brand":"Flock Safety"}},{"type":"Feature","geometry":{"type":"Point","coordinates":[-84.419366,33.730759]},"properties":{"brand":"Flock Safety"}},{"type":"Feature","geometry":{"type":"Point","coordinates":[-84.421298,33.732179]},"properties":{"brand":"Flock Safety"}},{"type":"Feature","geometry":{"type":"Point","coordinates":[-84.342173,33.921053]},"properties":{"brand":"Flock Safety"}},{"type":"Feature","geometry":{"type":"Point","coordinates":[-84.342076,33.921063]},"properties":{"brand":"Flock Safety"}},{"type":"Feature","geometry":{"type":"Point","coordinates":[-84.343573,33.920918]},"properties":{"brand":"Flock Safety"}},{"type":"Feature","geometry":{"type":"Point","coordinates":[-84.34504,33.923414]},"properties":{"brand":"Flock Safety"}},{"type":"Feature","geometry":{"type":"Point","coordinates":[-84.344765,33.923451]},"properties":{"brand":"Flock Safety"}},{"type":"Feature","geometry":{"type":"Point","coordinates":[-84.341588,33.926738]},"properties":{"brand":"Flock Safety"}},{"type":"Feature","geometry":{"type":"Point","coordinates":[-84.341592,33.926421]},"properties":{"brand":"Flock Safety"}},{"type":"Feature","geometry":{"type":"Point","coordinates":[-84.338974,33.926337]},"properties":{"brand":"Flock Safety"}},{"type":"Feature","geometry":{"type":"Point","coordinates":[-84.338909,33.926093]},"properties":{"brand":"Flock Safety"}},{"type":"Feature","geometry":{"type":"Point","coordinates":[-84.337872,33.924959]},"properties":{"brand":"Flock Safety"}},{"type":"Feature","geometry":{"type":"Point","coordinates":[-84.338236,33.924994]},"properties":{"brand":"Flock Safety"}},{"type":"Feature","geometry":{"type":"Point","coordinates":[-84.338301,33.923799]},"properties":{"brand":"Flock Safety"}},{"type":"Feature","geometry":{"type":"Point","coordinates":[-84.33866,33.923909]},"properties":{"brand":"Flock Safety"}},{"type":"Feature","geometry":{"type":"Point","coordinates":[-84.339002,33.922224]},"properties":{"brand":"Flock Safety"}},{"type":"Feature","geometry":{"type":"Point","coordinates":[-84.339315,33.922315]},"properties":{"brand":"Flock Safety"}},{"type":"Feature","geometry":{"type":"Point","coordinates":[-84.340992,33.920892]},"properties":{"brand":"Flock Safety"}},{"type":"Feature","geometry":{"type":"Point","coordinates":[-84.340896,33.921]},"properties":{"brand":"Flock Safety"}},{"type":"Feature","geometry":{"type":"Point","coordinates":[-84.34218,33.921228]},"properties":{"brand":"Flock Safety"}},{"type":"Feature","geometry":{"type":"Point","coordinates":[-84.343318,33.920446]},"properties":{"brand":"Flock Safety"}},{"type":"Feature","geometry":{"type":"Point","coordinates":[-84.601408,33.853396]},"properties":{"brand":"Flock Safety"}},{"type":"Feature","geometry":{"type":"Point","coordinates":[-84.589292,33.857072]},"properties":{"brand":"Flock Safety"}},{"type":"Feature","geometry":{"type":"Point","coordinates":[-84.591911,33.857807]},"properties":{"brand":"Flock Safety"}},{"type":"Feature","geometry":{"type":"Point","coordinates":[-84.592149,33.858802]},"properties":{"brand":"Flock Safety"}},{"type":"Feature","geometry":{"type":"Point","coordinates":[-81.941443,34.92975]},"properties":{"brand":"Flock Safety"}},{"type":"Feature","geometry":{"type":"Point","coordinates":[-82.236869,34.190801]},"properties":{"brand":"Flock Safety"}},{"type":"Feature","geometry":{"type":"Point","coordinates":[-82.21805,34.198021]},"properties":{"brand":"Flock Safety"}},{"type":"Feature","geometry":{"type":"Point","coordinates":[-82.237139,34.208134]},"properties":{"brand":"Flock Safety"}},{"type":"Feature","geometry":{"type":"Point","coordinates":[-82.147357,34.191743]},"properties":{"brand":"Flock Safety"}},{"type":"Feature","geometry":{"type":"Point","coordinates":[-80.983755,34.977683]},"properties":{"brand":"Flock Safety"}},{"type":"Feature","geometry":{"type":"Point","coordinates":[-80.983268,34.978512]},"properties":{"brand":"Flock Safety"}},{"type":"Feature","geometry":{"type":"Point","coordinates":[-83.940521,34.886141]},"properties":{"brand":"Flock Safety"}},{"type":"Feature","geometry":{"type":"Point","coordinates":[-84.348278,33.90262]},"properties":{"brand":"Flock Safety"}},{"type":"Feature","geometry":{"type":"Point","coordinates":[-83.821031,33.981979]},"properties":{"brand":"Flock Safety"}},{"type":"Feature","geometry":{"type":"Point","coordinates":[-84.345662,33.898649]},"properties":{"brand":"Flock Safety"}},{"type":"Feature","geometry":{"type":"Point","coordinates":[-84.347493,33.901673]},"properties":{"brand":"Flock Safety"}},{"type":"Feature","geometry":{"type":"Point","coordinates":[-84.717675,33.751005]},"properties":{"brand":"Flock Safety"}},{"type":"Feature","geometry":{"type":"Point","coordinates":[-84.71399,33.750216]},"properties":{"brand":"Flock Safety"}},{"type":"Feature","geometry":{"type":"Point","coordinates":[-84.720121,33.751384]},"properties":{"brand":"Flock Safety"}},{"type":"Feature","geometry":{"type":"Point","coordinates":[-84.720457,33.750728]},"properties":{"brand":"Flock Safety"}},{"type":"Feature","geometry":{"type":"Point","coordinates":[-84.719557,33.750791]},"properties":{"brand":"Flock Safety"}},{"type":"Feature","geometry":{"type":"Point","coordinates":[-84.726146,33.751507]},"properties":{"brand":"Flock Safety"}},{"type":"Feature","geometry":{"type":"Point","coordinates":[-84.746563,33.763552]},"properties":{"brand":"Flock Safety"}},{"type":"Feature","geometry":{"type":"Point","coordinates":[-84.519577,34.09053]},"properties":{"brand":"Flock Safety"}},{"type":"Feature","geometry":{"type":"Point","coordinates":[-83.321764,33.939853]},"properties":{"brand":"Flock Safety"}},{"type":"Feature","geometry":{"type":"Point","coordinates":[-83.376622,33.956397]},"properties":{"brand":"Flock Safety"}},{"type":"Feature","geometry":{"type":"Point","coordinates":[-83.37097,33.953109]},"properties":{"brand":"Flock Safety"}},{"type":"Feature","geometry":{"type":"Point","coordinates":[-83.381991,33.950627]},"properties":{"brand":"Flock Safety"}},{"type":"Feature","geometry":{"type":"Point","coordinates":[-83.378721,33.953563]},"properties":{"brand":"Flock Safety"}},{"type":"Feature","geometry":{"type":"Point","coordinates":[-83.372449,33.957465]},"properties":{"brand":"Flock Safety"}},{"type":"Feature","geometry":{"type":"Point","coordinates":[-82.220784,34.726221]},"properties":{"brand":"Flock Safety"}},{"type":"Feature","geometry":{"type":"Point","coordinates":[-82.255372,34.716876]},"properties":{"brand":"Flock Safety"}},{"type":"Feature","geometry":{"type":"Point","coordinates":[-82.244382,34.708299]},"properties":{"brand":"Flock Safety"}},{"type":"Feature","geometry":{"type":"Point","coordinates":[-82.248871,34.712067]},"properties":{"brand":"Flock Safety"}},{"type":"Feature","geometry":{"type":"Point","coordinates":[-82.268055,34.755409]},"properties":{"brand":"Flock Safety"}},{"type":"Feature","geometry":{"type":"Point","coordinates":[-84.600654,33.8651]},"properties":{"brand":"Flock Safety"}},{"type":"Feature","geometry":{"type":"Point","coordinates":[-84.521122,33.940344]},"properties":{"brand":"Flock Safety"}},{"type":"Feature","geometry":{"type":"Point","coordinates":[-84.695063,33.444315]},"properties":{"brand":"Flock Safety"}},{"type":"Feature","geometry":{"type":"Point","coordinates":[-84.622872,33.402049]},"properties":{"brand":"Flock Safety"}},{"type":"Feature","geometry":{"type":"Point","coordinates":[-84.688758,33.443576]},"properties":{"brand":"Flock Safety"}},{"type":"Feature","geometry":{"type":"Point","coordinates":[-84.693001,33.442172]},"properties":{"brand":"Flock Safety"}},{"type":"Feature","geometry":{"type":"Point","coordinates":[-84.912089,33.49142]},"properties":{"brand":"Flock Safety"}},{"type":"Feature","geometry":{"type":"Point","coordinates":[-84.69344,33.459209]},"properties":{"brand":"Flock Safety"}},{"type":"Feature","geometry":{"type":"Point","coordinates":[-84.77997,33.392589]},"properties":{"brand":"Flock Safety"}},{"type":"Feature","geometry":{"type":"Point","coordinates":[-84.812098,33.579147]},"properties":{"brand":"Flock Safety"}},{"type":"Feature","geometry":{"type":"Point","coordinates":[-84.720802,33.402452]},"properties":{"brand":"Flock Safety"}},{"type":"Feature","geometry":{"type":"Point","coordinates":[-84.693332,33.459463]},"properties":{"brand":"Flock Safety"}},{"type":"Feature","geometry":{"type":"Point","coordinates":[-84.745829,33.395288]},"properties":{"brand":"Flock Safety"}},{"type":"Feature","geometry":{"type":"Point","coordinates":[-84.682515,33.412358]},"properties":{"brand":"Flock Safety"}},{"type":"Feature","geometry":{"type":"Point","coordinates":[-84.562416,33.358564]},"properties":{"brand":"Flock Safety"}},{"type":"Feature","geometry":{"type":"Point","coordinates":[-84.562478,33.358424]},"properties":{"brand":"Flock Safety"}},{"type":"Feature","geometry":{"type":"Point","coordinates":[-84.609025,33.396852]},"properties":{"brand":"Flock Safety"}},{"type":"Feature","geometry":{"type":"Point","coordinates":[-84.271486,33.951316]},"properties":{"brand":"Flock Safety"}},{"type":"Feature","geometry":{"type":"Point","coordinates":[-84.690125,33.470617]},"properties":{"brand":"Flock Safety"}},{"type":"Feature","geometry":{"type":"Point","coordinates":[-84.690182,33.470525]},"properties":{"brand":"Flock Safety"}},{"type":"Feature","geometry":{"type":"Point","coordinates":[-84.74868,33.39417]},"properties":{"brand":"Flock Safety"}},{"type":"Feature","geometry":{"type":"Point","coordinates":[-84.356243,34.826672]},"properties":{"brand":"Flock Safety"}},{"type":"Feature","geometry":{"type":"Point","coordinates":[-84.704522,33.454909]},"properties":{"brand":"Flock Safety"}},{"type":"Feature","geometry":{"type":"Point","coordinates":[-84.704769,33.454712]},"properties":{"brand":"Flock Safety"}},{"type":"Feature","geometry":{"type":"Point","coordinates":[-84.611499,33.397181]},"properties":{"brand":"Flock Safety"}},{"type":"Feature","geometry":{"type":"Point","coordinates":[-84.890924,32.546722]},"properties":{"brand":"Flock Safety"}},{"type":"Feature","geometry":{"type":"Point","coordinates":[-84.252946,34.024393]},"properties":{"brand":"Flock Safety"}},{"type":"Feature","geometry":{"type":"Point","coordinates":[-84.495207,33.827054]},"properties":{"brand":"Flock Safety"}},{"type":"Feature","geometry":{"type":"Point","coordinates":[-82.398281,34.843034]},"properties":{"brand":"Flock Safety"}},{"type":"Feature","geometry":{"type":"Point","coordinates":[-82.275515,34.737041]},"properties":{"brand":"Flock Safety"}},{"type":"Feature","geometry":{"type":"Point","coordinates":[-84.384553,33.754391]},"properties":{"brand":"Genetec"}},{"type":"Feature","geometry":{"type":"Point","coordinates":[-84.390797,33.749659]},"properties":{"brand":"Genetec"}},{"type":"Feature","geometry":{"type":"Point","coordinates":[-84.390529,33.749655]},"properties":{"brand":"Genetec"}},{"type":"Feature","geometry":{"type":"Point","coordinates":[-84.389696,33.750828]},"properties":{"brand":"Genetec"}},{"type":"Feature","geometry":{"type":"Point","coordinates":[-84.389927,33.750948]},"properties":{"brand":"Genetec"}},{"type":"Feature","geometry":{"type":"Point","coordinates":[-84.389212,33.748925]},"properties":{"brand":"Genetec"}},{"type":"Feature","geometry":{"type":"Point","coordinates":[-84.389507,33.748854]},"properties":{"brand":"Genetec"}},{"type":"Feature","geometry":{"type":"Point","coordinates":[-84.392975,33.750852]},"properties":{"brand":"Genetec"}},{"type":"Feature","geometry":{"type":"Point","coordinates":[-84.392893,33.751027]},"properties":{"brand":"Genetec"}},{"type":"Feature","geometry":{"type":"Point","coordinates":[-84.39166,33.748504]},"properties":{"brand":"Genetec"}},{"type":"Feature","geometry":{"type":"Point","coordinates":[-84.390095,33.747855]},"properties":{"brand":"Genetec"}},{"type":"Feature","geometry":{"type":"Point","coordinates":[-83.959525,34.008881]},"properties":{"brand":"Flock Safety"}},{"type":"Feature","geometry":{"type":"Point","coordinates":[-85.313103,34.511]},"properties":{"brand":"Flock Safety"}},{"type":"Feature","geometry":{"type":"Point","coordinates":[-85.311708,34.512878]},"properties":{"brand":"Flock Safety"}},{"type":"Feature","geometry":{"type":"Point","coordinates":[-82.162901,34.201225]},"properties":{"brand":"Flock Safety"}},{"type":"Feature","geometry":{"type":"Point","coordinates":[-82.163234,34.203527]},"properties":{"brand":"Flock Safety"}},{"type":"Feature","geometry":{"type":"Point","coordinates":[-82.162787,34.198992]},"properties":{"brand":"Flock Safety"}},{"type":"Feature","geometry":{"type":"Point","coordinates":[-83.696455,33.908541]},"properties":{"brand":"Flock Safety"}},{"type":"Feature","geometry":{"type":"Point","coordinates":[-83.692402,33.905468]},"properties":{"brand":"Flock Safety"}},{"type":"Feature","geometry":{"type":"Point","coordinates":[-85.073939,33.572117]},"properties":{"brand":"Flock Safety"}},{"type":"Feature","geometry":{"type":"Point","coordinates":[-82.088273,33.472754]},"properties":{"brand":"Flock Safety"}},{"type":"Feature","geometry":{"type":"Point","coordinates":[-82.08846,33.472836]},"properties":{"brand":"Flock Safety"}},{"type":"Feature","geometry":{"type":"Point","coordinates":[-83.704785,33.798844]},"properties":{"brand":"Flock Safety"}},{"type":"Feature","geometry":{"type":"Point","coordinates":[-83.371644,33.952649]},"properties":{"brand":"Flock Safety"}},{"type":"Feature","geometry":{"type":"Point","coordinates":[-83.371904,33.94108]},"properties":{"brand":"Flock Safety"}},{"type":"Feature","geometry":{"type":"Point","coordinates":[-83.373439,33.935688]},"properties":{"brand":"Flock Safety"}},{"type":"Feature","geometry":{"type":"Point","coordinates":[-83.37738,33.931408]},"properties":{"brand":"Flock Safety"}},{"type":"Feature","geometry":{"type":"Point","coordinates":[-84.600844,33.864608]},"properties":{"brand":"Flock Safety"}},{"type":"Feature","geometry":{"type":"Point","coordinates":[-84.403997,33.781602]},"properties":{"brand":"Flock Safety"}},{"type":"Feature","geometry":{"type":"Point","coordinates":[-84.387893,33.796239]},"properties":{"brand":"Flock Safety"}},{"type":"Feature","geometry":{"type":"Point","coordinates":[-84.451186,34.236661]},"properties":{"brand":"Flock Safety"}},{"type":"Feature","geometry":{"type":"Point","coordinates":[-83.852079,33.716607]},"properties":{"brand":"Flock Safety"}},{"type":"Feature","geometry":{"type":"Point","coordinates":[-83.852225,33.71663]},"properties":{"brand":"Flock Safety"}},{"type":"Feature","geometry":{"type":"Point","coordinates":[-84.817133,33.443247]},"properties":{"brand":"Flock Safety"}},{"type":"Feature","geometry":{"type":"Point","coordinates":[-84.867937,33.919433]},"properties":{"brand":"Flock Safety"}},{"type":"Feature","geometry":{"type":"Point","coordinates":[-84.9816,33.950318]},"properties":{"brand":"Flock Safety"}},{"type":"Feature","geometry":{"type":"Point","coordinates":[-84.787803,33.769701]},"properties":{"brand":"Flock Safety"}},{"type":"Feature","geometry":{"type":"Point","coordinates":[-84.776412,33.722019]},"properties":{"brand":"Flock Safety"}},{"type":"Feature","geometry":{"type":"Point","coordinates":[-84.762525,33.724948]},"properties":{"brand":"Flock Safety"}},{"type":"Feature","geometry":{"type":"Point","coordinates":[-84.762398,33.727163]},"properties":{"brand":"Flock Safety"}},{"type":"Feature","geometry":{"type":"Point","coordinates":[-84.757414,33.725957]},"properties":{"brand":"Flock Safety"}},{"type":"Feature","geometry":{"type":"Point","coordinates":[-84.776019,33.743313]},"properties":{"brand":"Flock Safety"}},{"type":"Feature","geometry":{"type":"Point","coordinates":[-83.844266,33.616639]},"properties":{"brand":"Flock Safety"}},{"type":"Feature","geometry":{"type":"Point","coordinates":[-85.04154,33.594882]},"properties":{"brand":"Flock Safety"}},{"type":"Feature","geometry":{"type":"Point","coordinates":[-85.041714,33.592854]},"properties":{"brand":"Flock Safety"}},{"type":"Feature","geometry":{"type":"Point","coordinates":[-84.77657,33.911812]},"properties":{"brand":"Flock Safety"}},{"type":"Feature","geometry":{"type":"Point","coordinates":[-84.728572,33.883202]},"properties":{"brand":"Flock Safety"}},{"type":"Feature","geometry":{"type":"Point","coordinates":[-84.69639,33.86726]},"properties":{"brand":"Flock Safety"}},{"type":"Feature","geometry":{"type":"Point","coordinates":[-84.343632,33.83636]},"properties":{"brand":"Flock Safety"}},{"type":"Feature","geometry":{"type":"Point","coordinates":[-84.60743,33.431159]},"properties":{"brand":"Flock Safety"}},{"type":"Feature","geometry":{"type":"Point","coordinates":[-84.607398,33.431385]},"properties":{"brand":"Flock Safety"}},{"type":"Feature","geometry":{"type":"Point","coordinates":[-83.884846,34.030986]},"properties":{"brand":"Flock Safety"}},{"type":"Feature","geometry":{"type":"Point","coordinates":[-83.890482,33.998534]},"properties":{"brand":"Flock Safety"}},{"type":"Feature","geometry":{"type":"Point","coordinates":[-83.900344,34.00664]},"properties":{"brand":"Flock Safety"}},{"type":"Feature","geometry":{"type":"Point","coordinates":[-83.878088,34.058522]},"properties":{"brand":"Flock Safety"}},{"type":"Feature","geometry":{"type":"Point","coordinates":[-84.610519,33.868634]},"properties":{"brand":"Flock Safety"}},{"type":"Feature","geometry":{"type":"Point","coordinates":[-84.610424,33.868469]},"properties":{"brand":"Flock Safety"}},{"type":"Feature","geometry":{"type":"Point","coordinates":[-84.582354,34.033041]},"properties":{"brand":"Flock Safety"}},{"type":"Feature","geometry":{"type":"Point","coordinates":[-84.582439,34.03292]},"properties":{"brand":"Flock Safety"}},{"type":"Feature","geometry":{"type":"Point","coordinates":[-84.581429,34.032445]},"properties":{"brand":"Flock Safety"}},{"type":"Feature","geometry":{"type":"Point","coordinates":[-84.393912,33.750036]},"properties":{"brand":"Flock Safety"}},{"type":"Feature","geometry":{"type":"Point","coordinates":[-84.394525,33.750322]},"properties":{"brand":"Flock Safety"}},{"type":"Feature","geometry":{"type":"Point","coordinates":[-84.392844,33.747031]},"properties":{"brand":"Genetec"}},{"type":"Feature","geometry":{"type":"Point","coordinates":[-84.392759,33.746818]},"properties":{"brand":"Genetec"}},{"type":"Feature","geometry":{"type":"Point","coordinates":[-84.396823,33.746895]},"properties":{"brand":"Genetec"}},{"type":"Feature","geometry":{"type":"Point","coordinates":[-84.721072,33.403048]},"properties":{"brand":"Flock Safety"}},{"type":"Feature","geometry":{"type":"Point","coordinates":[-82.147641,34.208051]},"properties":{"brand":"Flock Safety"}},{"type":"Feature","geometry":{"type":"Point","coordinates":[-83.97199,33.919499]},"properties":{"brand":"Flock Safety"}},{"type":"Feature","geometry":{"type":"Point","coordinates":[-83.93472,33.814665]},"properties":{"brand":"Flock Safety"}},{"type":"Feature","geometry":{"type":"Point","coordinates":[-83.935933,33.813889]},"properties":{"brand":"Flock Safety"}},{"type":"Feature","geometry":{"type":"Point","coordinates":[-83.844909,33.829662]},"properties":{"brand":"Flock Safety"}},{"type":"Feature","geometry":{"type":"Point","coordinates":[-83.843857,33.829328]},"properties":{"brand":"Flock Safety"}},{"type":"Feature","geometry":{"type":"Point","coordinates":[-83.730714,33.81794]},"properties":{"brand":"Flock Safety"}},{"type":"Feature","geometry":{"type":"Point","coordinates":[-83.730021,33.817028]},"properties":{"brand":"Flock Safety"}},{"type":"Feature","geometry":{"type":"Point","coordinates":[-83.734788,33.846568]},"properties":{"brand":"Flock Safety"}},{"type":"Feature","geometry":{"type":"Point","coordinates":[-83.736272,33.846097]},"properties":{"brand":"Flock Safety"}},{"type":"Feature","geometry":{"type":"Point","coordinates":[-83.722921,33.899819]},"properties":{"brand":"Flock Safety"}},{"type":"Feature","geometry":{"type":"Point","coordinates":[-83.72309,33.899827]},"properties":{"brand":"Flock Safety"}},{"type":"Feature","geometry":{"type":"Point","coordinates":[-84.094112,34.062106]},"properties":{"brand":"Flock Safety"}},{"type":"Feature","geometry":{"type":"Point","coordinates":[-82.835938,32.532747]},"properties":{"brand":"Flock Safety"}},{"type":"Feature","geometry":{"type":"Point","coordinates":[-82.896223,32.54304]},"properties":{"brand":"Flock Safety"}},{"type":"Feature","geometry":{"type":"Point","coordinates":[-82.295964,34.825584]},"properties":{"brand":"Flock Safety"}},{"type":"Feature","geometry":{"type":"Point","coordinates":[-83.919466,33.609942]},"properties":{"brand":"Flock Safety"}},{"type":"Feature","geometry":{"type":"Point","coordinates":[-83.931482,33.59364]},"properties":{"brand":"Flock Safety"}},{"type":"Feature","geometry":{"type":"Point","coordinates":[-83.931411,33.59318]},"properties":{"brand":"Flock Safety"}},{"type":"Feature","geometry":{"type":"Point","coordinates":[-83.931606,33.59315]},"properties":{"brand":"Flock Safety"}},{"type":"Feature","geometry":{"type":"Point","coordinates":[-83.704061,33.818942]},"properties":{"brand":"Flock Safety"}},{"type":"Feature","geometry":{"type":"Point","coordinates":[-83.708357,33.814029]},"properties":{"brand":"Flock Safety"}},{"type":"Feature","geometry":{"type":"Point","coordinates":[-83.929462,33.591315]},"properties":{"brand":"Flock Safety"}},{"type":"Feature","geometry":{"type":"Point","coordinates":[-83.931278,33.591129]},"properties":{"brand":"Flock Safety"}},{"type":"Feature","geometry":{"type":"Point","coordinates":[-83.913938,33.584718]},"properties":{"brand":"Flock Safety"}},{"type":"Feature","geometry":{"type":"Point","coordinates":[-83.914072,33.584617]},"properties":{"brand":"Flock Safety"}},{"type":"Feature","geometry":{"type":"Point","coordinates":[-81.011976,34.305979]},"properties":{"brand":"Flock Safety"}},{"type":"Feature","geometry":{"type":"Point","coordinates":[-85.490499,32.605218]},"properties":{"brand":"Flock Safety"}},{"type":"Feature","geometry":{"type":"Point","coordinates":[-85.493685,32.582746]},"properties":{"brand":"Flock Safety"}},{"type":"Feature","geometry":{"type":"Point","coordinates":[-85.489031,32.584938]},"properties":{"brand":"Flock Safety"}},{"type":"Feature","geometry":{"type":"Point","coordinates":[-85.504406,32.561772]},"properties":{"brand":"Flock Safety"}},{"type":"Feature","geometry":{"type":"Point","coordinates":[-85.481934,32.601472]},"properties":{"brand":"Flock Safety"}},{"type":"Feature","geometry":{"type":"Point","coordinates":[-85.481742,32.606228]},"properties":{"brand":"Flock Safety"}},{"type":"Feature","geometry":{"type":"Point","coordinates":[-85.495413,32.604191]},"properties":{"brand":"Flock Safety"}},{"type":"Feature","geometry":{"type":"Point","coordinates":[-85.439428,32.60493]},"properties":{"brand":"Flock Safety"}},{"type":"Feature","geometry":{"type":"Point","coordinates":[-85.488627,32.606425]},"properties":{"brand":"Flock Safety"}},{"type":"Feature","geometry":{"type":"Point","coordinates":[-85.483314,32.598343]},"properties":{"brand":"Flock Safety"}},{"type":"Feature","geometry":{"type":"Point","coordinates":[-85.43978,32.604969]},"properties":{"brand":"Flock Safety"}},{"type":"Feature","geometry":{"type":"Point","coordinates":[-84.527749,33.935001]},"properties":{"brand":"Flock Safety"}},{"type":"Feature","geometry":{"type":"Point","coordinates":[-84.527624,33.934962]},"properties":{"brand":"Flock Safety"}},{"type":"Feature","geometry":{"type":"Point","coordinates":[-84.523028,33.937549]},"properties":{"brand":"Flock Safety"}},{"type":"Feature","geometry":{"type":"Point","coordinates":[-84.523413,33.937933]},"properties":{"brand":"Flock Safety"}},{"type":"Feature","geometry":{"type":"Point","coordinates":[-83.9098,33.584395]},"properties":{"brand":"Flock Safety"}},{"type":"Feature","geometry":{"type":"Point","coordinates":[-84.520164,33.936141]},"properties":{"brand":"Flock Safety"}},{"type":"Feature","geometry":{"type":"Point","coordinates":[-84.515846,33.938321]},"properties":{"brand":"Flock Safety"}},{"type":"Feature","geometry":{"type":"Point","coordinates":[-83.786449,34.069534]},"properties":{"brand":"Flock Safety"}},{"type":"Feature","geometry":{"type":"Point","coordinates":[-83.786853,34.070829]},"properties":{"brand":"Flock Safety"}},{"type":"Feature","geometry":{"type":"Point","coordinates":[-83.871319,34.233867]},"properties":{"brand":"Flock Safety"}},{"type":"Feature","geometry":{"type":"Point","coordinates":[-83.953367,34.262568]},"properties":{"brand":"Flock Safety"}},{"type":"Feature","geometry":{"type":"Point","coordinates":[-83.756309,33.944386]},"properties":{"brand":"Flock Safety"}},{"type":"Feature","geometry":{"type":"Point","coordinates":[-83.747813,33.954951]},"properties":{"brand":"Flock Safety"}},{"type":"Feature","geometry":{"type":"Point","coordinates":[-83.734961,33.979802]},"properties":{"brand":"Flock Safety"}},{"type":"Feature","geometry":{"type":"Point","coordinates":[-80.882423,34.139467]},"properties":{"brand":"Flock Safety"}},{"type":"Feature","geometry":{"type":"Point","coordinates":[-84.588151,34.423281]},"properties":{"brand":"Flock Safety"}},{"type":"Feature","geometry":{"type":"Point","coordinates":[-83.305942,33.929584]},"properties":{"brand":"Flock Safety"}},{"type":"Feature","geometry":{"type":"Point","coordinates":[-83.818751,33.758789]},"properties":{"brand":"Flock Safety"}},{"type":"Feature","geometry":{"type":"Point","coordinates":[-83.818252,33.758843]},"properties":{"brand":"Flock Safety"}},{"type":"Feature","geometry":{"type":"Point","coordinates":[-83.876755,33.733364]},"properties":{"brand":"Flock Safety"}},{"type":"Feature","geometry":{"type":"Point","coordinates":[-83.876686,33.733532]},"properties":{"brand":"Flock Safety"}},{"type":"Feature","geometry":{"type":"Point","coordinates":[-83.925055,33.719852]},"properties":{"brand":"Flock Safety"}},{"type":"Feature","geometry":{"type":"Point","coordinates":[-83.925444,33.719244]},"properties":{"brand":"Flock Safety"}},{"type":"Feature","geometry":{"type":"Point","coordinates":[-84.001659,33.65842]},"properties":{"brand":"Flock Safety"}},{"type":"Feature","geometry":{"type":"Point","coordinates":[-84.515327,33.617559]},"properties":{"brand":"Flock Safety"}},{"type":"Feature","geometry":{"type":"Point","coordinates":[-84.519643,33.612747]},"properties":{"brand":"Flock Safety"}},{"type":"Feature","geometry":{"type":"Point","coordinates":[-84.524065,33.611518]},"properties":{"brand":"Flock Safety"}},{"type":"Feature","geometry":{"type":"Point","coordinates":[-84.519644,33.611959]},"properties":{"brand":"Flock Safety"}},{"type":"Feature","geometry":{"type":"Point","coordinates":[-84.534459,33.779838]},"properties":{"brand":"Flock Safety"}},{"type":"Feature","geometry":{"type":"Point","coordinates":[-84.534803,33.779779]},"properties":{"brand":"Flock Safety"}},{"type":"Feature","geometry":{"type":"Point","coordinates":[-84.543929,33.786285]},"properties":{"brand":"Flock Safety"}},{"type":"Feature","geometry":{"type":"Point","coordinates":[-82.048822,34.75197]},"properties":{"brand":"Flock Safety"}},{"type":"Feature","geometry":{"type":"Point","coordinates":[-82.824357,34.679522]},"properties":{"brand":"Flock Safety"}},{"type":"Feature","geometry":{"type":"Point","coordinates":[-82.823397,34.68012]},"properties":{"brand":"Flock Safety"}},{"type":"Feature","geometry":{"type":"Point","coordinates":[-82.811352,34.655899]},"properties":{"brand":"Flock Safety"}},{"type":"Feature","geometry":{"type":"Point","coordinates":[-82.808914,34.651066]},"properties":{"brand":"Flock Safety"}},{"type":"Feature","geometry":{"type":"Point","coordinates":[-83.894899,34.79229]},"properties":{"brand":"Flock Safety"}},{"type":"Feature","geometry":{"type":"Point","coordinates":[-84.790675,34.201876]},"properties":{"brand":"Flock Safety"}},{"type":"Feature","geometry":{"type":"Point","coordinates":[-84.790133,34.201666]},"properties":{"brand":"Flock Safety"}},{"type":"Feature","geometry":{"type":"Point","coordinates":[-84.793879,34.199647]},"properties":{"brand":"Flock Safety"}},{"type":"Feature","geometry":{"type":"Point","coordinates":[-84.790412,34.201892]},"properties":{"brand":"Flock Safety"}},{"type":"Feature","geometry":{"type":"Point","coordinates":[-84.793725,34.1996]},"properties":{"brand":"Flock Safety"}},{"type":"Feature","geometry":{"type":"Point","coordinates":[-84.790542,34.203667]},"properties":{"brand":"Flock Safety"}},{"type":"Feature","geometry":{"type":"Point","coordinates":[-83.295651,33.962148]},"properties":{"brand":"Flock Safety"}},{"type":"Feature","geometry":{"type":"Point","coordinates":[-83.294258,33.973552]},"properties":{"brand":"Flock Safety"}},{"type":"Feature","geometry":{"type":"Point","coordinates":[-83.440474,33.922883]},"properties":{"brand":"Flock Safety"}},{"type":"Feature","geometry":{"type":"Point","coordinates":[-83.440259,33.922388]},"properties":{"brand":"Flock Safety"}},{"type":"Feature","geometry":{"type":"Point","coordinates":[-83.439846,33.923475]},"properties":{"brand":"Flock Safety"}},{"type":"Feature","geometry":{"type":"Point","coordinates":[-84.584655,34.036269]},"properties":{"brand":"Flock Safety"}},{"type":"Feature","geometry":{"type":"Point","coordinates":[-84.584802,34.036166]},"properties":{"brand":"Flock Safety"}},{"type":"Feature","geometry":{"type":"Point","coordinates":[-84.585667,34.037094]},"properties":{"brand":"Flock Safety"}},{"type":"Feature","geometry":{"type":"Point","coordinates":[-84.585607,34.033707]},"properties":{"brand":"Flock Safety"}},{"type":"Feature","geometry":{"type":"Point","coordinates":[-84.584831,34.030151]},"properties":{"brand":"Flock Safety"}},{"type":"Feature","geometry":{"type":"Point","coordinates":[-84.584763,34.029972]},"properties":{"brand":"Flock Safety"}},{"type":"Feature","geometry":{"type":"Point","coordinates":[-85.439193,32.628816]},"properties":{"brand":"Flock Safety"}},{"type":"Feature","geometry":{"type":"Point","coordinates":[-84.521788,33.941497]},"properties":{"brand":"Flock Safety"}},{"type":"Feature","geometry":{"type":"Point","coordinates":[-84.521933,33.941461]},"properties":{"brand":"Flock Safety"}},{"type":"Feature","geometry":{"type":"Point","coordinates":[-84.521271,33.940851]},"properties":{"brand":"Flock Safety"}},{"type":"Feature","geometry":{"type":"Point","coordinates":[-84.515581,33.93683]},"properties":{"brand":"Flock Safety"}},{"type":"Feature","geometry":{"type":"Point","coordinates":[-84.516051,33.93692]},"properties":{"brand":"Flock Safety"}},{"type":"Feature","geometry":{"type":"Point","coordinates":[-84.518615,33.941631]},"properties":{"brand":"Flock Safety"}},{"type":"Feature","geometry":{"type":"Point","coordinates":[-84.518746,33.941872]},"properties":{"brand":"Flock Safety"}},{"type":"Feature","geometry":{"type":"Point","coordinates":[-84.066996,34.07076]},"properties":{"brand":"Flock Safety"}},{"type":"Feature","geometry":{"type":"Point","coordinates":[-80.976021,33.809917]},"properties":{"brand":"Flock Safety"}},{"type":"Feature","geometry":{"type":"Point","coordinates":[-80.973725,33.806638]},"properties":{"brand":"Flock Safety"}},{"type":"Feature","geometry":{"type":"Point","coordinates":[-80.952845,33.711702]},"properties":{"brand":"Flock Safety"}},{"type":"Feature","geometry":{"type":"Point","coordinates":[-80.882689,33.624001]},"properties":{"brand":"Flock Safety"}},{"type":"Feature","geometry":{"type":"Point","coordinates":[-84.328698,33.897883]},"properties":{"brand":"Motorola Solutions"}},{"type":"Feature","geometry":{"type":"Point","coordinates":[-84.628606,33.868971]},"properties":{"brand":"Flock Safety"}},{"type":"Feature","geometry":{"type":"Point","coordinates":[-84.362664,34.014221]},"properties":{"brand":"Flock Safety"}},{"type":"Feature","geometry":{"type":"Point","coordinates":[-84.234307,33.546613]},"properties":{"brand":"Flock Safety"}},{"type":"Feature","geometry":{"type":"Point","coordinates":[-84.234309,33.546613]},"properties":{"brand":"Flock Safety"}},{"type":"Feature","geometry":{"type":"Point","coordinates":[-81.990213,34.9345]},"properties":{"brand":"Flock Safety"}},{"type":"Feature","geometry":{"type":"Point","coordinates":[-84.86915,32.53852]},"properties":{"brand":"Flock Safety"}},{"type":"Feature","geometry":{"type":"Point","coordinates":[-84.601039,33.85794]},"properties":{"brand":"Flock Safety"}},{"type":"Feature","geometry":{"type":"Point","coordinates":[-84.600886,33.85794]},"properties":{"brand":"Flock Safety"}},{"type":"Feature","geometry":{"type":"Point","coordinates":[-84.602236,33.85612]},"properties":{"brand":"Flock Safety"}},{"type":"Feature","geometry":{"type":"Point","coordinates":[-84.6025,33.85612]},"properties":{"brand":"Flock Safety"}},{"type":"Feature","geometry":{"type":"Point","coordinates":[-84.606433,33.858958]},"properties":{"brand":"Flock Safety"}},{"type":"Feature","geometry":{"type":"Point","coordinates":[-84.606445,33.858827]},"properties":{"brand":"Flock Safety"}},{"type":"Feature","geometry":{"type":"Point","coordinates":[-84.607586,33.857597]},"properties":{"brand":"Flock Safety"}},{"type":"Feature","geometry":{"type":"Point","coordinates":[-84.607865,33.857531]},"properties":{"brand":"Flock Safety"}},{"type":"Feature","geometry":{"type":"Point","coordinates":[-84.608206,33.848732]},"properties":{"brand":"Flock Safety"}},{"type":"Feature","geometry":{"type":"Point","coordinates":[-84.607566,33.849093]},"properties":{"brand":"Flock Safety"}},{"type":"Feature","geometry":{"type":"Point","coordinates":[-84.627152,33.866692]},"properties":{"brand":"Flock Safety"}},{"type":"Feature","geometry":{"type":"Point","coordinates":[-84.168857,33.70018]},"properties":{"brand":"Flock Safety"}},{"type":"Feature","geometry":{"type":"Point","coordinates":[-84.16929,33.700641]},"properties":{"brand":"Flock Safety"}},{"type":"Feature","geometry":{"type":"Point","coordinates":[-84.620279,33.799708]},"properties":{"brand":"Flock Safety"}},{"type":"Feature","geometry":{"type":"Point","coordinates":[-84.620031,33.799641]},"properties":{"brand":"Flock Safety"}},{"type":"Feature","geometry":{"type":"Point","coordinates":[-84.619702,33.802949]},"properties":{"brand":"Flock Safety"}},{"type":"Feature","geometry":{"type":"Point","coordinates":[-84.617999,33.817865]},"properties":{"brand":"Flock Safety"}},{"type":"Feature","geometry":{"type":"Point","coordinates":[-84.617784,33.817858]},"properties":{"brand":"Flock Safety"}},{"type":"Feature","geometry":{"type":"Point","coordinates":[-84.615405,33.817083]},"properties":{"brand":"Flock Safety"}},{"type":"Feature","geometry":{"type":"Point","coordinates":[-84.606657,33.817358]},"properties":{"brand":"Flock Safety"}},{"type":"Feature","geometry":{"type":"Point","coordinates":[-84.606044,33.817412]},"properties":{"brand":"Flock Safety"}},{"type":"Feature","geometry":{"type":"Point","coordinates":[-82.240488,34.739972]},"properties":{"brand":"Flock Safety"}},{"type":"Feature","geometry":{"type":"Point","coordinates":[-84.891588,32.510315]},"properties":{"brand":"Flock Safety"}},{"type":"Feature","geometry":{"type":"Point","coordinates":[-83.723486,33.806712]},"properties":{"brand":"Flock Safety"}},{"type":"Feature","geometry":{"type":"Point","coordinates":[-83.91184,33.847488]},"properties":{"brand":"Flock Safety"}},{"type":"Feature","geometry":{"type":"Point","coordinates":[-83.911829,33.847773]},"properties":{"brand":"Flock Safety"}},{"type":"Feature","geometry":{"type":"Point","coordinates":[-84.010705,33.884549]},"properties":{"brand":"Flock Safety"}},{"type":"Feature","geometry":{"type":"Point","coordinates":[-84.011904,33.883639]},"properties":{"brand":"Flock Safety"}},{"type":"Feature","geometry":{"type":"Point","coordinates":[-84.011451,33.885702]},"properties":{"brand":"Flock Safety"}},{"type":"Feature","geometry":{"type":"Point","coordinates":[-84.009009,33.888551]},"properties":{"brand":"Flock Safety"}},{"type":"Feature","geometry":{"type":"Point","coordinates":[-84.009005,33.889612]},"properties":{"brand":"Flock Safety"}},{"type":"Feature","geometry":{"type":"Point","coordinates":[-83.024913,34.775631]},"properties":{"brand":"Flock Safety"}},{"type":"Feature","geometry":{"type":"Point","coordinates":[-83.050267,34.74101]},"properties":{"brand":"Flock Safety"}},{"type":"Feature","geometry":{"type":"Point","coordinates":[-83.227592,34.389555]},"properties":{"brand":"Flock Safety"}},{"type":"Feature","geometry":{"type":"Point","coordinates":[-83.240349,34.367942]},"properties":{"brand":"Flock Safety"}},{"type":"Feature","geometry":{"type":"Point","coordinates":[-83.257403,34.297012]},"properties":{"brand":"Flock Safety"}},{"type":"Feature","geometry":{"type":"Point","coordinates":[-83.25823,34.293576]},"properties":{"brand":"Flock Safety"}},{"type":"Feature","geometry":{"type":"Point","coordinates":[-83.453186,33.575524]},"properties":{"brand":"Flock Safety"}},{"type":"Feature","geometry":{"type":"Point","coordinates":[-83.407898,33.319954]},"properties":{"brand":"Flock Safety"}},{"type":"Feature","geometry":{"type":"Point","coordinates":[-83.438387,33.184872]},"properties":{"brand":"Flock Safety"}},{"type":"Feature","geometry":{"type":"Point","coordinates":[-83.739165,32.585797]},"properties":{"brand":"Flock Safety"}},{"type":"Feature","geometry":{"type":"Point","coordinates":[-85.501368,32.58328]},"properties":{"brand":"Flock Safety"}},{"type":"Feature","geometry":{"type":"Point","coordinates":[-83.998988,34.136151]},"properties":{"brand":"Flock Safety"}},{"type":"Feature","geometry":{"type":"Point","coordinates":[-85.438024,32.629426]},"properties":{"brand":"Flock Safety"}},{"type":"Feature","geometry":{"type":"Point","coordinates":[-84.87634,32.53471]},"properties":{"brand":"Flock Safety"}},{"type":"Feature","geometry":{"type":"Point","coordinates":[-82.21978,34.724677]},"properties":{"brand":"Flock Safety"}},{"type":"Feature","geometry":{"type":"Point","coordinates":[-82.220855,34.727244]},"properties":{"brand":"Flock Safety"}},{"type":"Feature","geometry":{"type":"Point","coordinates":[-81.980856,33.490951]},"properties":{"brand":"Flock Safety"}},{"type":"Feature","geometry":{"type":"Point","coordinates":[-84.678649,33.864177]},"properties":{"brand":"Flock Safety"}},{"type":"Feature","geometry":{"type":"Point","coordinates":[-84.675948,33.864544]},"properties":{"brand":"Flock Safety"}},{"type":"Feature","geometry":{"type":"Point","coordinates":[-84.676587,33.863426]},"properties":{"brand":"Flock Safety"}},{"type":"Feature","geometry":{"type":"Point","coordinates":[-84.659845,33.85949]},"properties":{"brand":"Flock Safety"}},{"type":"Feature","geometry":{"type":"Point","coordinates":[-84.644534,33.859924]},"properties":{"brand":"Flock Safety"}},{"type":"Feature","geometry":{"type":"Point","coordinates":[-84.644664,33.860102]},"properties":{"brand":"Flock Safety"}},{"type":"Feature","geometry":{"type":"Point","coordinates":[-80.977948,34.999514]},"properties":{"brand":"Flock Safety"}},{"type":"Feature","geometry":{"type":"Point","coordinates":[-84.760599,33.725662]},"properties":{"brand":"Flock Safety"}},{"type":"Feature","geometry":{"type":"Point","coordinates":[-84.477323,33.862353]},"properties":{"brand":"Flock Safety"}},{"type":"Feature","geometry":{"type":"Point","coordinates":[-84.476553,33.863361]},"properties":{"brand":"Flock Safety"}},{"type":"Feature","geometry":{"type":"Point","coordinates":[-84.476543,33.863361]},"properties":{"brand":"Flock Safety"}},{"type":"Feature","geometry":{"type":"Point","coordinates":[-84.505399,33.724099]},"properties":{"brand":"Flock Safety"}},{"type":"Feature","geometry":{"type":"Point","coordinates":[-84.505669,33.726982]},"properties":{"brand":"Flock Safety"}},{"type":"Feature","geometry":{"type":"Point","coordinates":[-84.505684,33.727686]},"properties":{"brand":"Flock Safety"}},{"type":"Feature","geometry":{"type":"Point","coordinates":[-84.50447,33.728279]},"properties":{"brand":"Flock Safety"}},{"type":"Feature","geometry":{"type":"Point","coordinates":[-84.504248,33.656227]},"properties":{"brand":"Flock Safety"}},{"type":"Feature","geometry":{"type":"Point","coordinates":[-84.504403,33.657452]},"properties":{"brand":"Flock Safety"}},{"type":"Feature","geometry":{"type":"Point","coordinates":[-84.505086,33.655452]},"properties":{"brand":"Flock Safety"}},{"type":"Feature","geometry":{"type":"Point","coordinates":[-84.503822,33.65516]},"properties":{"brand":"Flock Safety"}},{"type":"Feature","geometry":{"type":"Point","coordinates":[-84.503536,33.653907]},"properties":{"brand":"Flock Safety"}},{"type":"Feature","geometry":{"type":"Point","coordinates":[-84.503226,33.652496]},"properties":{"brand":"Flock Safety"}},{"type":"Feature","geometry":{"type":"Point","coordinates":[-84.502983,33.652361]},"properties":{"brand":"Flock Safety"}},{"type":"Feature","geometry":{"type":"Point","coordinates":[-84.503357,33.65059]},"properties":{"brand":"Flock Safety"}},{"type":"Feature","geometry":{"type":"Point","coordinates":[-84.503426,33.649652]},"properties":{"brand":"Flock Safety"}},{"type":"Feature","geometry":{"type":"Point","coordinates":[-84.503383,33.649423]},"properties":{"brand":"Flock Safety"}},{"type":"Feature","geometry":{"type":"Point","coordinates":[-84.503046,33.649011]},"properties":{"brand":"Flock Safety"}},{"type":"Feature","geometry":{"type":"Point","coordinates":[-84.502911,33.642739]},"properties":{"brand":"Flock Safety"}},{"type":"Feature","geometry":{"type":"Point","coordinates":[-84.49906,33.634479]},"properties":{"brand":"Flock Safety"}},{"type":"Feature","geometry":{"type":"Point","coordinates":[-84.498798,33.633761]},"properties":{"brand":"Flock Safety"}},{"type":"Feature","geometry":{"type":"Point","coordinates":[-83.762972,33.938419]},"properties":{"brand":"Flock Safety"}},{"type":"Feature","geometry":{"type":"Point","coordinates":[-83.755358,33.9454]},"properties":{"brand":"Flock Safety"}},{"type":"Feature","geometry":{"type":"Point","coordinates":[-82.849371,34.692839]},"properties":{"brand":"Flock Safety"}},{"type":"Feature","geometry":{"type":"Point","coordinates":[-82.518378,34.776457]},"properties":{"brand":"Flock Safety"}},{"type":"Feature","geometry":{"type":"Point","coordinates":[-82.521725,34.773436]},"properties":{"brand":"Flock Safety"}},{"type":"Feature","geometry":{"type":"Point","coordinates":[-82.111632,34.995644]},"properties":{"brand":"Flock Safety"}},{"type":"Feature","geometry":{"type":"Point","coordinates":[-84.306639,34.076404]},"properties":{"brand":"Flock Safety"}},{"type":"Feature","geometry":{"type":"Point","coordinates":[-84.306731,34.076509]},"properties":{"brand":"Flock Safety"}},{"type":"Feature","geometry":{"type":"Point","coordinates":[-84.633402,33.893543]},"properties":{"brand":"Flock Safety"}},{"type":"Feature","geometry":{"type":"Point","coordinates":[-84.633602,33.893641]},"properties":{"brand":"Flock Safety"}},{"type":"Feature","geometry":{"type":"Point","coordinates":[-84.634462,33.894231]},"properties":{"brand":"Flock Safety"}},{"type":"Feature","geometry":{"type":"Point","coordinates":[-84.634337,33.894305]},"properties":{"brand":"Flock Safety"}},{"type":"Feature","geometry":{"type":"Point","coordinates":[-84.579788,33.381817]},"properties":{"brand":"Flock Safety"}},{"type":"Feature","geometry":{"type":"Point","coordinates":[-84.571529,33.369304]},"properties":{"brand":"Flock Safety"}},{"type":"Feature","geometry":{"type":"Point","coordinates":[-83.683861,33.794911]},"properties":{"brand":"Flock Safety"}},{"type":"Feature","geometry":{"type":"Point","coordinates":[-83.68389,33.794999]},"properties":{"brand":"Flock Safety"}},{"type":"Feature","geometry":{"type":"Point","coordinates":[-84.668637,33.851749]},"properties":{"brand":"Flock Safety"}},{"type":"Feature","geometry":{"type":"Point","coordinates":[-84.657337,33.83712]},"properties":{"brand":"Flock Safety"}},{"type":"Feature","geometry":{"type":"Point","coordinates":[-84.65738,33.836956]},"properties":{"brand":"Flock Safety"}},{"type":"Feature","geometry":{"type":"Point","coordinates":[-84.658187,33.838013]},"properties":{"brand":"Flock Safety"}},{"type":"Feature","geometry":{"type":"Point","coordinates":[-84.589835,33.876329]},"properties":{"brand":"Flock Safety"}},{"type":"Feature","geometry":{"type":"Point","coordinates":[-84.589441,33.876693]},"properties":{"brand":"Flock Safety"}},{"type":"Feature","geometry":{"type":"Point","coordinates":[-84.602639,33.854634]},"properties":{"brand":"Flock Safety"}},{"type":"Feature","geometry":{"type":"Point","coordinates":[-84.200448,33.97098]},"properties":{"brand":"Flock Safety"}},{"type":"Feature","geometry":{"type":"Point","coordinates":[-84.25985,34.46575]},"properties":{"brand":"Flock Safety"}},{"type":"Feature","geometry":{"type":"Point","coordinates":[-80.978877,35.00032]},"properties":{"brand":"Flock Safety"}},{"type":"Feature","geometry":{"type":"Point","coordinates":[-84.924213,34.147787]},"properties":{"brand":"Flock Safety"}},{"type":"Feature","geometry":{"type":"Point","coordinates":[-83.538698,34.543626]},"properties":{"brand":"Flock Safety"}},{"type":"Feature","geometry":{"type":"Point","coordinates":[-83.539956,34.542396]},"properties":{"brand":"Flock Safety"}},{"type":"Feature","geometry":{"type":"Point","coordinates":[-84.195785,33.968215]},"properties":{"brand":"Flock Safety"}},{"type":"Feature","geometry":{"type":"Point","coordinates":[-84.195277,33.967574]},"properties":{"brand":"Flock Safety"}},{"type":"Feature","geometry":{"type":"Point","coordinates":[-84.194952,33.968041]},"properties":{"brand":"Flock Safety"}},{"type":"Feature","geometry":{"type":"Point","coordinates":[-84.201354,33.969547]},"properties":{"brand":"Flock Safety"}},{"type":"Feature","geometry":{"type":"Point","coordinates":[-84.208331,33.961744]},"properties":{"brand":"Flock Safety"}},{"type":"Feature","geometry":{"type":"Point","coordinates":[-83.690616,33.617999]},"properties":{"brand":""}},{"type":"Feature","geometry":{"type":"Point","coordinates":[-84.228514,33.951251]},"properties":{"brand":"Flock Safety"}},{"type":"Feature","geometry":{"type":"Point","coordinates":[-83.406703,34.299629]},"properties":{"brand":"Flock Safety"}},{"type":"Feature","geometry":{"type":"Point","coordinates":[-83.678352,34.399236]},"properties":{"brand":"Flock Safety"}},{"type":"Feature","geometry":{"type":"Point","coordinates":[-83.636322,34.310989]},"properties":{"brand":"Flock Safety"}},{"type":"Feature","geometry":{"type":"Point","coordinates":[-83.466492,34.261348]},"properties":{"brand":"Flock Safety"}},{"type":"Feature","geometry":{"type":"Point","coordinates":[-84.350283,34.001517]},"properties":{"brand":"Flock Safety"}},{"type":"Feature","geometry":{"type":"Point","coordinates":[-84.338096,33.998739]},"properties":{"brand":"Flock Safety"}},{"type":"Feature","geometry":{"type":"Point","coordinates":[-83.701383,33.770907]},"properties":{"brand":"Flock Safety"}},{"type":"Feature","geometry":{"type":"Point","coordinates":[-83.895541,34.152759]},"properties":{"brand":"Flock Safety"}},{"type":"Feature","geometry":{"type":"Point","coordinates":[-83.905959,34.135224]},"properties":{"brand":"Flock Safety"}},{"type":"Feature","geometry":{"type":"Point","coordinates":[-83.905818,34.135182]},"properties":{"brand":"Flock Safety"}},{"type":"Feature","geometry":{"type":"Point","coordinates":[-83.895615,34.152982]},"properties":{"brand":"Flock Safety"}},{"type":"Feature","geometry":{"type":"Point","coordinates":[-83.895615,34.152982]},"properties":{"brand":"Flock Safety"}},{"type":"Feature","geometry":{"type":"Point","coordinates":[-83.912993,34.150468]},"properties":{"brand":"Flock Safety"}},{"type":"Feature","geometry":{"type":"Point","coordinates":[-84.831127,34.117182]},"properties":{"brand":"Flock Safety"}},{"type":"Feature","geometry":{"type":"Point","coordinates":[-84.833029,34.117375]},"properties":{"brand":"Flock Safety"}},{"type":"Feature","geometry":{"type":"Point","coordinates":[-80.988772,34.976406]},"properties":{"brand":"Flock Safety"}},{"type":"Feature","geometry":{"type":"Point","coordinates":[-81.03583,34.941221]},"properties":{"brand":"Flock Safety"}},{"type":"Feature","geometry":{"type":"Point","coordinates":[-82.301966,34.827071]},"properties":{"brand":"Flock Safety"}},{"type":"Feature","geometry":{"type":"Point","coordinates":[-82.297421,34.827186]},"properties":{"brand":"Flock Safety"}},{"type":"Feature","geometry":{"type":"Point","coordinates":[-82.296531,34.82807]},"properties":{"brand":"Flock Safety"}},{"type":"Feature","geometry":{"type":"Point","coordinates":[-82.296528,34.82659]},"properties":{"brand":"Flock Safety"}},{"type":"Feature","geometry":{"type":"Point","coordinates":[-83.690838,32.911975]},"properties":{"brand":"Flock Safety"}},{"type":"Feature","geometry":{"type":"Point","coordinates":[-84.581467,34.110018]},"properties":{"brand":"Flock Safety"}},{"type":"Feature","geometry":{"type":"Point","coordinates":[-84.92043,34.471987]},"properties":{"brand":"Flock Safety"}},{"type":"Feature","geometry":{"type":"Point","coordinates":[-84.297385,34.07589]},"properties":{"brand":"Flock Safety"}},{"type":"Feature","geometry":{"type":"Point","coordinates":[-84.296818,34.078698]},"properties":{"brand":"Flock Safety"}},{"type":"Feature","geometry":{"type":"Point","coordinates":[-84.127733,34.074254]},"properties":{"brand":"Flock Safety"}},{"type":"Feature","geometry":{"type":"Point","coordinates":[-84.118887,34.072502]},"properties":{"brand":"Flock Safety"}},{"type":"Feature","geometry":{"type":"Point","coordinates":[-83.761739,34.023251]},"properties":{"brand":"Flock Safety"}},{"type":"Feature","geometry":{"type":"Point","coordinates":[-80.84307,34.945498]},"properties":{"brand":"Flock Safety"}},{"type":"Feature","geometry":{"type":"Point","coordinates":[-80.842215,34.944657]},"properties":{"brand":"Flock Safety"}},{"type":"Feature","geometry":{"type":"Point","coordinates":[-83.690328,32.896595]},"properties":{"brand":"Flock Safety"}},{"type":"Feature","geometry":{"type":"Point","coordinates":[-83.689532,32.864795]},"properties":{"brand":"Flock Safety"}},{"type":"Feature","geometry":{"type":"Point","coordinates":[-83.689058,32.863433]},"properties":{"brand":"Flock Safety"}},{"type":"Feature","geometry":{"type":"Point","coordinates":[-83.71069,32.875336]},"properties":{"brand":"Flock Safety"}},{"type":"Feature","geometry":{"type":"Point","coordinates":[-82.984396,34.690132]},"properties":{"brand":"Flock Safety"}},{"type":"Feature","geometry":{"type":"Point","coordinates":[-82.976319,34.693239]},"properties":{"brand":"Flock Safety"}},{"type":"Feature","geometry":{"type":"Point","coordinates":[-83.666775,32.785007]},"properties":{"brand":"Flock Safety"}},{"type":"Feature","geometry":{"type":"Point","coordinates":[-84.771449,33.701072]},"properties":{"brand":"Flock Safety"}},{"type":"Feature","geometry":{"type":"Point","coordinates":[-84.777496,33.705731]},"properties":{"brand":"Flock Safety"}},{"type":"Feature","geometry":{"type":"Point","coordinates":[-84.777496,33.705731]},"properties":{"brand":"Flock Safety"}},{"type":"Feature","geometry":{"type":"Point","coordinates":[-84.935794,32.566143]},"properties":{"brand":"Flock Safety"}},{"type":"Feature","geometry":{"type":"Point","coordinates":[-84.941419,32.564612]},"properties":{"brand":"Flock Safety"}},{"type":"Feature","geometry":{"type":"Point","coordinates":[-84.234609,33.621632]},"properties":{"brand":"Flock Safety"}},{"type":"Feature","geometry":{"type":"Point","coordinates":[-84.238071,33.618753]},"properties":{"brand":"Flock Safety"}},{"type":"Feature","geometry":{"type":"Point","coordinates":[-84.143427,33.986656]},"properties":{"brand":"Flock Safety"}},{"type":"Feature","geometry":{"type":"Point","coordinates":[-84.461374,34.085319]},"properties":{"brand":"Flock Safety"}},{"type":"Feature","geometry":{"type":"Point","coordinates":[-84.461487,34.085666]},"properties":{"brand":"Flock Safety"}},{"type":"Feature","geometry":{"type":"Point","coordinates":[-84.538332,33.835721]},"properties":{"brand":"Flock Safety"}},{"type":"Feature","geometry":{"type":"Point","coordinates":[-84.539,33.836042]},"properties":{"brand":"Flock Safety"}},{"type":"Feature","geometry":{"type":"Point","coordinates":[-84.468545,34.098756]},"properties":{"brand":"Flock Safety"}},{"type":"Feature","geometry":{"type":"Point","coordinates":[-83.784888,34.175841]},"properties":{"brand":"Flock Safety"}},{"type":"Feature","geometry":{"type":"Point","coordinates":[-83.784888,34.175841]},"properties":{"brand":"Flock Safety"}},{"type":"Feature","geometry":{"type":"Point","coordinates":[-84.850753,34.122482]},"properties":{"brand":"Flock Safety"}},{"type":"Feature","geometry":{"type":"Point","coordinates":[-84.850786,34.122442]},"properties":{"brand":"Flock Safety"}},{"type":"Feature","geometry":{"type":"Point","coordinates":[-84.582255,33.864741]},"properties":{"brand":"Flock Safety"}},{"type":"Feature","geometry":{"type":"Point","coordinates":[-84.582394,33.864768]},"properties":{"brand":"Flock Safety"}},{"type":"Feature","geometry":{"type":"Point","coordinates":[-84.616194,33.857675]},"properties":{"brand":"Flock Safety"}},{"type":"Feature","geometry":{"type":"Point","coordinates":[-84.617068,33.857321]},"properties":{"brand":"Flock Safety"}},{"type":"Feature","geometry":{"type":"Point","coordinates":[-84.502007,33.89207]},"properties":{"brand":"Flock Safety"}},{"type":"Feature","geometry":{"type":"Point","coordinates":[-84.502192,33.892324]},"properties":{"brand":"Flock Safety"}},{"type":"Feature","geometry":{"type":"Point","coordinates":[-84.562454,33.918755]},"properties":{"brand":"Flock Safety"}},{"type":"Feature","geometry":{"type":"Point","coordinates":[-84.562455,33.918833]},"properties":{"brand":"Flock Safety"}},{"type":"Feature","geometry":{"type":"Point","coordinates":[-83.951829,34.141548]},"properties":{"brand":"Flock Safety"}},{"type":"Feature","geometry":{"type":"Point","coordinates":[-82.840317,34.832033]},"properties":{"brand":"Flock Safety"}},{"type":"Feature","geometry":{"type":"Point","coordinates":[-82.839846,34.831925]},"properties":{"brand":"Flock Safety"}},{"type":"Feature","geometry":{"type":"Point","coordinates":[-83.03075,34.736535]},"properties":{"brand":"Flock Safety"}},{"type":"Feature","geometry":{"type":"Point","coordinates":[-84.473124,34.5609]},"properties":{"brand":"Flock Safety"}},{"type":"Feature","geometry":{"type":"Point","coordinates":[-84.242259,33.897072]},"properties":{"brand":"Flock Safety"}},{"type":"Feature","geometry":{"type":"Point","coordinates":[-84.24541,33.900934]},"properties":{"brand":"Flock Safety"}},{"type":"Feature","geometry":{"type":"Point","coordinates":[-84.246021,33.900522]},"properties":{"brand":"Flock Safety"}},{"type":"Feature","geometry":{"type":"Point","coordinates":[-84.378961,33.912778]},"properties":{"brand":"Genetec"}},{"type":"Feature","geometry":{"type":"Point","coordinates":[-82.931034,34.699341]},"properties":{"brand":"Flock Safety"}},{"type":"Feature","geometry":{"type":"Point","coordinates":[-84.460386,33.910036]},"properties":{"brand":"Flock Safety"}},{"type":"Feature","geometry":{"type":"Point","coordinates":[-84.459832,33.910225]},"properties":{"brand":"Flock Safety"}},{"type":"Feature","geometry":{"type":"Point","coordinates":[-84.460386,33.910022]},"properties":{"brand":"Flock Safety"}},{"type":"Feature","geometry":{"type":"Point","coordinates":[-84.952312,32.539732]},"properties":{"brand":"Flock Safety"}},{"type":"Feature","geometry":{"type":"Point","coordinates":[-83.479947,33.307067]},"properties":{"brand":"Flock Safety"}},{"type":"Feature","geometry":{"type":"Point","coordinates":[-83.392721,33.345893]},"properties":{"brand":"Flock Safety"}},{"type":"Feature","geometry":{"type":"Point","coordinates":[-83.417175,33.318232]},"properties":{"brand":"Flock Safety"}},{"type":"Feature","geometry":{"type":"Point","coordinates":[-83.3847,33.297564]},"properties":{"brand":"Flock Safety"}},{"type":"Feature","geometry":{"type":"Point","coordinates":[-84.422126,33.910756]},"properties":{"brand":"Flock Safety"}},{"type":"Feature","geometry":{"type":"Point","coordinates":[-84.423757,33.910879]},"properties":{"brand":"Flock Safety"}},{"type":"Feature","geometry":{"type":"Point","coordinates":[-84.425195,33.910626]},"properties":{"brand":"Flock Safety"}},{"type":"Feature","geometry":{"type":"Point","coordinates":[-84.42677,33.908517]},"properties":{"brand":"Flock Safety"}},{"type":"Feature","geometry":{"type":"Point","coordinates":[-84.42715,33.907945]},"properties":{"brand":"Flock Safety"}},{"type":"Feature","geometry":{"type":"Point","coordinates":[-84.338681,33.828248]},"properties":{"brand":"Flock Safety"}},{"type":"Feature","geometry":{"type":"Point","coordinates":[-84.466558,33.850789]},"properties":{"brand":"Flock Safety"}},{"type":"Feature","geometry":{"type":"Point","coordinates":[-84.427699,33.906861]},"properties":{"brand":"Flock Safety"}},{"type":"Feature","geometry":{"type":"Point","coordinates":[-82.187834,34.194626]},"properties":{"brand":"Flock Safety"}},{"type":"Feature","geometry":{"type":"Point","coordinates":[-82.150308,34.205137]},"properties":{"brand":"Flock Safety"}},{"type":"Feature","geometry":{"type":"Point","coordinates":[-81.885541,34.971546]},"properties":{"brand":"Flock Safety"}},{"type":"Feature","geometry":{"type":"Point","coordinates":[-81.883795,34.972479]},"properties":{"brand":"Flock Safety"}},{"type":"Feature","geometry":{"type":"Point","coordinates":[-84.58841,34.000613]},"properties":{"brand":"Flock Safety"}},{"type":"Feature","geometry":{"type":"Point","coordinates":[-83.990328,34.124284]},"properties":{"brand":"Flock Safety"}},{"type":"Feature","geometry":{"type":"Point","coordinates":[-83.990328,34.124284]},"properties":{"brand":"Flock Safety"}},{"type":"Feature","geometry":{"type":"Point","coordinates":[-83.991034,34.124998]},"properties":{"brand":"Flock Safety"}},{"type":"Feature","geometry":{"type":"Point","coordinates":[-83.983282,34.128069]},"properties":{"brand":"Flock Safety"}},{"type":"Feature","geometry":{"type":"Point","coordinates":[-84.528846,33.34223]},"properties":{"brand":"Flock Safety"}},{"type":"Feature","geometry":{"type":"Point","coordinates":[-84.54388,33.294029]},"properties":{"brand":"Flock Safety"}},{"type":"Feature","geometry":{"type":"Point","coordinates":[-84.533761,33.342554]},"properties":{"brand":"Flock Safety"}},{"type":"Feature","geometry":{"type":"Point","coordinates":[-84.513748,33.32636]},"properties":{"brand":"Flock Safety"}},{"type":"Feature","geometry":{"type":"Point","coordinates":[-84.596406,33.397038]},"properties":{"brand":"Flock Safety"}},{"type":"Feature","geometry":{"type":"Point","coordinates":[-84.568323,33.371652]},"properties":{"brand":"Flock Safety"}},{"type":"Feature","geometry":{"type":"Point","coordinates":[-84.598738,33.397182]},"properties":{"brand":"Flock Safety"}},{"type":"Feature","geometry":{"type":"Point","coordinates":[-84.540086,33.288089]},"properties":{"brand":"Flock Safety"}},{"type":"Feature","geometry":{"type":"Point","coordinates":[-84.48805,33.254234]},"properties":{"brand":"Flock Safety"}},{"type":"Feature","geometry":{"type":"Point","coordinates":[-84.334619,33.872872]},"properties":{"brand":"Flock Safety"}},{"type":"Feature","geometry":{"type":"Point","coordinates":[-84.318177,33.883728]},"properties":{"brand":"Flock Safety"}},{"type":"Feature","geometry":{"type":"Point","coordinates":[-84.316524,33.884684]},"properties":{"brand":"Flock Safety"}},{"type":"Feature","geometry":{"type":"Point","coordinates":[-84.27436,33.879933]},"properties":{"brand":"Flock Safety"}},{"type":"Feature","geometry":{"type":"Point","coordinates":[-84.602139,33.771676]},"properties":{"brand":"Flock Safety"}},{"type":"Feature","geometry":{"type":"Point","coordinates":[-84.274806,33.87866]},"properties":{"brand":"Flock Safety"}},{"type":"Feature","geometry":{"type":"Point","coordinates":[-84.914899,33.137848]},"properties":{"brand":"Flock Safety"}},{"type":"Feature","geometry":{"type":"Point","coordinates":[-84.439045,34.473777]},"properties":{"brand":"Flock Safety"}},{"type":"Feature","geometry":{"type":"Point","coordinates":[-84.11943,33.403297]},"properties":{"brand":"Flock Safety"}},{"type":"Feature","geometry":{"type":"Point","coordinates":[-84.490182,33.845925]},"properties":{"brand":"Flock Safety"}},{"type":"Feature","geometry":{"type":"Point","coordinates":[-84.490362,33.845685]},"properties":{"brand":"Flock Safety"}},{"type":"Feature","geometry":{"type":"Point","coordinates":[-84.51825,33.853025]},"properties":{"brand":"Flock Safety"}},{"type":"Feature","geometry":{"type":"Point","coordinates":[-84.516097,33.859661]},"properties":{"brand":"Flock Safety"}},{"type":"Feature","geometry":{"type":"Point","coordinates":[-83.001785,34.075104]},"properties":{"brand":"Flock Safety"}},{"type":"Feature","geometry":{"type":"Point","coordinates":[-83.002192,34.075302]},"properties":{"brand":"Flock Safety"}},{"type":"Feature","geometry":{"type":"Point","coordinates":[-81.214866,34.000797]},"properties":{"brand":"Flock Safety"}},{"type":"Feature","geometry":{"type":"Point","coordinates":[-81.202235,33.97905]},"properties":{"brand":"Flock Safety"}},{"type":"Feature","geometry":{"type":"Point","coordinates":[-81.214384,34.000252]},"properties":{"brand":"Flock Safety"}},{"type":"Feature","geometry":{"type":"Point","coordinates":[-80.890851,33.527585]},"properties":{"brand":"Flock Safety"}},{"type":"Feature","geometry":{"type":"Point","coordinates":[-80.889323,33.527501]},"properties":{"brand":"Flock Safety"}},{"type":"Feature","geometry":{"type":"Point","coordinates":[-84.707214,33.778769]},"properties":{"brand":"Flock Safety"}},{"type":"Feature","geometry":{"type":"Point","coordinates":[-84.706748,33.778186]},"properties":{"brand":"Flock Safety"}},{"type":"Feature","geometry":{"type":"Point","coordinates":[-82.110755,34.288518]},"properties":{"brand":"Flock Safety"}},{"type":"Feature","geometry":{"type":"Point","coordinates":[-84.245057,33.883242]},"properties":{"brand":"Flock Safety"}},{"type":"Feature","geometry":{"type":"Point","coordinates":[-84.903888,34.148216]},"properties":{"brand":"Flock Safety"}},{"type":"Feature","geometry":{"type":"Point","coordinates":[-84.903681,34.154106]},"properties":{"brand":"Flock Safety"}},{"type":"Feature","geometry":{"type":"Point","coordinates":[-84.91251,34.148322]},"properties":{"brand":"Flock Safety"}},{"type":"Feature","geometry":{"type":"Point","coordinates":[-81.984904,33.470536]},"properties":{"brand":"Flock Safety"}},{"type":"Feature","geometry":{"type":"Point","coordinates":[-81.98338,33.47195]},"properties":{"brand":"Flock Safety"}},{"type":"Feature","geometry":{"type":"Point","coordinates":[-81.983196,33.47198]},"properties":{"brand":"Flock Safety"}},{"type":"Feature","geometry":{"type":"Point","coordinates":[-81.983251,33.472324]},"properties":{"brand":"Flock Safety"}},{"type":"Feature","geometry":{"type":"Point","coordinates":[-81.984017,33.470613]},"properties":{"brand":"Flock Safety"}},{"type":"Feature","geometry":{"type":"Point","coordinates":[-81.984067,33.470587]},"properties":{"brand":"Flock Safety"}},{"type":"Feature","geometry":{"type":"Point","coordinates":[-81.984047,33.470635]},"properties":{"brand":"Flock Safety"}},{"type":"Feature","geometry":{"type":"Point","coordinates":[-81.984614,33.469388]},"properties":{"brand":"Flock Safety"}},{"type":"Feature","geometry":{"type":"Point","coordinates":[-81.984554,33.469772]},"properties":{"brand":"Flock Safety"}},{"type":"Feature","geometry":{"type":"Point","coordinates":[-81.984571,33.469739]},"properties":{"brand":"Flock Safety"}},{"type":"Feature","geometry":{"type":"Point","coordinates":[-81.984768,33.469689]},"properties":{"brand":"Genetec"}},{"type":"Feature","geometry":{"type":"Point","coordinates":[-84.252471,33.936297]},"properties":{"brand":"Flock Safety"}},{"type":"Feature","geometry":{"type":"Point","coordinates":[-84.269944,33.920549]},"properties":{"brand":"Flock Safety"}},{"type":"Feature","geometry":{"type":"Point","coordinates":[-84.270021,33.918614]},"properties":{"brand":"Flock Safety"}},{"type":"Feature","geometry":{"type":"Point","coordinates":[-84.273416,33.907593]},"properties":{"brand":"Flock Safety"}},{"type":"Feature","geometry":{"type":"Point","coordinates":[-84.278333,33.903444]},"properties":{"brand":"Flock Safety"}},{"type":"Feature","geometry":{"type":"Point","coordinates":[-85.029787,33.038313]},"properties":{"brand":"Flock Safety"}},{"type":"Feature","geometry":{"type":"Point","coordinates":[-85.029174,33.038661]},"properties":{"brand":"Flock Safety"}},{"type":"Feature","geometry":{"type":"Point","coordinates":[-85.019974,33.039697]},"properties":{"brand":"Flock Safety"}},{"type":"Feature","geometry":{"type":"Point","coordinates":[-84.980981,33.042125]},"properties":{"brand":"Flock Safety"}},{"type":"Feature","geometry":{"type":"Point","coordinates":[-85.019917,33.039771]},"properties":{"brand":"Flock Safety"}},{"type":"Feature","geometry":{"type":"Point","coordinates":[-85.019955,33.039708]},"properties":{"brand":"Flock Safety"}},{"type":"Feature","geometry":{"type":"Point","coordinates":[-84.520675,33.942331]},"properties":{"brand":"Flock Safety"}},{"type":"Feature","geometry":{"type":"Point","coordinates":[-85.028799,33.025192]},"properties":{"brand":"Flock Safety"}},{"type":"Feature","geometry":{"type":"Point","coordinates":[-84.614719,34.092616]},"properties":{"brand":"Axon"}},{"type":"Feature","geometry":{"type":"Point","coordinates":[-84.652845,34.109187]},"properties":{"brand":"Flock Safety"}},{"type":"Feature","geometry":{"type":"Point","coordinates":[-84.929991,34.147469]},"properties":{"brand":"Flock Safety"}},{"type":"Feature","geometry":{"type":"Point","coordinates":[-84.927644,34.147489]},"properties":{"brand":"Flock Safety"}},{"type":"Feature","geometry":{"type":"Point","coordinates":[-84.927617,34.148258]},"properties":{"brand":"Flock Safety"}},{"type":"Feature","geometry":{"type":"Point","coordinates":[-84.184363,33.973101]},"properties":{"brand":"Flock Safety"}},{"type":"Feature","geometry":{"type":"Point","coordinates":[-83.723657,33.807558]},"properties":{"brand":"Flock Safety"}},{"type":"Feature","geometry":{"type":"Point","coordinates":[-83.701373,33.770668]},"properties":{"brand":"Flock Safety"}},{"type":"Feature","geometry":{"type":"Point","coordinates":[-84.747577,33.770129]},"properties":{"brand":"Flock Safety"}},{"type":"Feature","geometry":{"type":"Point","coordinates":[-85.019938,33.041028]},"properties":{"brand":"Flock Safety"}},{"type":"Feature","geometry":{"type":"Point","coordinates":[-85.019842,33.04376]},"properties":{"brand":"Flock Safety"}},{"type":"Feature","geometry":{"type":"Point","coordinates":[-85.019904,33.040468]},"properties":{"brand":"Flock Safety"}},{"type":"Feature","geometry":{"type":"Point","coordinates":[-83.791827,34.315486]},"properties":{"brand":"Flock Safety"}},{"type":"Feature","geometry":{"type":"Point","coordinates":[-83.791827,34.315486]},"properties":{"brand":"Flock Safety"}},{"type":"Feature","geometry":{"type":"Point","coordinates":[-84.985475,33.041795]},"properties":{"brand":"Flock Safety"}},{"type":"Feature","geometry":{"type":"Point","coordinates":[-84.985836,33.053212]},"properties":{"brand":"Flock Safety"}},{"type":"Feature","geometry":{"type":"Point","coordinates":[-84.987014,33.057096]},"properties":{"brand":"Flock Safety"}},{"type":"Feature","geometry":{"type":"Point","coordinates":[-84.91462,33.163652]},"properties":{"brand":"Flock Safety"}},{"type":"Feature","geometry":{"type":"Point","coordinates":[-84.085178,33.991142]},"properties":{"brand":"Flock Safety"}},{"type":"Feature","geometry":{"type":"Point","coordinates":[-84.085009,33.991219]},"properties":{"brand":"Flock Safety"}},{"type":"Feature","geometry":{"type":"Point","coordinates":[-84.085009,33.991219]},"properties":{"brand":"Flock Safety"}},{"type":"Feature","geometry":{"type":"Point","coordinates":[-84.085009,33.991219]},"properties":{"brand":"Flock Safety"}},{"type":"Feature","geometry":{"type":"Point","coordinates":[-83.990344,33.996824]},"properties":{"brand":"Flock Safety"}},{"type":"Feature","geometry":{"type":"Point","coordinates":[-80.877792,35.033692]},"properties":{"brand":"Flock Safety"}},{"type":"Feature","geometry":{"type":"Point","coordinates":[-84.844637,34.825938]},"properties":{"brand":"Flock Safety"}},{"type":"Feature","geometry":{"type":"Point","coordinates":[-84.772209,34.80139]},"properties":{"brand":"Flock Safety"}},{"type":"Feature","geometry":{"type":"Point","coordinates":[-84.836566,34.921301]},"properties":{"brand":"Flock Safety"}},{"type":"Feature","geometry":{"type":"Point","coordinates":[-83.947103,33.963807]},"properties":{"brand":"Flock Safety"}},{"type":"Feature","geometry":{"type":"Point","coordinates":[-83.739501,33.860044]},"properties":{"brand":"Flock Safety"}},{"type":"Feature","geometry":{"type":"Point","coordinates":[-83.922311,33.850977]},"properties":{"brand":"Flock Safety"}},{"type":"Feature","geometry":{"type":"Point","coordinates":[-83.760598,33.804924]},"properties":{"brand":"Flock Safety"}},{"type":"Feature","geometry":{"type":"Point","coordinates":[-83.7963,33.809173]},"properties":{"brand":"Flock Safety"}},{"type":"Feature","geometry":{"type":"Point","coordinates":[-83.874117,33.831292]},"properties":{"brand":"Flock Safety"}},{"type":"Feature","geometry":{"type":"Point","coordinates":[-84.079416,34.002036]},"properties":{"brand":"Flock Safety"}},{"type":"Feature","geometry":{"type":"Point","coordinates":[-84.939155,33.722449]},"properties":{"brand":"Motorola Solutions"}},{"type":"Feature","geometry":{"type":"Point","coordinates":[-83.816691,33.380559]},"properties":{"brand":"Flock Safety"}},{"type":"Feature","geometry":{"type":"Point","coordinates":[-83.683825,33.303818]},"properties":{"brand":"Flock Safety"}},{"type":"Feature","geometry":{"type":"Point","coordinates":[-83.538571,33.375403]},"properties":{"brand":"Flock Safety"}},{"type":"Feature","geometry":{"type":"Point","coordinates":[-84.273982,33.879875]},"properties":{"brand":"Flock Safety"}},{"type":"Feature","geometry":{"type":"Point","coordinates":[-84.229899,33.880717]},"properties":{"brand":"Flock Safety"}},{"type":"Feature","geometry":{"type":"Point","coordinates":[-84.284916,33.88591]},"properties":{"brand":"Flock Safety"}},{"type":"Feature","geometry":{"type":"Point","coordinates":[-84.537161,33.335358]},"properties":{"brand":"Flock Safety"}},{"type":"Feature","geometry":{"type":"Point","coordinates":[-84.536196,33.335929]},"properties":{"brand":"Flock Safety"}},{"type":"Feature","geometry":{"type":"Point","coordinates":[-84.553249,33.296329]},"properties":{"brand":"Flock Safety"}},{"type":"Feature","geometry":{"type":"Point","coordinates":[-84.513207,33.326813]},"properties":{"brand":"Flock Safety"}},{"type":"Feature","geometry":{"type":"Point","coordinates":[-84.522175,33.368511]},"properties":{"brand":"Flock Safety"}},{"type":"Feature","geometry":{"type":"Point","coordinates":[-84.747808,33.223086]},"properties":{"brand":"Flock Safety"}},{"type":"Feature","geometry":{"type":"Point","coordinates":[-83.723085,33.63964]},"properties":{"brand":"Flock Safety"}},{"type":"Feature","geometry":{"type":"Point","coordinates":[-83.742296,33.625488]},"properties":{"brand":"Flock Safety"}},{"type":"Feature","geometry":{"type":"Point","coordinates":[-84.286061,33.894302]},"properties":{"brand":"Flock Safety"}},{"type":"Feature","geometry":{"type":"Point","coordinates":[-84.287855,33.886265]},"properties":{"brand":"Flock Safety"}},{"type":"Feature","geometry":{"type":"Point","coordinates":[-84.287855,33.886265]},"properties":{"brand":"Flock Safety"}},{"type":"Feature","geometry":{"type":"Point","coordinates":[-84.305075,33.886935]},"properties":{"brand":"Flock Safety"}},{"type":"Feature","geometry":{"type":"Point","coordinates":[-83.846546,33.430676]},"properties":{"brand":"Flock Safety"}},{"type":"Feature","geometry":{"type":"Point","coordinates":[-83.845169,33.455301]},"properties":{"brand":"Flock Safety"}},{"type":"Feature","geometry":{"type":"Point","coordinates":[-83.846669,33.462481]},"properties":{"brand":"Flock Safety"}},{"type":"Feature","geometry":{"type":"Point","coordinates":[-83.853369,33.500708]},"properties":{"brand":"Flock Safety"}},{"type":"Feature","geometry":{"type":"Point","coordinates":[-83.849537,33.570826]},"properties":{"brand":"Flock Safety"}},{"type":"Feature","geometry":{"type":"Point","coordinates":[-83.838656,33.576076]},"properties":{"brand":"Flock Safety"}},{"type":"Feature","geometry":{"type":"Point","coordinates":[-83.82385,33.613931]},"properties":{"brand":"Flock Safety"}},{"type":"Feature","geometry":{"type":"Point","coordinates":[-84.520896,33.265741]},"properties":{"brand":"Flock Safety"}},{"type":"Feature","geometry":{"type":"Point","coordinates":[-84.558743,33.296892]},"properties":{"brand":"Flock Safety"}},{"type":"Feature","geometry":{"type":"Point","coordinates":[-84.088096,33.986038]},"properties":{"brand":"Flock Safety"}},{"type":"Feature","geometry":{"type":"Point","coordinates":[-84.590769,33.298502]},"properties":{"brand":"Flock Safety"}},{"type":"Feature","geometry":{"type":"Point","coordinates":[-84.080673,34.30686]},"properties":{"brand":"Flock Safety"}},{"type":"Feature","geometry":{"type":"Point","coordinates":[-84.627016,33.322319]},"properties":{"brand":"Flock Safety"}},{"type":"Feature","geometry":{"type":"Point","coordinates":[-81.188253,34.098241]},"properties":{"brand":"Flock Safety"}},{"type":"Feature","geometry":{"type":"Point","coordinates":[-84.49849,33.815499]},"properties":{"brand":"Flock Safety"}},{"type":"Feature","geometry":{"type":"Point","coordinates":[-84.498678,33.816794]},"properties":{"brand":"Flock Safety"}},{"type":"Feature","geometry":{"type":"Point","coordinates":[-84.498495,33.817084]},"properties":{"brand":"Flock Safety"}},{"type":"Feature","geometry":{"type":"Point","coordinates":[-84.497869,33.817463]},"properties":{"brand":"Flock Safety"}},{"type":"Feature","geometry":{"type":"Point","coordinates":[-84.747539,33.223]},"properties":{"brand":"Flock Safety"}},{"type":"Feature","geometry":{"type":"Point","coordinates":[-84.499207,33.815706]},"properties":{"brand":"Flock Safety"}},{"type":"Feature","geometry":{"type":"Point","coordinates":[-83.691072,32.912053]},"properties":{"brand":"Flock Safety"}},{"type":"Feature","geometry":{"type":"Point","coordinates":[-84.300973,33.893603]},"properties":{"brand":"Flock Safety"}},{"type":"Feature","geometry":{"type":"Point","coordinates":[-84.300997,33.893613]},"properties":{"brand":"Flock Safety"}},{"type":"Feature","geometry":{"type":"Point","coordinates":[-81.162439,34.085406]},"properties":{"brand":"Motorola Solutions"}},{"type":"Feature","geometry":{"type":"Point","coordinates":[-81.172585,34.086515]},"properties":{"brand":"Flock Safety"}},{"type":"Feature","geometry":{"type":"Point","coordinates":[-83.850222,33.570658]},"properties":{"brand":"Flock Safety"}},{"type":"Feature","geometry":{"type":"Point","coordinates":[-83.849672,33.569462]},"properties":{"brand":"Flock Safety"}},{"type":"Feature","geometry":{"type":"Point","coordinates":[-81.975793,33.478919]},"properties":{"brand":"Flock Safety"}},{"type":"Feature","geometry":{"type":"Point","coordinates":[-81.189476,34.087889]},"properties":{"brand":"Flock Safety"}},{"type":"Feature","geometry":{"type":"Point","coordinates":[-81.974732,33.480251]},"properties":{"brand":"Flock Safety"}},{"type":"Feature","geometry":{"type":"Point","coordinates":[-81.974783,33.480273]},"properties":{"brand":"Flock Safety"}},{"type":"Feature","geometry":{"type":"Point","coordinates":[-83.848215,33.469378]},"properties":{"brand":"Flock Safety"}},{"type":"Feature","geometry":{"type":"Point","coordinates":[-83.847853,33.468113]},"properties":{"brand":"Flock Safety"}},{"type":"Feature","geometry":{"type":"Point","coordinates":[-83.845913,33.459851]},"properties":{"brand":"Flock Safety"}},{"type":"Feature","geometry":{"type":"Point","coordinates":[-81.211897,34.109245]},"properties":{"brand":"Flock Safety"}},{"type":"Feature","geometry":{"type":"Point","coordinates":[-84.575084,33.221826]},"properties":{"brand":"Flock Safety"}},{"type":"Feature","geometry":{"type":"Point","coordinates":[-84.406665,33.844764]},"properties":{"brand":"Flock Safety"}},{"type":"Feature","geometry":{"type":"Point","coordinates":[-84.401284,33.823784]},"properties":{"brand":"Flock Safety"}},{"type":"Feature","geometry":{"type":"Point","coordinates":[-84.481874,33.834958]},"properties":{"brand":"Flock Safety"}},{"type":"Feature","geometry":{"type":"Point","coordinates":[-84.482135,33.834878]},"properties":{"brand":"Flock Safety"}},{"type":"Feature","geometry":{"type":"Point","coordinates":[-84.474121,33.839015]},"properties":{"brand":"Flock Safety"}},{"type":"Feature","geometry":{"type":"Point","coordinates":[-84.474156,33.838804]},"properties":{"brand":"Flock Safety"}},{"type":"Feature","geometry":{"type":"Point","coordinates":[-84.473472,33.839787]},"properties":{"brand":"Flock Safety"}},{"type":"Feature","geometry":{"type":"Point","coordinates":[-83.59457,34.453667]},"properties":{"brand":"Flock Safety"}},{"type":"Feature","geometry":{"type":"Point","coordinates":[-83.592748,34.452729]},"properties":{"brand":"Flock Safety"}},{"type":"Feature","geometry":{"type":"Point","coordinates":[-83.604022,34.454321]},"properties":{"brand":"Flock Safety"}},{"type":"Feature","geometry":{"type":"Point","coordinates":[-83.598396,34.468652]},"properties":{"brand":"Flock Safety"}},{"type":"Feature","geometry":{"type":"Point","coordinates":[-84.49313,33.834599]},"properties":{"brand":"Flock Safety"}},{"type":"Feature","geometry":{"type":"Point","coordinates":[-84.49196,33.83481]},"properties":{"brand":"Flock Safety"}},{"type":"Feature","geometry":{"type":"Point","coordinates":[-84.488971,33.829726]},"properties":{"brand":"Flock Safety"}},{"type":"Feature","geometry":{"type":"Point","coordinates":[-81.151458,34.081335]},"properties":{"brand":"Flock Safety"}},{"type":"Feature","geometry":{"type":"Point","coordinates":[-81.15064,34.080245]},"properties":{"brand":"Flock Safety"}},{"type":"Feature","geometry":{"type":"Point","coordinates":[-84.472393,33.838438]},"properties":{"brand":"Flock Safety"}},{"type":"Feature","geometry":{"type":"Point","coordinates":[-84.472574,33.838139]},"properties":{"brand":"Flock Safety"}},{"type":"Feature","geometry":{"type":"Point","coordinates":[-84.492746,33.864551]},"properties":{"brand":"Flock Safety"}},{"type":"Feature","geometry":{"type":"Point","coordinates":[-84.470324,33.836248]},"properties":{"brand":"Flock Safety"}},{"type":"Feature","geometry":{"type":"Point","coordinates":[-84.470028,33.835596]},"properties":{"brand":"Flock Safety"}},{"type":"Feature","geometry":{"type":"Point","coordinates":[-84.661381,33.900721]},"properties":{"brand":"Flock Safety"}},{"type":"Feature","geometry":{"type":"Point","coordinates":[-84.663499,33.90156]},"properties":{"brand":"Flock Safety"}},{"type":"Feature","geometry":{"type":"Point","coordinates":[-81.956596,33.472963]},"properties":{"brand":"Flock Safety"}},{"type":"Feature","geometry":{"type":"Point","coordinates":[-84.490686,33.849365]},"properties":{"brand":"Flock Safety"}},{"type":"Feature","geometry":{"type":"Point","coordinates":[-84.49839,33.87238]},"properties":{"brand":"Flock Safety"}},{"type":"Feature","geometry":{"type":"Point","coordinates":[-84.436664,33.802535]},"properties":{"brand":"Flock Safety"}},{"type":"Feature","geometry":{"type":"Point","coordinates":[-84.209763,33.990881]},"properties":{"brand":"Flock Safety"}},{"type":"Feature","geometry":{"type":"Point","coordinates":[-84.209384,33.992155]},"properties":{"brand":"Flock Safety"}},{"type":"Feature","geometry":{"type":"Point","coordinates":[-84.740447,33.210409]},"properties":{"brand":"Flock Safety"}},{"type":"Feature","geometry":{"type":"Point","coordinates":[-82.408174,34.893437]},"properties":{"brand":"Flock Safety"}},{"type":"Feature","geometry":{"type":"Point","coordinates":[-82.798057,34.664848]},"properties":{"brand":"Flock Safety"}},{"type":"Feature","geometry":{"type":"Point","coordinates":[-84.30098,33.893606]},"properties":{"brand":"Flock Safety"}},{"type":"Feature","geometry":{"type":"Point","coordinates":[-84.202674,33.88048]},"properties":{"brand":"Flock Safety"}},{"type":"Feature","geometry":{"type":"Point","coordinates":[-80.939333,35.048925]},"properties":{"brand":"Flock Safety"}},{"type":"Feature","geometry":{"type":"Point","coordinates":[-84.00986,33.467416]},"properties":{"brand":"Flock Safety"}},{"type":"Feature","geometry":{"type":"Point","coordinates":[-84.28958,33.898165]},"properties":{"brand":"Flock Safety"}},{"type":"Feature","geometry":{"type":"Point","coordinates":[-84.299378,33.893917]},"properties":{"brand":"Flock Safety"}},{"type":"Feature","geometry":{"type":"Point","coordinates":[-84.354917,34.172061]},"properties":{"brand":"Flock Safety"}},{"type":"Feature","geometry":{"type":"Point","coordinates":[-83.72508,33.763903]},"properties":{"brand":"Flock Safety"}},{"type":"Feature","geometry":{"type":"Point","coordinates":[-83.790641,33.667235]},"properties":{"brand":"Flock Safety"}},{"type":"Feature","geometry":{"type":"Point","coordinates":[-83.79036,33.667253]},"properties":{"brand":"Flock Safety"}},{"type":"Feature","geometry":{"type":"Point","coordinates":[-84.28787,34.16244]},"properties":{"brand":"Flock Safety"}},{"type":"Feature","geometry":{"type":"Point","coordinates":[-84.311849,34.06658]},"properties":{"brand":"Flock Safety"}},{"type":"Feature","geometry":{"type":"Point","coordinates":[-84.311998,34.065168]},"properties":{"brand":"Flock Safety"}},{"type":"Feature","geometry":{"type":"Point","coordinates":[-84.32612,34.019675]},"properties":{"brand":"Flock Safety"}},{"type":"Feature","geometry":{"type":"Point","coordinates":[-80.939333,35.048925]},"properties":{"brand":"Flock Safety"}},{"type":"Feature","geometry":{"type":"Point","coordinates":[-84.382578,33.855727]},"properties":{"brand":"Flock Safety"}},{"type":"Feature","geometry":{"type":"Point","coordinates":[-84.411377,33.864842]},"properties":{"brand":"Flock Safety"}},{"type":"Feature","geometry":{"type":"Point","coordinates":[-84.429174,33.867466]},"properties":{"brand":"Motorola Solutions"}},{"type":"Feature","geometry":{"type":"Point","coordinates":[-84.438818,33.866201]},"properties":{"brand":"Flock Safety"}},{"type":"Feature","geometry":{"type":"Point","coordinates":[-84.456896,33.870936]},"properties":{"brand":"Flock Safety"}},{"type":"Feature","geometry":{"type":"Point","coordinates":[-84.457621,33.870582]},"properties":{"brand":"Flock Safety"}},{"type":"Feature","geometry":{"type":"Point","coordinates":[-85.031977,33.038664]},"properties":{"brand":"Motorola Solutions"}},{"type":"Feature","geometry":{"type":"Point","coordinates":[-85.035241,33.034364]},"properties":{"brand":"Flock Safety"}},{"type":"Feature","geometry":{"type":"Point","coordinates":[-85.035777,33.034312]},"properties":{"brand":"Flock Safety"}},{"type":"Feature","geometry":{"type":"Point","coordinates":[-84.481685,33.863436]},"properties":{"brand":"Leonardo"}},{"type":"Feature","geometry":{"type":"Point","coordinates":[-84.174581,33.933866]},"properties":{"brand":"Flock Safety"}},{"type":"Feature","geometry":{"type":"Point","coordinates":[-84.347048,33.929042]},"properties":{"brand":"Flock Safety"}},{"type":"Feature","geometry":{"type":"Point","coordinates":[-84.325107,33.875711]},"properties":{"brand":"Flock Safety"}},{"type":"Feature","geometry":{"type":"Point","coordinates":[-84.334551,33.873087]},"properties":{"brand":"Flock Safety"}},{"type":"Feature","geometry":{"type":"Point","coordinates":[-84.57795,33.835883]},"properties":{"brand":"Flock Safety"}},{"type":"Feature","geometry":{"type":"Point","coordinates":[-84.577925,33.835642]},"properties":{"brand":"Flock Safety"}},{"type":"Feature","geometry":{"type":"Point","coordinates":[-84.578794,33.83599]},"properties":{"brand":"Flock Safety"}},{"type":"Feature","geometry":{"type":"Point","coordinates":[-84.578945,33.836224]},"properties":{"brand":"Flock Safety"}},{"type":"Feature","geometry":{"type":"Point","coordinates":[-84.577468,33.839127]},"properties":{"brand":"Flock Safety"}},{"type":"Feature","geometry":{"type":"Point","coordinates":[-84.577482,33.839027]},"properties":{"brand":"Flock Safety"}},{"type":"Feature","geometry":{"type":"Point","coordinates":[-84.578255,33.839605]},"properties":{"brand":"Flock Safety"}},{"type":"Feature","geometry":{"type":"Point","coordinates":[-84.578505,33.839715]},"properties":{"brand":"Flock Safety"}},{"type":"Feature","geometry":{"type":"Point","coordinates":[-84.938924,34.161496]},"properties":{"brand":"Flock Safety"}},{"type":"Feature","geometry":{"type":"Point","coordinates":[-84.289863,33.9085]},"properties":{"brand":"Flock Safety"}},{"type":"Feature","geometry":{"type":"Point","coordinates":[-84.2899,33.908498]},"properties":{"brand":"Flock Safety"}},{"type":"Feature","geometry":{"type":"Point","coordinates":[-84.577134,34.087612]},"properties":{"brand":"Flock Safety"}},{"type":"Feature","geometry":{"type":"Point","coordinates":[-83.745238,32.586745]},"properties":{"brand":""}},{"type":"Feature","geometry":{"type":"Point","coordinates":[-83.79357,32.607773]},"properties":{"brand":""}},{"type":"Feature","geometry":{"type":"Point","coordinates":[-83.786956,32.644344]},"properties":{"brand":""}},{"type":"Feature","geometry":{"type":"Point","coordinates":[-83.765671,32.640402]},"properties":{"brand":""}},{"type":"Feature","geometry":{"type":"Point","coordinates":[-83.545837,33.354939]},"properties":{"brand":"Flock Safety"}},{"type":"Feature","geometry":{"type":"Point","coordinates":[-80.8612,35.016434]},"properties":{"brand":"Flock Safety"}},{"type":"Feature","geometry":{"type":"Point","coordinates":[-80.874037,35.029392]},"properties":{"brand":"Flock Safety"}},{"type":"Feature","geometry":{"type":"Point","coordinates":[-84.343901,34.03712]},"properties":{"brand":"Flock Safety"}},{"type":"Feature","geometry":{"type":"Point","coordinates":[-80.911623,35.032018]},"properties":{"brand":"Flock Safety"}},{"type":"Feature","geometry":{"type":"Point","coordinates":[-80.91381,35.038496]},"properties":{"brand":"Flock Safety"}},{"type":"Feature","geometry":{"type":"Point","coordinates":[-80.915875,35.042034]},"properties":{"brand":"Flock Safety"}},{"type":"Feature","geometry":{"type":"Point","coordinates":[-84.334876,33.81991]},"properties":{"brand":"Flock Safety"}},{"type":"Feature","geometry":{"type":"Point","coordinates":[-83.860165,33.633763]},"properties":{"brand":"Flock Safety"}},{"type":"Feature","geometry":{"type":"Point","coordinates":[-81.956353,33.473957]},"properties":{"brand":"Flock Safety"}},{"type":"Feature","geometry":{"type":"Point","coordinates":[-84.203354,33.880732]},"properties":{"brand":"Flock Safety"}},{"type":"Feature","geometry":{"type":"Point","coordinates":[-84.393446,33.89071]},"properties":{"brand":"Flock Safety"}},{"type":"Feature","geometry":{"type":"Point","coordinates":[-84.364171,33.932655]},"properties":{"brand":"Flock Safety"}},{"type":"Feature","geometry":{"type":"Point","coordinates":[-84.397767,33.888209]},"properties":{"brand":"Flock Safety"}},{"type":"Feature","geometry":{"type":"Point","coordinates":[-84.383582,34.05887]},"properties":{"brand":"Flock Safety"}},{"type":"Feature","geometry":{"type":"Point","coordinates":[-84.383582,34.05887]},"properties":{"brand":"Flock Safety"}},{"type":"Feature","geometry":{"type":"Point","coordinates":[-84.38681,34.060428]},"properties":{"brand":"Flock Safety"}},{"type":"Feature","geometry":{"type":"Point","coordinates":[-84.397093,33.887374]},"properties":{"brand":"Flock Safety"}},{"type":"Feature","geometry":{"type":"Point","coordinates":[-84.36447,33.934356]},"properties":{"brand":"Flock Safety"}},{"type":"Feature","geometry":{"type":"Point","coordinates":[-84.272812,33.907787]},"properties":{"brand":"Flock Safety"}},{"type":"Feature","geometry":{"type":"Point","coordinates":[-84.338842,33.828211]},"properties":{"brand":"Genetec"}},{"type":"Feature","geometry":{"type":"Point","coordinates":[-84.375046,33.940702]},"properties":{"brand":"Flock Safety"}},{"type":"Feature","geometry":{"type":"Point","coordinates":[-84.377512,33.938403]},"properties":{"brand":"Flock Safety"}},{"type":"Feature","geometry":{"type":"Point","coordinates":[-84.349893,33.713098]},"properties":{"brand":"Flock Safety"}},{"type":"Feature","geometry":{"type":"Point","coordinates":[-84.349749,33.713045]},"properties":{"brand":"Flock Safety"}},{"type":"Feature","geometry":{"type":"Point","coordinates":[-82.295326,34.722821]},"properties":{"brand":"Flock Safety"}},{"type":"Feature","geometry":{"type":"Point","coordinates":[-84.708462,33.869075]},"properties":{"brand":"Flock Safety"}},{"type":"Feature","geometry":{"type":"Point","coordinates":[-84.597589,34.052697]},"properties":{"brand":"Flock Safety"}},{"type":"Feature","geometry":{"type":"Point","coordinates":[-81.237987,34.124473]},"properties":{"brand":"Flock Safety"}},{"type":"Feature","geometry":{"type":"Point","coordinates":[-84.304957,33.919409]},"properties":{"brand":"Flock Safety"}},{"type":"Feature","geometry":{"type":"Point","coordinates":[-84.429267,33.904994]},"properties":{"brand":"Flock Safety"}},{"type":"Feature","geometry":{"type":"Point","coordinates":[-84.142685,34.202092]},"properties":{"brand":"Flock Safety"}},{"type":"Feature","geometry":{"type":"Point","coordinates":[-85.260254,34.818319]},"properties":{"brand":"Flock Safety"}},{"type":"Feature","geometry":{"type":"Point","coordinates":[-85.260112,34.810155]},"properties":{"brand":"Flock Safety"}},{"type":"Feature","geometry":{"type":"Point","coordinates":[-85.261835,34.80203]},"properties":{"brand":"Flock Safety"}},{"type":"Feature","geometry":{"type":"Point","coordinates":[-81.156584,34.073782]},"properties":{"brand":"Motorola Solutions"}},{"type":"Feature","geometry":{"type":"Point","coordinates":[-84.50892,34.640327]},"properties":{"brand":"Flock Safety"}},{"type":"Feature","geometry":{"type":"Point","coordinates":[-85.029025,33.039571]},"properties":{"brand":"Flock Safety"}},{"type":"Feature","geometry":{"type":"Point","coordinates":[-85.014393,33.046935]},"properties":{"brand":"Flock Safety"}},{"type":"Feature","geometry":{"type":"Point","coordinates":[-85.01414,33.047965]},"properties":{"brand":"Flock Safety"}},{"type":"Feature","geometry":{"type":"Point","coordinates":[-84.986264,33.056699]},"properties":{"brand":"Flock Safety"}},{"type":"Feature","geometry":{"type":"Point","coordinates":[-81.166607,34.087526]},"properties":{"brand":"Flock Safety"}},{"type":"Feature","geometry":{"type":"Point","coordinates":[-84.541706,33.784544]},"properties":{"brand":"Flock Safety"}},{"type":"Feature","geometry":{"type":"Point","coordinates":[-84.543926,33.786069]},"properties":{"brand":"Flock Safety"}},{"type":"Feature","geometry":{"type":"Point","coordinates":[-84.557673,33.791838]},"properties":{"brand":"Flock Safety"}},{"type":"Feature","geometry":{"type":"Point","coordinates":[-84.555694,33.791347]},"properties":{"brand":"Flock Safety"}},{"type":"Feature","geometry":{"type":"Point","coordinates":[-84.52412,33.767614]},"properties":{"brand":"Flock Safety"}},{"type":"Feature","geometry":{"type":"Point","coordinates":[-84.537416,33.779383]},"properties":{"brand":"Flock Safety"}},{"type":"Feature","geometry":{"type":"Point","coordinates":[-84.496374,33.791011]},"properties":{"brand":"Flock Safety"}},{"type":"Feature","geometry":{"type":"Point","coordinates":[-84.491443,33.78596]},"properties":{"brand":"Flock Safety"}},{"type":"Feature","geometry":{"type":"Point","coordinates":[-84.529621,33.765118]},"properties":{"brand":"Flock Safety"}},{"type":"Feature","geometry":{"type":"Point","coordinates":[-84.549735,33.788313]},"properties":{"brand":"Flock Safety"}},{"type":"Feature","geometry":{"type":"Point","coordinates":[-84.53924,33.84265]},"properties":{"brand":"Flock Safety"}},{"type":"Feature","geometry":{"type":"Point","coordinates":[-85.159687,34.227757]},"properties":{"brand":"Flock Safety"}},{"type":"Feature","geometry":{"type":"Point","coordinates":[-84.533878,33.795932]},"properties":{"brand":"Flock Safety"}},{"type":"Feature","geometry":{"type":"Point","coordinates":[-84.533751,33.795917]},"properties":{"brand":"Flock Safety"}},{"type":"Feature","geometry":{"type":"Point","coordinates":[-84.524324,33.851602]},"properties":{"brand":"Flock Safety"}},{"type":"Feature","geometry":{"type":"Point","coordinates":[-84.537319,33.787799]},"properties":{"brand":"Flock Safety"}},{"type":"Feature","geometry":{"type":"Point","coordinates":[-84.539529,33.799554]},"properties":{"brand":"Flock Safety"}},{"type":"Feature","geometry":{"type":"Point","coordinates":[-84.538454,33.800884]},"properties":{"brand":"Flock Safety"}},{"type":"Feature","geometry":{"type":"Point","coordinates":[-84.540975,34.081957]},"properties":{"brand":"Flock Safety"}},{"type":"Feature","geometry":{"type":"Point","coordinates":[-84.537325,33.833965]},"properties":{"brand":"Flock Safety"}},{"type":"Feature","geometry":{"type":"Point","coordinates":[-84.556584,33.818581]},"properties":{"brand":"Flock Safety"}},{"type":"Feature","geometry":{"type":"Point","coordinates":[-84.556591,33.818579]},"properties":{"brand":"Flock Safety"}},{"type":"Feature","geometry":{"type":"Point","coordinates":[-84.21179,34.306212]},"properties":{"brand":"Flock Safety"}},{"type":"Feature","geometry":{"type":"Point","coordinates":[-85.328025,34.259247]},"properties":{"brand":"Flock Safety"}},{"type":"Feature","geometry":{"type":"Point","coordinates":[-85.319398,34.260947]},"properties":{"brand":"Flock Safety"}},{"type":"Feature","geometry":{"type":"Point","coordinates":[-83.771125,33.574073]},"properties":{"brand":"Flock Safety"}},{"type":"Feature","geometry":{"type":"Point","coordinates":[-81.208929,34.98453]},"properties":{"brand":"Flock Safety"}},{"type":"Feature","geometry":{"type":"Point","coordinates":[-81.211233,34.984224]},"properties":{"brand":"Flock Safety"}},{"type":"Feature","geometry":{"type":"Point","coordinates":[-84.379628,33.822874]},"properties":{"brand":"Flock Safety"}},{"type":"Feature","geometry":{"type":"Point","coordinates":[-84.387466,33.822783]},"properties":{"brand":"Flock Safety"}},{"type":"Feature","geometry":{"type":"Point","coordinates":[-84.387436,33.82278]},"properties":{"brand":"Flock Safety"}},{"type":"Feature","geometry":{"type":"Point","coordinates":[-84.386287,33.82288]},"properties":{"brand":"Flock Safety"}},{"type":"Feature","geometry":{"type":"Point","coordinates":[-84.387603,33.822826]},"properties":{"brand":"Flock Safety"}},{"type":"Feature","geometry":{"type":"Point","coordinates":[-84.38754,33.825085]},"properties":{"brand":"Flock Safety"}},{"type":"Feature","geometry":{"type":"Point","coordinates":[-84.38755,33.828755]},"properties":{"brand":"Motorola Solutions"}},{"type":"Feature","geometry":{"type":"Point","coordinates":[-84.387562,33.828727]},"properties":{"brand":"Flock Safety"}},{"type":"Feature","geometry":{"type":"Point","coordinates":[-84.387559,33.828727]},"properties":{"brand":"Flock Safety"}},{"type":"Feature","geometry":{"type":"Point","coordinates":[-84.387578,33.828741]},"properties":{"brand":"Motorola Solutions"}},{"type":"Feature","geometry":{"type":"Point","coordinates":[-84.380668,33.828428]},"properties":{"brand":"Flock Safety"}},{"type":"Feature","geometry":{"type":"Point","coordinates":[-84.385131,33.828701]},"properties":{"brand":"Flock Safety"}},{"type":"Feature","geometry":{"type":"Point","coordinates":[-84.387538,33.827536]},"properties":{"brand":"Flock Safety"}},{"type":"Feature","geometry":{"type":"Point","coordinates":[-84.388391,33.819726]},"properties":{"brand":"Flock Safety"}},{"type":"Feature","geometry":{"type":"Point","coordinates":[-84.393477,33.809149]},"properties":{"brand":"Flock Safety"}},{"type":"Feature","geometry":{"type":"Point","coordinates":[-84.386389,33.792408]},"properties":{"brand":"Flock Safety"}},{"type":"Feature","geometry":{"type":"Point","coordinates":[-84.384389,33.786574]},"properties":{"brand":"Flock Safety"}},{"type":"Feature","geometry":{"type":"Point","coordinates":[-85.02908,33.047922]},"properties":{"brand":"Flock Safety"}},{"type":"Feature","geometry":{"type":"Point","coordinates":[-85.028869,33.049419]},"properties":{"brand":"Flock Safety"}},{"type":"Feature","geometry":{"type":"Point","coordinates":[-85.027367,33.049257]},"properties":{"brand":"Flock Safety"}},{"type":"Feature","geometry":{"type":"Point","coordinates":[-84.457408,33.698735]},"properties":{"brand":"Flock Safety"}},{"type":"Feature","geometry":{"type":"Point","coordinates":[-84.457408,33.698735]},"properties":{"brand":"Flock Safety"}},{"type":"Feature","geometry":{"type":"Point","coordinates":[-81.180989,34.101445]},"properties":{"brand":"Flock Safety"}},{"type":"Feature","geometry":{"type":"Point","coordinates":[-85.013492,33.047962]},"properties":{"brand":"Flock Safety"}},{"type":"Feature","geometry":{"type":"Point","coordinates":[-84.364843,33.821358]},"properties":{"brand":"Flock Safety"}},{"type":"Feature","geometry":{"type":"Point","coordinates":[-84.363525,33.821634]},"properties":{"brand":"Flock Safety"}},{"type":"Feature","geometry":{"type":"Point","coordinates":[-83.835468,33.633295]},"properties":{"brand":"Flock Safety"}},{"type":"Feature","geometry":{"type":"Point","coordinates":[-83.824744,33.631867]},"properties":{"brand":"Flock Safety"}},{"type":"Feature","geometry":{"type":"Point","coordinates":[-83.608888,33.785072]},"properties":{"brand":"Flock Safety"}},{"type":"Feature","geometry":{"type":"Point","coordinates":[-83.608911,33.784831]},"properties":{"brand":"Flock Safety"}},{"type":"Feature","geometry":{"type":"Point","coordinates":[-83.60993,33.784804]},"properties":{"brand":"Flock Safety"}},{"type":"Feature","geometry":{"type":"Point","coordinates":[-83.550253,33.760557]},"properties":{"brand":"Flock Safety"}},{"type":"Feature","geometry":{"type":"Point","coordinates":[-84.279351,34.102028]},"properties":{"brand":"Flock Safety"}},{"type":"Feature","geometry":{"type":"Point","coordinates":[-84.279581,34.09395]},"properties":{"brand":"Flock Safety"}},{"type":"Feature","geometry":{"type":"Point","coordinates":[-81.120266,34.070852]},"properties":{"brand":"Flock Safety"}},{"type":"Feature","geometry":{"type":"Point","coordinates":[-84.273358,34.089096]},"properties":{"brand":"Flock Safety"}},{"type":"Feature","geometry":{"type":"Point","coordinates":[-81.11537,34.064449]},"properties":{"brand":"Motorola Solutions"}},{"type":"Feature","geometry":{"type":"Point","coordinates":[-81.11537,34.064449]},"properties":{"brand":"Motorola Solutions"}},{"type":"Feature","geometry":{"type":"Point","coordinates":[-84.274834,34.090368]},"properties":{"brand":"Flock Safety"}},{"type":"Feature","geometry":{"type":"Point","coordinates":[-84.412335,33.780333]},"properties":{"brand":"Flock Safety"}},{"type":"Feature","geometry":{"type":"Point","coordinates":[-84.524326,33.90152]},"properties":{"brand":"Flock Safety"}},{"type":"Feature","geometry":{"type":"Point","coordinates":[-84.404268,33.781574]},"properties":{"brand":"Genetec"}},{"type":"Feature","geometry":{"type":"Point","coordinates":[-84.404268,33.781574]},"properties":{"brand":"Genetec"}},{"type":"Feature","geometry":{"type":"Point","coordinates":[-84.404268,33.781574]},"properties":{"brand":"Genetec"}},{"type":"Feature","geometry":{"type":"Point","coordinates":[-84.404268,33.781574]},"properties":{"brand":"Genetec"}},{"type":"Feature","geometry":{"type":"Point","coordinates":[-84.397688,33.781462]},"properties":{"brand":"Genetec"}},{"type":"Feature","geometry":{"type":"Point","coordinates":[-84.407322,33.781597]},"properties":{"brand":"Genetec"}},{"type":"Feature","geometry":{"type":"Point","coordinates":[-84.854784,34.219292]},"properties":{"brand":"Flock Safety"}},{"type":"Feature","geometry":{"type":"Point","coordinates":[-84.510471,33.805471]},"properties":{"brand":"Flock Safety"}},{"type":"Feature","geometry":{"type":"Point","coordinates":[-84.507469,33.807984]},"properties":{"brand":"Flock Safety"}},{"type":"Feature","geometry":{"type":"Point","coordinates":[-84.504518,33.812001]},"properties":{"brand":"Flock Safety"}},{"type":"Feature","geometry":{"type":"Point","coordinates":[-84.52354,33.823136]},"properties":{"brand":"Flock Safety"}},{"type":"Feature","geometry":{"type":"Point","coordinates":[-84.579012,33.872888]},"properties":{"brand":"Flock Safety"}},{"type":"Feature","geometry":{"type":"Point","coordinates":[-84.567085,33.888576]},"properties":{"brand":"Flock Safety"}},{"type":"Feature","geometry":{"type":"Point","coordinates":[-84.565886,33.89484]},"properties":{"brand":"Flock Safety"}},{"type":"Feature","geometry":{"type":"Point","coordinates":[-84.566731,33.89504]},"properties":{"brand":"Flock Safety"}},{"type":"Feature","geometry":{"type":"Point","coordinates":[-83.759586,34.542651]},"properties":{"brand":"Flock Safety"}},{"type":"Feature","geometry":{"type":"Point","coordinates":[-83.759539,34.541817]},"properties":{"brand":"Flock Safety"}},{"type":"Feature","geometry":{"type":"Point","coordinates":[-84.090254,33.989731]},"properties":{"brand":"Flock Safety"}},{"type":"Feature","geometry":{"type":"Point","coordinates":[-83.691844,34.395703]},"properties":{"brand":"Flock Safety"}},{"type":"Feature","geometry":{"type":"Point","coordinates":[-80.915067,35.008593]},"properties":{"brand":"Flock Safety"}},{"type":"Feature","geometry":{"type":"Point","coordinates":[-80.931751,35.012735]},"properties":{"brand":"Flock Safety"}},{"type":"Feature","geometry":{"type":"Point","coordinates":[-82.598439,34.851542]},"properties":{"brand":"Flock Safety"}},{"type":"Feature","geometry":{"type":"Point","coordinates":[-82.643744,34.842357]},"properties":{"brand":"Flock Safety"}},{"type":"Feature","geometry":{"type":"Point","coordinates":[-82.64447,34.842051]},"properties":{"brand":"Flock Safety"}},{"type":"Feature","geometry":{"type":"Point","coordinates":[-84.908419,33.170941]},"properties":{"brand":"Flock Safety"}},{"type":"Feature","geometry":{"type":"Point","coordinates":[-84.893722,33.164603]},"properties":{"brand":"Flock Safety"}},{"type":"Feature","geometry":{"type":"Point","coordinates":[-84.879331,33.162537]},"properties":{"brand":"Flock Safety"}},{"type":"Feature","geometry":{"type":"Point","coordinates":[-84.862519,33.159473]},"properties":{"brand":"Flock Safety"}},{"type":"Feature","geometry":{"type":"Point","coordinates":[-84.470578,34.557076]},"properties":{"brand":"Flock Safety"}},{"type":"Feature","geometry":{"type":"Point","coordinates":[-84.032705,33.853817]},"properties":{"brand":"Flock Safety"}},{"type":"Feature","geometry":{"type":"Point","coordinates":[-84.541525,33.902587]},"properties":{"brand":"Flock Safety"}},{"type":"Feature","geometry":{"type":"Point","coordinates":[-84.393537,33.781534]},"properties":{"brand":"Flock Safety"}},{"type":"Feature","geometry":{"type":"Point","coordinates":[-84.393537,33.781534]},"properties":{"brand":"Flock Safety"}},{"type":"Feature","geometry":{"type":"Point","coordinates":[-84.280777,34.093356]},"properties":{"brand":"Flock Safety"}},{"type":"Feature","geometry":{"type":"Point","coordinates":[-84.085148,34.036378]},"properties":{"brand":"Flock Safety"}},{"type":"Feature","geometry":{"type":"Point","coordinates":[-84.500092,34.507753]},"properties":{"brand":"Flock Safety"}},{"type":"Feature","geometry":{"type":"Point","coordinates":[-84.750965,34.013238]},"properties":{"brand":"Flock Safety"}},{"type":"Feature","geometry":{"type":"Point","coordinates":[-84.563137,33.77605]},"properties":{"brand":"Flock Safety"}},{"type":"Feature","geometry":{"type":"Point","coordinates":[-84.56328,33.776408]},"properties":{"brand":"Flock Safety"}},{"type":"Feature","geometry":{"type":"Point","coordinates":[-84.574171,33.778453]},"properties":{"brand":"Flock Safety"}},{"type":"Feature","geometry":{"type":"Point","coordinates":[-84.574379,33.778259]},"properties":{"brand":"Flock Safety"}},{"type":"Feature","geometry":{"type":"Point","coordinates":[-84.55724,33.786736]},"properties":{"brand":"Flock Safety"}},{"type":"Feature","geometry":{"type":"Point","coordinates":[-84.564273,33.788913]},"properties":{"brand":"Flock Safety"}},{"type":"Feature","geometry":{"type":"Point","coordinates":[-84.564356,33.788251]},"properties":{"brand":"Flock Safety"}},{"type":"Feature","geometry":{"type":"Point","coordinates":[-84.567411,33.785838]},"properties":{"brand":"Flock Safety"}},{"type":"Feature","geometry":{"type":"Point","coordinates":[-84.351564,33.926782]},"properties":{"brand":"Flock Safety"}},{"type":"Feature","geometry":{"type":"Point","coordinates":[-84.580082,33.77841]},"properties":{"brand":"Flock Safety"}},{"type":"Feature","geometry":{"type":"Point","coordinates":[-84.594067,33.780864]},"properties":{"brand":"Flock Safety"}},{"type":"Feature","geometry":{"type":"Point","coordinates":[-84.334136,33.872746]},"properties":{"brand":"Flock Safety"}},{"type":"Feature","geometry":{"type":"Point","coordinates":[-84.334136,33.872746]},"properties":{"brand":"Flock Safety"}},{"type":"Feature","geometry":{"type":"Point","coordinates":[-84.334857,33.872834]},"properties":{"brand":"Flock Safety"}},{"type":"Feature","geometry":{"type":"Point","coordinates":[-84.20308,33.880948]},"properties":{"brand":"Flock Safety"}},{"type":"Feature","geometry":{"type":"Point","coordinates":[-84.230878,33.881313]},"properties":{"brand":"Flock Safety"}},{"type":"Feature","geometry":{"type":"Point","coordinates":[-84.24503,33.883322]},"properties":{"brand":"Flock Safety"}},{"type":"Feature","geometry":{"type":"Point","coordinates":[-84.405842,33.885282]},"properties":{"brand":"Flock Safety"}},{"type":"Feature","geometry":{"type":"Point","coordinates":[-84.955728,32.625452]},"properties":{"brand":"Flock Safety"}},{"type":"Feature","geometry":{"type":"Point","coordinates":[-84.145809,33.961004]},"properties":{"brand":"Flock Safety"}},{"type":"Feature","geometry":{"type":"Point","coordinates":[-84.144513,33.961907]},"properties":{"brand":"Flock Safety"}},{"type":"Feature","geometry":{"type":"Point","coordinates":[-84.147322,33.951252]},"properties":{"brand":"Flock Safety"}},{"type":"Feature","geometry":{"type":"Point","coordinates":[-84.14917,33.950106]},"properties":{"brand":"Flock Safety"}},{"type":"Feature","geometry":{"type":"Point","coordinates":[-84.146323,33.950133]},"properties":{"brand":"Flock Safety"}},{"type":"Feature","geometry":{"type":"Point","coordinates":[-84.177527,33.96684]},"properties":{"brand":"Flock Safety"}},{"type":"Feature","geometry":{"type":"Point","coordinates":[-84.163997,33.977249]},"properties":{"brand":"Genetec"}},{"type":"Feature","geometry":{"type":"Point","coordinates":[-84.177759,33.966281]},"properties":{"brand":"Genetec"}},{"type":"Feature","geometry":{"type":"Point","coordinates":[-84.351183,33.812238]},"properties":{"brand":"Flock Safety"}},{"type":"Feature","geometry":{"type":"Point","coordinates":[-84.351183,33.812238]},"properties":{"brand":"Flock Safety"}},{"type":"Feature","geometry":{"type":"Point","coordinates":[-84.313778,33.929436]},"properties":{"brand":"Flock Safety"}},{"type":"Feature","geometry":{"type":"Point","coordinates":[-84.331595,33.943329]},"properties":{"brand":"Flock Safety"}},{"type":"Feature","geometry":{"type":"Point","coordinates":[-84.305247,33.920832]},"properties":{"brand":"Flock Safety"}},{"type":"Feature","geometry":{"type":"Point","coordinates":[-84.297088,33.920696]},"properties":{"brand":"Flock Safety"}},{"type":"Feature","geometry":{"type":"Point","coordinates":[-84.244764,33.845898]},"properties":{"brand":"Flock Safety"}},{"type":"Feature","geometry":{"type":"Point","coordinates":[-84.322398,33.842301]},"properties":{"brand":"Flock Safety"}},{"type":"Feature","geometry":{"type":"Point","coordinates":[-84.325404,33.837306]},"properties":{"brand":"Flock Safety"}},{"type":"Feature","geometry":{"type":"Point","coordinates":[-84.320708,33.840396]},"properties":{"brand":"Flock Safety"}},{"type":"Feature","geometry":{"type":"Point","coordinates":[-84.291883,33.860533]},"properties":{"brand":"Flock Safety"}},{"type":"Feature","geometry":{"type":"Point","coordinates":[-84.618596,33.815061]},"properties":{"brand":"Flock Safety"}},{"type":"Feature","geometry":{"type":"Point","coordinates":[-84.608281,33.783022]},"properties":{"brand":"Flock Safety"}},{"type":"Feature","geometry":{"type":"Point","coordinates":[-84.584545,33.800705]},"properties":{"brand":"Flock Safety"}},{"type":"Feature","geometry":{"type":"Point","coordinates":[-84.547021,33.812891]},"properties":{"brand":"Flock Safety"}},{"type":"Feature","geometry":{"type":"Point","coordinates":[-84.392837,33.309003]},"properties":{"brand":"Flock Safety"}},{"type":"Feature","geometry":{"type":"Point","coordinates":[-84.296744,33.260852]},"properties":{"brand":"Flock Safety"}},{"type":"Feature","geometry":{"type":"Point","coordinates":[-84.393164,33.308832]},"properties":{"brand":"Flock Safety"}},{"type":"Feature","geometry":{"type":"Point","coordinates":[-84.111158,33.823343]},"properties":{"brand":"Flock Safety"}},{"type":"Feature","geometry":{"type":"Point","coordinates":[-84.818965,34.206735]},"properties":{"brand":"Flock Safety"}},{"type":"Feature","geometry":{"type":"Point","coordinates":[-84.351071,34.005818]},"properties":{"brand":"Flock Safety"}},{"type":"Feature","geometry":{"type":"Point","coordinates":[-85.056704,34.208487]},"properties":{"brand":"Flock Safety"}},{"type":"Feature","geometry":{"type":"Point","coordinates":[-84.357966,34.025333]},"properties":{"brand":"Flock Safety"}},{"type":"Feature","geometry":{"type":"Point","coordinates":[-84.110537,34.01323]},"properties":{"brand":"Flock Safety"}},{"type":"Feature","geometry":{"type":"Point","coordinates":[-84.429958,33.601434]},"properties":{"brand":"Flock Safety"}},{"type":"Feature","geometry":{"type":"Point","coordinates":[-84.468879,33.588833]},"properties":{"brand":"Flock Safety"}},{"type":"Feature","geometry":{"type":"Point","coordinates":[-84.459596,33.586951]},"properties":{"brand":"Flock Safety"}},{"type":"Feature","geometry":{"type":"Point","coordinates":[-84.469164,33.588234]},"properties":{"brand":"Flock Safety"}},{"type":"Feature","geometry":{"type":"Point","coordinates":[-84.4581,33.586159]},"properties":{"brand":"Flock Safety"}},{"type":"Feature","geometry":{"type":"Point","coordinates":[-84.466613,33.588162]},"properties":{"brand":"Flock Safety"}},{"type":"Feature","geometry":{"type":"Point","coordinates":[-84.469201,33.588842]},"properties":{"brand":"Flock Safety"}},{"type":"Feature","geometry":{"type":"Point","coordinates":[-84.477087,33.588293]},"properties":{"brand":"Motorola Solutions"}},{"type":"Feature","geometry":{"type":"Point","coordinates":[-84.486845,33.583034]},"properties":{"brand":"Flock Safety"}},{"type":"Feature","geometry":{"type":"Point","coordinates":[-84.502646,33.580503]},"properties":{"brand":"Flock Safety"}},{"type":"Feature","geometry":{"type":"Point","coordinates":[-84.508006,33.583147]},"properties":{"brand":"Flock Safety"}},{"type":"Feature","geometry":{"type":"Point","coordinates":[-84.51047,33.583862]},"properties":{"brand":"Flock Safety"}},{"type":"Feature","geometry":{"type":"Point","coordinates":[-82.359676,34.899467]},"properties":{"brand":"Flock Safety"}},{"type":"Feature","geometry":{"type":"Point","coordinates":[-84.309966,33.885271]},"properties":{"brand":"Flock Safety"}},{"type":"Feature","geometry":{"type":"Point","coordinates":[-84.275148,33.902152]},"properties":{"brand":"Flock Safety"}},{"type":"Feature","geometry":{"type":"Point","coordinates":[-82.372905,34.888074]},"properties":{"brand":"Flock Safety"}},{"type":"Feature","geometry":{"type":"Point","coordinates":[-82.408297,34.893583]},"properties":{"brand":"Flock Safety"}},{"type":"Feature","geometry":{"type":"Point","coordinates":[-82.407611,34.892907]},"properties":{"brand":"Flock Safety"}},{"type":"Feature","geometry":{"type":"Point","coordinates":[-82.407611,34.892907]},"properties":{"brand":"Flock Safety"}},{"type":"Feature","geometry":{"type":"Point","coordinates":[-82.441438,34.966088]},"properties":{"brand":"Flock Safety"}},{"type":"Feature","geometry":{"type":"Point","coordinates":[-83.964791,33.863495]},"properties":{"brand":"Flock Safety"}},{"type":"Feature","geometry":{"type":"Point","coordinates":[-83.85715,33.786704]},"properties":{"brand":"Flock Safety"}},{"type":"Feature","geometry":{"type":"Point","coordinates":[-83.85695,33.786725]},"properties":{"brand":"Flock Safety"}},{"type":"Feature","geometry":{"type":"Point","coordinates":[-84.387636,33.829962]},"properties":{"brand":"Flock Safety"}},{"type":"Feature","geometry":{"type":"Point","coordinates":[-84.405624,33.836108]},"properties":{"brand":"Flock Safety"}},{"type":"Feature","geometry":{"type":"Point","coordinates":[-84.395215,34.06309]},"properties":{"brand":"Flock Safety"}},{"type":"Feature","geometry":{"type":"Point","coordinates":[-81.173957,34.088585]},"properties":{"brand":"Flock Safety"}},{"type":"Feature","geometry":{"type":"Point","coordinates":[-83.378758,33.944202]},"properties":{"brand":"Flock Safety"}},{"type":"Feature","geometry":{"type":"Point","coordinates":[-85.036414,33.022326]},"properties":{"brand":"Flock Safety"}},{"type":"Feature","geometry":{"type":"Point","coordinates":[-84.486596,33.623286]},"properties":{"brand":"Flock Safety"}},{"type":"Feature","geometry":{"type":"Point","coordinates":[-84.477319,33.624684]},"properties":{"brand":"Flock Safety"}},{"type":"Feature","geometry":{"type":"Point","coordinates":[-84.476021,33.625636]},"properties":{"brand":"Flock Safety"}},{"type":"Feature","geometry":{"type":"Point","coordinates":[-84.435253,33.659214]},"properties":{"brand":"Flock Safety"}},{"type":"Feature","geometry":{"type":"Point","coordinates":[-84.982293,34.207623]},"properties":{"brand":"Flock Safety"}},{"type":"Feature","geometry":{"type":"Point","coordinates":[-84.315054,33.88688]},"properties":{"brand":"Flock Safety"}},{"type":"Feature","geometry":{"type":"Point","coordinates":[-84.596339,33.397024]},"properties":{"brand":"Flock Safety"}},{"type":"Feature","geometry":{"type":"Point","coordinates":[-84.554608,33.979731]},"properties":{"brand":"Flock Safety"}},{"type":"Feature","geometry":{"type":"Point","coordinates":[-80.828182,34.837608]},"properties":{"brand":"Flock Safety"}},{"type":"Feature","geometry":{"type":"Point","coordinates":[-85.009706,33.014707]},"properties":{"brand":"Flock Safety"}},{"type":"Feature","geometry":{"type":"Point","coordinates":[-84.966746,33.041174]},"properties":{"brand":"Flock Safety"}},{"type":"Feature","geometry":{"type":"Point","coordinates":[-84.973025,33.042069]},"properties":{"brand":"Flock Safety"}},{"type":"Feature","geometry":{"type":"Point","coordinates":[-84.968543,33.041601]},"properties":{"brand":"Flock Safety"}},{"type":"Feature","geometry":{"type":"Point","coordinates":[-81.922365,33.448066]},"properties":{"brand":"Flock Safety"}},{"type":"Feature","geometry":{"type":"Point","coordinates":[-84.966772,33.041548]},"properties":{"brand":"Flock Safety"}},{"type":"Feature","geometry":{"type":"Point","coordinates":[-84.971472,33.042375]},"properties":{"brand":"Flock Safety"}},{"type":"Feature","geometry":{"type":"Point","coordinates":[-85.029501,33.03922]},"properties":{"brand":"Flock Safety"}},{"type":"Feature","geometry":{"type":"Point","coordinates":[-84.356708,33.919109]},"properties":{"brand":"Flock Safety"}},{"type":"Feature","geometry":{"type":"Point","coordinates":[-84.483613,33.92264]},"properties":{"brand":"Flock Safety"}},{"type":"Feature","geometry":{"type":"Point","coordinates":[-84.466058,34.220448]},"properties":{"brand":"Flock Safety"}},{"type":"Feature","geometry":{"type":"Point","coordinates":[-84.460062,34.218688]},"properties":{"brand":"Flock Safety"}},{"type":"Feature","geometry":{"type":"Point","coordinates":[-84.460894,34.227085]},"properties":{"brand":"Flock Safety"}},{"type":"Feature","geometry":{"type":"Point","coordinates":[-84.461168,34.226867]},"properties":{"brand":"Flock Safety"}},{"type":"Feature","geometry":{"type":"Point","coordinates":[-84.455048,34.206502]},"properties":{"brand":"Flock Safety"}},{"type":"Feature","geometry":{"type":"Point","coordinates":[-84.420623,34.176335]},"properties":{"brand":"Flock Safety"}},{"type":"Feature","geometry":{"type":"Point","coordinates":[-82.805244,34.321705]},"properties":{"brand":"Flock Safety"}},{"type":"Feature","geometry":{"type":"Point","coordinates":[-82.987169,34.239983]},"properties":{"brand":"Flock Safety"}},{"type":"Feature","geometry":{"type":"Point","coordinates":[-83.158559,34.285975]},"properties":{"brand":"Flock Safety"}},{"type":"Feature","geometry":{"type":"Point","coordinates":[-84.516096,33.942323]},"properties":{"brand":"Flock Safety"}},{"type":"Feature","geometry":{"type":"Point","coordinates":[-84.408399,34.037832]},"properties":{"brand":"Flock Safety"}},{"type":"Feature","geometry":{"type":"Point","coordinates":[-84.212036,33.713972]},"properties":{"brand":"Flock Safety"}},{"type":"Feature","geometry":{"type":"Point","coordinates":[-80.827356,34.796776]},"properties":{"brand":"Flock Safety"}},{"type":"Feature","geometry":{"type":"Point","coordinates":[-84.67872,33.785237]},"properties":{"brand":"Flock Safety"}},{"type":"Feature","geometry":{"type":"Point","coordinates":[-83.673693,32.885962]},"properties":{"brand":"Flock Safety"}},{"type":"Feature","geometry":{"type":"Point","coordinates":[-83.673583,32.886111]},"properties":{"brand":"Flock Safety"}},{"type":"Feature","geometry":{"type":"Point","coordinates":[-83.67341,32.886486]},"properties":{"brand":"Flock Safety"}},{"type":"Feature","geometry":{"type":"Point","coordinates":[-84.478818,33.901023]},"properties":{"brand":"Flock Safety"}},{"type":"Feature","geometry":{"type":"Point","coordinates":[-84.47862,33.900762]},"properties":{"brand":"Flock Safety"}},{"type":"Feature","geometry":{"type":"Point","coordinates":[-80.858462,35.001176]},"properties":{"brand":"Flock Safety"}},{"type":"Feature","geometry":{"type":"Point","coordinates":[-80.856948,35.000689]},"properties":{"brand":"Flock Safety"}},{"type":"Feature","geometry":{"type":"Point","coordinates":[-84.321813,34.019965]},"properties":{"brand":"Flock Safety"}},{"type":"Feature","geometry":{"type":"Point","coordinates":[-84.329984,34.011039]},"properties":{"brand":"Flock Safety"}},{"type":"Feature","geometry":{"type":"Point","coordinates":[-84.329475,34.007517]},"properties":{"brand":"Flock Safety"}},{"type":"Feature","geometry":{"type":"Point","coordinates":[-83.757466,33.597355]},"properties":{"brand":"Flock Safety"}},{"type":"Feature","geometry":{"type":"Point","coordinates":[-84.288726,33.884998]},"properties":{"brand":"Flock Safety"}},{"type":"Feature","geometry":{"type":"Point","coordinates":[-84.323753,33.878129]},"properties":{"brand":"Flock Safety"}},{"type":"Feature","geometry":{"type":"Point","coordinates":[-84.30705,33.885918]},"properties":{"brand":"Flock Safety"}},{"type":"Feature","geometry":{"type":"Point","coordinates":[-84.395363,33.895683]},"properties":{"brand":"Flock Safety"}},{"type":"Feature","geometry":{"type":"Point","coordinates":[-84.288967,33.884501]},"properties":{"brand":"Flock Safety"}},{"type":"Feature","geometry":{"type":"Point","coordinates":[-84.409494,33.894795]},"properties":{"brand":"Flock Safety"}},{"type":"Feature","geometry":{"type":"Point","coordinates":[-84.409494,33.894795]},"properties":{"brand":"Flock Safety"}},{"type":"Feature","geometry":{"type":"Point","coordinates":[-83.860786,34.216691]},"properties":{"brand":"Leonardo"}},{"type":"Feature","geometry":{"type":"Point","coordinates":[-84.450523,34.197597]},"properties":{"brand":"Flock Safety"}},{"type":"Feature","geometry":{"type":"Point","coordinates":[-84.461747,34.224544]},"properties":{"brand":"Flock Safety"}},{"type":"Feature","geometry":{"type":"Point","coordinates":[-84.429025,33.867376]},"properties":{"brand":"Flock Safety"}},{"type":"Feature","geometry":{"type":"Point","coordinates":[-85.067157,33.03219]},"properties":{"brand":"Flock Safety"}},{"type":"Feature","geometry":{"type":"Point","coordinates":[-83.262016,33.442679]},"properties":{"brand":"Flock Safety"}},{"type":"Feature","geometry":{"type":"Point","coordinates":[-83.728792,32.808683]},"properties":{"brand":"Flock Safety"}},{"type":"Feature","geometry":{"type":"Point","coordinates":[-83.731597,32.806877]},"properties":{"brand":"Flock Safety"}},{"type":"Feature","geometry":{"type":"Point","coordinates":[-84.309968,33.885265]},"properties":{"brand":"Flock Safety"}},{"type":"Feature","geometry":{"type":"Point","coordinates":[-85.06922,33.031488]},"properties":{"brand":"Flock Safety"}},{"type":"Feature","geometry":{"type":"Point","coordinates":[-83.851856,33.609607]},"properties":{"brand":"Flock Safety"}},{"type":"Feature","geometry":{"type":"Point","coordinates":[-83.736225,32.812536]},"properties":{"brand":"Flock Safety"}},{"type":"Feature","geometry":{"type":"Point","coordinates":[-83.825253,33.631435]},"properties":{"brand":"Flock Safety"}},{"type":"Feature","geometry":{"type":"Point","coordinates":[-83.853379,33.60861]},"properties":{"brand":"Flock Safety"}},{"type":"Feature","geometry":{"type":"Point","coordinates":[-83.855055,33.606092]},"properties":{"brand":"Flock Safety"}},{"type":"Feature","geometry":{"type":"Point","coordinates":[-84.379605,33.839771]},"properties":{"brand":"Flock Safety"}},{"type":"Feature","geometry":{"type":"Point","coordinates":[-84.355683,33.92889]},"properties":{"brand":"Flock Safety"}},{"type":"Feature","geometry":{"type":"Point","coordinates":[-84.18837,33.869904]},"properties":{"brand":"Flock Safety"}},{"type":"Feature","geometry":{"type":"Point","coordinates":[-84.18837,33.869904]},"properties":{"brand":"Flock Safety"}},{"type":"Feature","geometry":{"type":"Point","coordinates":[-83.736,32.805448]},"properties":{"brand":"Flock Safety"}},{"type":"Feature","geometry":{"type":"Point","coordinates":[-84.305608,33.76709]},"properties":{"brand":"Flock Safety"}},{"type":"Feature","geometry":{"type":"Point","coordinates":[-84.303835,33.785113]},"properties":{"brand":"Flock Safety"}},{"type":"Feature","geometry":{"type":"Point","coordinates":[-84.303835,33.785113]},"properties":{"brand":"Flock Safety"}},{"type":"Feature","geometry":{"type":"Point","coordinates":[-84.43038,33.909928]},"properties":{"brand":"Genetec"}},{"type":"Feature","geometry":{"type":"Point","coordinates":[-84.441126,33.902738]},"properties":{"brand":"Genetec"}},{"type":"Feature","geometry":{"type":"Point","coordinates":[-84.623629,34.049814]},"properties":{"brand":"Flock Safety"}},{"type":"Feature","geometry":{"type":"Point","coordinates":[-84.621298,34.049643]},"properties":{"brand":"Flock Safety"}},{"type":"Feature","geometry":{"type":"Point","coordinates":[-84.432545,33.907704]},"properties":{"brand":"Flock Safety"}},{"type":"Feature","geometry":{"type":"Point","coordinates":[-84.430843,33.908408]},"properties":{"brand":"Flock Safety"}},{"type":"Feature","geometry":{"type":"Point","coordinates":[-84.404435,33.942622]},"properties":{"brand":"Flock Safety"}},{"type":"Feature","geometry":{"type":"Point","coordinates":[-84.513768,33.962421]},"properties":{"brand":"Flock Safety"}},{"type":"Feature","geometry":{"type":"Point","coordinates":[-84.462414,33.938748]},"properties":{"brand":"Flock Safety"}},{"type":"Feature","geometry":{"type":"Point","coordinates":[-85.590355,33.641912]},"properties":{"brand":"Flock Safety"}},{"type":"Feature","geometry":{"type":"Point","coordinates":[-81.922679,34.172873]},"properties":{"brand":"Flock Safety"}},{"type":"Feature","geometry":{"type":"Point","coordinates":[-85.711485,33.991576]},"properties":{"brand":"Flock Safety"}},{"type":"Feature","geometry":{"type":"Point","coordinates":[-84.946017,33.230614]},"properties":{"brand":"Flock Safety"}},{"type":"Feature","geometry":{"type":"Point","coordinates":[-84.351562,33.792524]},"properties":{"brand":"Flock Safety"}},{"type":"Feature","geometry":{"type":"Point","coordinates":[-83.973023,33.919662]},"properties":{"brand":"Flock Safety"}},{"type":"Feature","geometry":{"type":"Point","coordinates":[-84.352857,33.910323]},"properties":{"brand":"Flock Safety"}},{"type":"Feature","geometry":{"type":"Point","coordinates":[-84.406151,33.945105]},"properties":{"brand":"Flock Safety"}},{"type":"Feature","geometry":{"type":"Point","coordinates":[-83.917066,33.923056]},"properties":{"brand":"Flock Safety"}},{"type":"Feature","geometry":{"type":"Point","coordinates":[-83.993565,33.856498]},"properties":{"brand":"Flock Safety"}},{"type":"Feature","geometry":{"type":"Point","coordinates":[-83.960193,33.891924]},"properties":{"brand":"Flock Safety"}},{"type":"Feature","geometry":{"type":"Point","coordinates":[-80.857565,32.639862]},"properties":{"brand":"Flock Safety"}},{"type":"Feature","geometry":{"type":"Point","coordinates":[-84.953912,34.144062]},"properties":{"brand":"Flock Safety"}},{"type":"Feature","geometry":{"type":"Point","coordinates":[-83.732828,34.472888]},"properties":{"brand":"Flock Safety"}},{"type":"Feature","geometry":{"type":"Point","coordinates":[-83.732692,34.472671]},"properties":{"brand":"Flock Safety"}},{"type":"Feature","geometry":{"type":"Point","coordinates":[-82.405892,34.890745]},"properties":{"brand":"Flock Safety"}},{"type":"Feature","geometry":{"type":"Point","coordinates":[-85.711485,33.991576]},"properties":{"brand":"Flock Safety"}},{"type":"Feature","geometry":{"type":"Point","coordinates":[-84.35013,33.50219]},"properties":{"brand":"Flock Safety"}},{"type":"Feature","geometry":{"type":"Point","coordinates":[-84.434356,33.943931]},"properties":{"brand":"Flock Safety"}},{"type":"Feature","geometry":{"type":"Point","coordinates":[-84.929457,33.257058]},"properties":{"brand":"Flock Safety"}},{"type":"Feature","geometry":{"type":"Point","coordinates":[-84.351561,33.792524]},"properties":{"brand":"Flock Safety"}},{"type":"Feature","geometry":{"type":"Point","coordinates":[-81.03251,34.744845]},"properties":{"brand":"Flock Safety"}},{"type":"Feature","geometry":{"type":"Point","coordinates":[-84.395894,33.722271]},"properties":{"brand":"Flock Safety"}},{"type":"Feature","geometry":{"type":"Point","coordinates":[-84.407957,33.703274]},"properties":{"brand":"Flock Safety"}},{"type":"Feature","geometry":{"type":"Point","coordinates":[-81.039924,34.747109]},"properties":{"brand":"Flock Safety"}},{"type":"Feature","geometry":{"type":"Point","coordinates":[-81.039197,34.746532]},"properties":{"brand":"Flock Safety"}},{"type":"Feature","geometry":{"type":"Point","coordinates":[-84.31228,33.818044]},"properties":{"brand":"Flock Safety"}},{"type":"Feature","geometry":{"type":"Point","coordinates":[-85.025246,35.035978]},"properties":{"brand":"Flock Safety"}},{"type":"Feature","geometry":{"type":"Point","coordinates":[-81.02735,34.742538]},"properties":{"brand":"Flock Safety"}},{"type":"Feature","geometry":{"type":"Point","coordinates":[-83.850691,34.052797]},"properties":{"brand":"Flock Safety"}},{"type":"Feature","geometry":{"type":"Point","coordinates":[-82.26812,34.819928]},"properties":{"brand":"Flock Safety"}},{"type":"Feature","geometry":{"type":"Point","coordinates":[-83.925833,33.98342]},"properties":{"brand":"Flock Safety"}},{"type":"Feature","geometry":{"type":"Point","coordinates":[-83.927382,33.982522]},"properties":{"brand":"Flock Safety"}},{"type":"Feature","geometry":{"type":"Point","coordinates":[-83.775448,33.926572]},"properties":{"brand":"Flock Safety"}},{"type":"Feature","geometry":{"type":"Point","coordinates":[-83.775448,33.926572]},"properties":{"brand":"Flock Safety"}},{"type":"Feature","geometry":{"type":"Point","coordinates":[-84.075289,34.143059]},"properties":{"brand":"Flock Safety"}},{"type":"Feature","geometry":{"type":"Point","coordinates":[-83.922162,34.198722]},"properties":{"brand":"Flock Safety"}},{"type":"Feature","geometry":{"type":"Point","coordinates":[-85.215007,34.975228]},"properties":{"brand":"Flock Safety"}},{"type":"Feature","geometry":{"type":"Point","coordinates":[-84.540897,34.082895]},"properties":{"brand":"Flock Safety"}},{"type":"Feature","geometry":{"type":"Point","coordinates":[-83.894846,34.192187]},"properties":{"brand":"Flock Safety"}},{"type":"Feature","geometry":{"type":"Point","coordinates":[-83.912988,34.177952]},"properties":{"brand":"Flock Safety"}},{"type":"Feature","geometry":{"type":"Point","coordinates":[-83.888675,34.109598]},"properties":{"brand":"Flock Safety"}},{"type":"Feature","geometry":{"type":"Point","coordinates":[-84.277096,33.900459]},"properties":{"brand":"Flock Safety"}},{"type":"Feature","geometry":{"type":"Point","coordinates":[-83.480208,33.563541]},"properties":{"brand":"Flock Safety"}},{"type":"Feature","geometry":{"type":"Point","coordinates":[-83.47885,33.563408]},"properties":{"brand":"Flock Safety"}},{"type":"Feature","geometry":{"type":"Point","coordinates":[-83.492266,33.58168]},"properties":{"brand":"Flock Safety"}},{"type":"Feature","geometry":{"type":"Point","coordinates":[-83.492368,33.581586]},"properties":{"brand":"Flock Safety"}},{"type":"Feature","geometry":{"type":"Point","coordinates":[-83.633037,33.590818]},"properties":{"brand":"Flock Safety"}},{"type":"Feature","geometry":{"type":"Point","coordinates":[-83.628897,33.594586]},"properties":{"brand":"Flock Safety"}},{"type":"Feature","geometry":{"type":"Point","coordinates":[-83.957605,33.883198]},"properties":{"brand":"Flock Safety"}},{"type":"Feature","geometry":{"type":"Point","coordinates":[-83.965924,33.905197]},"properties":{"brand":"Flock Safety"}},{"type":"Feature","geometry":{"type":"Point","coordinates":[-84.937886,33.730662]},"properties":{"brand":"Flock Safety"}},{"type":"Feature","geometry":{"type":"Point","coordinates":[-84.46738,33.892941]},"properties":{"brand":"Flock Safety"}},{"type":"Feature","geometry":{"type":"Point","coordinates":[-84.471919,33.889265]},"properties":{"brand":"Flock Safety"}},{"type":"Feature","geometry":{"type":"Point","coordinates":[-84.318109,32.86073]},"properties":{"brand":"Flock Safety"}},{"type":"Feature","geometry":{"type":"Point","coordinates":[-84.332323,32.91562]},"properties":{"brand":"Flock Safety"}},{"type":"Feature","geometry":{"type":"Point","coordinates":[-84.333884,32.92879]},"properties":{"brand":"Flock Safety"}},{"type":"Feature","geometry":{"type":"Point","coordinates":[-84.333875,32.935027]},"properties":{"brand":"Flock Safety"}},{"type":"Feature","geometry":{"type":"Point","coordinates":[-84.319136,32.990637]},"properties":{"brand":"Flock Safety"}},{"type":"Feature","geometry":{"type":"Point","coordinates":[-84.319919,32.993328]},"properties":{"brand":"Flock Safety"}},{"type":"Feature","geometry":{"type":"Point","coordinates":[-84.547357,34.091845]},"properties":{"brand":"Flock Safety"}},{"type":"Feature","geometry":{"type":"Point","coordinates":[-81.939082,34.965048]},"properties":{"brand":"Flock Safety"}},{"type":"Feature","geometry":{"type":"Point","coordinates":[-82.035869,34.481775]},"properties":{"brand":"Flock Safety"}},{"type":"Feature","geometry":{"type":"Point","coordinates":[-84.653076,34.445192]},"properties":{"brand":"Flock Safety"}},{"type":"Feature","geometry":{"type":"Point","coordinates":[-84.324476,34.879218]},"properties":{"brand":"Flock Safety"}},{"type":"Feature","geometry":{"type":"Point","coordinates":[-84.470861,33.886415]},"properties":{"brand":"Flock Safety"}},{"type":"Feature","geometry":{"type":"Point","coordinates":[-83.958923,33.787174]},"properties":{"brand":"Flock Safety"}},{"type":"Feature","geometry":{"type":"Point","coordinates":[-81.252136,33.984386]},"properties":{"brand":"Flock Safety"}},{"type":"Feature","geometry":{"type":"Point","coordinates":[-83.269015,33.959746]},"properties":{"brand":"Flock Safety"}},{"type":"Feature","geometry":{"type":"Point","coordinates":[-82.022126,34.506128]},"properties":{"brand":"Flock Safety"}},{"type":"Feature","geometry":{"type":"Point","coordinates":[-82.045061,34.526995]},"properties":{"brand":"Flock Safety"}},{"type":"Feature","geometry":{"type":"Point","coordinates":[-85.343642,34.99333]},"properties":{"brand":"Flock Safety"}},{"type":"Feature","geometry":{"type":"Point","coordinates":[-85.359721,34.985671]},"properties":{"brand":"Flock Safety"}},{"type":"Feature","geometry":{"type":"Point","coordinates":[-83.848622,34.933928]},"properties":{"brand":"Flock Safety"}},{"type":"Feature","geometry":{"type":"Point","coordinates":[-84.070627,34.982259]},"properties":{"brand":"Flock Safety"}},{"type":"Feature","geometry":{"type":"Point","coordinates":[-84.622334,33.788767]},"properties":{"brand":"Flock Safety"}},{"type":"Feature","geometry":{"type":"Point","coordinates":[-85.183614,33.702361]},"properties":{"brand":"Flock Safety"}},{"type":"Feature","geometry":{"type":"Point","coordinates":[-84.622222,33.788712]},"properties":{"brand":"Flock Safety"}},{"type":"Feature","geometry":{"type":"Point","coordinates":[-84.526882,33.346576]},"properties":{"brand":"Flock Safety"}},{"type":"Feature","geometry":{"type":"Point","coordinates":[-84.529481,33.352711]},"properties":{"brand":"Flock Safety"}},{"type":"Feature","geometry":{"type":"Point","coordinates":[-85.033233,34.250509]},"properties":{"brand":"Flock Safety"}},{"type":"Feature","geometry":{"type":"Point","coordinates":[-84.526491,33.346678]},"properties":{"brand":"Flock Safety"}},{"type":"Feature","geometry":{"type":"Point","coordinates":[-84.580051,34.035146]},"properties":{"brand":"Flock Safety"}},{"type":"Feature","geometry":{"type":"Point","coordinates":[-84.580812,34.04639]},"properties":{"brand":"Flock Safety"}},{"type":"Feature","geometry":{"type":"Point","coordinates":[-83.796273,34.31239]},"properties":{"brand":"Flock Safety"}},{"type":"Feature","geometry":{"type":"Point","coordinates":[-83.981926,33.939751]},"properties":{"brand":"Flock Safety"}},{"type":"Feature","geometry":{"type":"Point","coordinates":[-82.005174,34.546627]},"properties":{"brand":"Flock Safety"}},{"type":"Feature","geometry":{"type":"Point","coordinates":[-82.004767,34.543384]},"properties":{"brand":"Flock Safety"}},{"type":"Feature","geometry":{"type":"Point","coordinates":[-82.004767,34.543384]},"properties":{"brand":"Flock Safety"}},{"type":"Feature","geometry":{"type":"Point","coordinates":[-82.007551,34.508381]},"properties":{"brand":"Flock Safety"}},{"type":"Feature","geometry":{"type":"Point","coordinates":[-82.007269,34.508069]},"properties":{"brand":"Flock Safety"}},{"type":"Feature","geometry":{"type":"Point","coordinates":[-82.012598,34.499113]},"properties":{"brand":"Flock Safety"}},{"type":"Feature","geometry":{"type":"Point","coordinates":[-82.054232,34.501179]},"properties":{"brand":"Flock Safety"}},{"type":"Feature","geometry":{"type":"Point","coordinates":[-82.015767,34.498514]},"properties":{"brand":"Flock Safety"}},{"type":"Feature","geometry":{"type":"Point","coordinates":[-82.051542,34.500385]},"properties":{"brand":"Flock Safety"}},{"type":"Feature","geometry":{"type":"Point","coordinates":[-82.055526,34.48944]},"properties":{"brand":"Flock Safety"}},{"type":"Feature","geometry":{"type":"Point","coordinates":[-83.100587,34.668692]},"properties":{"brand":"Flock Safety"}},{"type":"Feature","geometry":{"type":"Point","coordinates":[-84.507658,33.938411]},"properties":{"brand":"Flock Safety"}},{"type":"Feature","geometry":{"type":"Point","coordinates":[-83.990852,34.42347]},"properties":{"brand":"Flock Safety"}},{"type":"Feature","geometry":{"type":"Point","coordinates":[-84.324483,33.826297]},"properties":{"brand":"Flock Safety"}},{"type":"Feature","geometry":{"type":"Point","coordinates":[-84.329338,33.827318]},"properties":{"brand":"Flock Safety"}},{"type":"Feature","geometry":{"type":"Point","coordinates":[-84.330527,33.8281]},"properties":{"brand":"Genetec"}},{"type":"Feature","geometry":{"type":"Point","coordinates":[-84.337367,33.832644]},"properties":{"brand":"Flock Safety"}},{"type":"Feature","geometry":{"type":"Point","coordinates":[-84.3414,33.832763]},"properties":{"brand":"Flock Safety"}},{"type":"Feature","geometry":{"type":"Point","coordinates":[-84.346426,33.828024]},"properties":{"brand":"Flock Safety"}},{"type":"Feature","geometry":{"type":"Point","coordinates":[-84.360917,33.825629]},"properties":{"brand":"Flock Safety"}},{"type":"Feature","geometry":{"type":"Point","coordinates":[-84.960108,33.522243]},"properties":{"brand":"Flock Safety"}},{"type":"Feature","geometry":{"type":"Point","coordinates":[-84.960573,33.521986]},"properties":{"brand":"Flock Safety"}},{"type":"Feature","geometry":{"type":"Point","coordinates":[-84.364191,33.825327]},"properties":{"brand":"Flock Safety"}},{"type":"Feature","geometry":{"type":"Point","coordinates":[-84.365835,33.82556]},"properties":{"brand":"Flock Safety"}},{"type":"Feature","geometry":{"type":"Point","coordinates":[-84.348354,33.826394]},"properties":{"brand":"Flock Safety"}},{"type":"Feature","geometry":{"type":"Point","coordinates":[-84.728807,33.399255]},"properties":{"brand":"Flock Safety"}},{"type":"Feature","geometry":{"type":"Point","coordinates":[-84.68179,33.407889]},"properties":{"brand":"Flock Safety"}},{"type":"Feature","geometry":{"type":"Point","coordinates":[-84.323878,33.826178]},"properties":{"brand":"Flock Safety"}},{"type":"Feature","geometry":{"type":"Point","coordinates":[-84.075673,34.353938]},"properties":{"brand":"Flock Safety"}},{"type":"Feature","geometry":{"type":"Point","coordinates":[-84.216464,34.259294]},"properties":{"brand":"Flock Safety"}},{"type":"Feature","geometry":{"type":"Point","coordinates":[-84.507325,33.938393]},"properties":{"brand":"Flock Safety"}},{"type":"Feature","geometry":{"type":"Point","coordinates":[-84.096442,33.996725]},"properties":{"brand":"Flock Safety"}},{"type":"Feature","geometry":{"type":"Point","coordinates":[-83.680449,33.814152]},"properties":{"brand":"Flock Safety"}},{"type":"Feature","geometry":{"type":"Point","coordinates":[-84.015296,33.565284]},"properties":{"brand":"Flock Safety"}},{"type":"Feature","geometry":{"type":"Point","coordinates":[-84.032274,33.527121]},"properties":{"brand":"Flock Safety"}},{"type":"Feature","geometry":{"type":"Point","coordinates":[-84.275202,33.382634]},"properties":{"brand":"Flock Safety"}},{"type":"Feature","geometry":{"type":"Point","coordinates":[-84.184916,33.423978]},"properties":{"brand":"Flock Safety"}},{"type":"Feature","geometry":{"type":"Point","coordinates":[-84.180627,33.428256]},"properties":{"brand":"Flock Safety"}},{"type":"Feature","geometry":{"type":"Point","coordinates":[-84.173899,33.433842]},"properties":{"brand":"Flock Safety"}},{"type":"Feature","geometry":{"type":"Point","coordinates":[-84.160261,33.435646]},"properties":{"brand":"Flock Safety"}},{"type":"Feature","geometry":{"type":"Point","coordinates":[-84.159672,33.435148]},"properties":{"brand":"Flock Safety"}},{"type":"Feature","geometry":{"type":"Point","coordinates":[-84.153699,33.442704]},"properties":{"brand":"Flock Safety"}},{"type":"Feature","geometry":{"type":"Point","coordinates":[-84.014691,33.558025]},"properties":{"brand":"Flock Safety"}},{"type":"Feature","geometry":{"type":"Point","coordinates":[-84.015051,33.563185]},"properties":{"brand":"Flock Safety"}},{"type":"Feature","geometry":{"type":"Point","coordinates":[-84.153232,33.442838]},"properties":{"brand":"Flock Safety"}},{"type":"Feature","geometry":{"type":"Point","coordinates":[-84.075409,33.692679]},"properties":{"brand":"Flock Safety"}},{"type":"Feature","geometry":{"type":"Point","coordinates":[-84.075577,33.692862]},"properties":{"brand":"Flock Safety"}},{"type":"Feature","geometry":{"type":"Point","coordinates":[-84.605191,33.776433]},"properties":{"brand":"Flock Safety"}},{"type":"Feature","geometry":{"type":"Point","coordinates":[-84.604697,33.774931]},"properties":{"brand":"Flock Safety"}},{"type":"Feature","geometry":{"type":"Point","coordinates":[-83.957225,34.171202]},"properties":{"brand":"Flock Safety"}},{"type":"Feature","geometry":{"type":"Point","coordinates":[-83.957063,34.171288]},"properties":{"brand":"Flock Safety"}},{"type":"Feature","geometry":{"type":"Point","coordinates":[-83.957106,34.171629]},"properties":{"brand":"Flock Safety"}},{"type":"Feature","geometry":{"type":"Point","coordinates":[-82.234845,34.717394]},"properties":{"brand":"Flock Safety"}},{"type":"Feature","geometry":{"type":"Point","coordinates":[-84.55139,33.953242]},"properties":{"brand":"Flock Safety"}},{"type":"Feature","geometry":{"type":"Point","coordinates":[-84.639959,33.86276]},"properties":{"brand":"Flock Safety"}},{"type":"Feature","geometry":{"type":"Point","coordinates":[-84.357324,34.826317]},"properties":{"brand":"Flock Safety"}},{"type":"Feature","geometry":{"type":"Point","coordinates":[-84.453272,34.716595]},"properties":{"brand":"Flock Safety"}},{"type":"Feature","geometry":{"type":"Point","coordinates":[-84.943351,33.716433]},"properties":{"brand":"Flock Safety"}},{"type":"Feature","geometry":{"type":"Point","coordinates":[-84.986297,33.064969]},"properties":{"brand":"Flock Safety"}},{"type":"Feature","geometry":{"type":"Point","coordinates":[-84.779823,33.362969]},"properties":{"brand":"Axis Communications"}},{"type":"Feature","geometry":{"type":"Point","coordinates":[-84.985279,33.063753]},"properties":{"brand":"Flock Safety"}},{"type":"Feature","geometry":{"type":"Point","coordinates":[-84.391907,34.359159]},"properties":{"brand":"Flock Safety"}},{"type":"Feature","geometry":{"type":"Point","coordinates":[-85.03185,33.073497]},"properties":{"brand":"Flock Safety"}},{"type":"Feature","geometry":{"type":"Point","coordinates":[-84.771132,33.330827]},"properties":{"brand":"Flock Safety"}},{"type":"Feature","geometry":{"type":"Point","coordinates":[-84.40642,33.944799]},"properties":{"brand":"Flock Safety"}},{"type":"Feature","geometry":{"type":"Point","coordinates":[-85.035231,33.070769]},"properties":{"brand":"Flock Safety"}},{"type":"Feature","geometry":{"type":"Point","coordinates":[-85.046509,33.0753]},"properties":{"brand":"Flock Safety"}},{"type":"Feature","geometry":{"type":"Point","coordinates":[-85.039731,33.068026]},"properties":{"brand":"Flock Safety"}},{"type":"Feature","geometry":{"type":"Point","coordinates":[-85.040295,33.068283]},"properties":{"brand":"Flock Safety"}},{"type":"Feature","geometry":{"type":"Point","coordinates":[-82.030078,34.505898]},"properties":{"brand":"Flock Safety"}},{"type":"Feature","geometry":{"type":"Point","coordinates":[-84.343811,33.990854]},"properties":{"brand":"Flock Safety"}},{"type":"Feature","geometry":{"type":"Point","coordinates":[-84.578213,33.382703]},"properties":{"brand":"Flock Safety"}},{"type":"Feature","geometry":{"type":"Point","coordinates":[-83.988345,34.00648]},"properties":{"brand":"Flock Safety"}},{"type":"Feature","geometry":{"type":"Point","coordinates":[-83.478063,33.562243]},"properties":{"brand":"Flock Safety"}},{"type":"Feature","geometry":{"type":"Point","coordinates":[-83.475499,33.557713]},"properties":{"brand":"Flock Safety"}},{"type":"Feature","geometry":{"type":"Point","coordinates":[-85.028441,33.067533]},"properties":{"brand":"Flock Safety"}},{"type":"Feature","geometry":{"type":"Point","coordinates":[-84.489725,34.330361]},"properties":{"brand":"Flock Safety"}},{"type":"Feature","geometry":{"type":"Point","coordinates":[-84.309559,33.865405]},"properties":{"brand":"Flock Safety"}},{"type":"Feature","geometry":{"type":"Point","coordinates":[-84.551863,33.955366]},"properties":{"brand":"Flock Safety"}},{"type":"Feature","geometry":{"type":"Point","coordinates":[-84.551863,33.955366]},"properties":{"brand":"Flock Safety"}},{"type":"Feature","geometry":{"type":"Point","coordinates":[-83.158522,34.287936]},"properties":{"brand":"Flock Safety"}},{"type":"Feature","geometry":{"type":"Point","coordinates":[-83.915328,34.179538]},"properties":{"brand":"Flock Safety"}},{"type":"Feature","geometry":{"type":"Point","coordinates":[-84.341822,34.118732]},"properties":{"brand":"Flock Safety"}},{"type":"Feature","geometry":{"type":"Point","coordinates":[-84.359473,34.135898]},"properties":{"brand":"Flock Safety"}},{"type":"Feature","geometry":{"type":"Point","coordinates":[-84.361642,34.13735]},"properties":{"brand":"Flock Safety"}},{"type":"Feature","geometry":{"type":"Point","coordinates":[-84.686732,33.84212]},"properties":{"brand":"Flock Safety"}},{"type":"Feature","geometry":{"type":"Point","coordinates":[-84.514829,33.950876]},"properties":{"brand":"Flock Safety"}},{"type":"Feature","geometry":{"type":"Point","coordinates":[-84.71838,33.879579]},"properties":{"brand":"Flock Safety"}},{"type":"Feature","geometry":{"type":"Point","coordinates":[-84.041617,33.165531]},"properties":{"brand":"Flock Safety"}},{"type":"Feature","geometry":{"type":"Point","coordinates":[-84.461747,34.2247]},"properties":{"brand":"Flock Safety"}},{"type":"Feature","geometry":{"type":"Point","coordinates":[-84.707224,34.392647]},"properties":{"brand":"Flock Safety"}},{"type":"Feature","geometry":{"type":"Point","coordinates":[-84.503319,33.429791]},"properties":{"brand":"Flock Safety"}},{"type":"Feature","geometry":{"type":"Point","coordinates":[-84.228766,34.244963]},"properties":{"brand":"Flock Safety"}},{"type":"Feature","geometry":{"type":"Point","coordinates":[-84.445121,33.901176]},"properties":{"brand":"Flock Safety"}},{"type":"Feature","geometry":{"type":"Point","coordinates":[-85.037037,33.023233]},"properties":{"brand":"Flock Safety"}},{"type":"Feature","geometry":{"type":"Point","coordinates":[-83.863437,34.232957]},"properties":{"brand":"Flock Safety"}},{"type":"Feature","geometry":{"type":"Point","coordinates":[-85.173083,34.225931]},"properties":{"brand":"Flock Safety"}},{"type":"Feature","geometry":{"type":"Point","coordinates":[-85.055473,32.50855]},"properties":{"brand":"Flock Safety"}},{"type":"Feature","geometry":{"type":"Point","coordinates":[-85.117266,32.522229]},"properties":{"brand":"Flock Safety"}},{"type":"Feature","geometry":{"type":"Point","coordinates":[-85.056028,32.508397]},"properties":{"brand":"Flock Safety"}},{"type":"Feature","geometry":{"type":"Point","coordinates":[-80.973956,34.942576]},"properties":{"brand":"Flock Safety"}},{"type":"Feature","geometry":{"type":"Point","coordinates":[-83.718629,32.635084]},"properties":{"brand":"Flock Safety"}},{"type":"Feature","geometry":{"type":"Point","coordinates":[-83.718629,32.635084]},"properties":{"brand":"Flock Safety"}},{"type":"Feature","geometry":{"type":"Point","coordinates":[-83.718629,32.635084]},"properties":{"brand":"Flock Safety"}},{"type":"Feature","geometry":{"type":"Point","coordinates":[-83.730575,32.635758]},"properties":{"brand":"Flock Safety"}},{"type":"Feature","geometry":{"type":"Point","coordinates":[-80.999906,34.820013]},"properties":{"brand":"Flock Safety"}},{"type":"Feature","geometry":{"type":"Point","coordinates":[-81.02735,34.742538]},"properties":{"brand":"Flock Safety"}},{"type":"Feature","geometry":{"type":"Point","coordinates":[-84.092672,33.975884]},"properties":{"brand":"Flock Safety"}},{"type":"Feature","geometry":{"type":"Point","coordinates":[-84.092672,33.975884]},"properties":{"brand":"Flock Safety"}},{"type":"Feature","geometry":{"type":"Point","coordinates":[-84.099819,33.978332]},"properties":{"brand":"Flock Safety"}},{"type":"Feature","geometry":{"type":"Point","coordinates":[-85.347402,34.991897]},"properties":{"brand":""}},{"type":"Feature","geometry":{"type":"Point","coordinates":[-85.350004,34.975897]},"properties":{"brand":""}},{"type":"Feature","geometry":{"type":"Point","coordinates":[-84.349185,33.769644]},"properties":{"brand":"Flock Safety"}},{"type":"Feature","geometry":{"type":"Point","coordinates":[-84.341708,33.773454]},"properties":{"brand":"Flock Safety"}},{"type":"Feature","geometry":{"type":"Point","coordinates":[-85.286965,34.984724]},"properties":{"brand":"Flock Safety"}},{"type":"Feature","geometry":{"type":"Point","coordinates":[-80.827031,34.796976]},"properties":{"brand":"Flock Safety"}},{"type":"Feature","geometry":{"type":"Point","coordinates":[-84.990381,32.524373]},"properties":{"brand":"Axis Communications"}},{"type":"Feature","geometry":{"type":"Point","coordinates":[-82.229288,34.599775]},"properties":{"brand":"Flock Safety"}},{"type":"Feature","geometry":{"type":"Point","coordinates":[-84.340686,33.83375]},"properties":{"brand":"Flock Safety"}},{"type":"Feature","geometry":{"type":"Point","coordinates":[-85.287488,34.985868]},"properties":{"brand":"Flock Safety"}},{"type":"Feature","geometry":{"type":"Point","coordinates":[-84.340338,33.857274]},"properties":{"brand":"Flock Safety"}},{"type":"Feature","geometry":{"type":"Point","coordinates":[-84.402366,33.772901]},"properties":{"brand":"Flock Safety"}},{"type":"Feature","geometry":{"type":"Point","coordinates":[-84.402125,33.772766]},"properties":{"brand":"Motorola Solutions"}},{"type":"Feature","geometry":{"type":"Point","coordinates":[-84.391794,33.764763]},"properties":{"brand":"Motorola Solutions"}},{"type":"Feature","geometry":{"type":"Point","coordinates":[-84.39049,33.764702]},"properties":{"brand":"Motorola Solutions"}},{"type":"Feature","geometry":{"type":"Point","coordinates":[-84.390483,33.764667]},"properties":{"brand":"Motorola Solutions"}},{"type":"Feature","geometry":{"type":"Point","coordinates":[-84.288301,34.053449]},"properties":{"brand":"Flock Safety"}},{"type":"Feature","geometry":{"type":"Point","coordinates":[-84.286233,34.056795]},"properties":{"brand":"Leonardo"}},{"type":"Feature","geometry":{"type":"Point","coordinates":[-85.037769,33.023374]},"properties":{"brand":"Flock Safety"}},{"type":"Feature","geometry":{"type":"Point","coordinates":[-85.036748,33.021108]},"properties":{"brand":"Flock Safety"}},{"type":"Feature","geometry":{"type":"Point","coordinates":[-84.339194,34.093424]},"properties":{"brand":"Flock Safety"}},{"type":"Feature","geometry":{"type":"Point","coordinates":[-84.338623,34.096762]},"properties":{"brand":"Flock Safety"}},{"type":"Feature","geometry":{"type":"Point","coordinates":[-84.340644,33.833568]},"properties":{"brand":"Flock Safety"}},{"type":"Feature","geometry":{"type":"Point","coordinates":[-84.343133,33.83759]},"properties":{"brand":"Flock Safety"}},{"type":"Feature","geometry":{"type":"Point","coordinates":[-84.342119,33.841899]},"properties":{"brand":"Flock Safety"}},{"type":"Feature","geometry":{"type":"Point","coordinates":[-84.372501,33.802026]},"properties":{"brand":"Genetec"}},{"type":"Feature","geometry":{"type":"Point","coordinates":[-84.369433,33.797746]},"properties":{"brand":"Flock Safety"}},{"type":"Feature","geometry":{"type":"Point","coordinates":[-84.367847,33.799145]},"properties":{"brand":"Genetec"}},{"type":"Feature","geometry":{"type":"Point","coordinates":[-84.327325,33.8169]},"properties":{"brand":"Flock Safety"}},{"type":"Feature","geometry":{"type":"Point","coordinates":[-84.323341,33.81586]},"properties":{"brand":"Flock Safety"}},{"type":"Feature","geometry":{"type":"Point","coordinates":[-84.321648,33.815055]},"properties":{"brand":"Flock Safety"}},{"type":"Feature","geometry":{"type":"Point","coordinates":[-84.316598,33.816428]},"properties":{"brand":"Flock Safety"}},{"type":"Feature","geometry":{"type":"Point","coordinates":[-83.783973,34.182522]},"properties":{"brand":"Flock Safety"}},{"type":"Feature","geometry":{"type":"Point","coordinates":[-83.784219,34.182093]},"properties":{"brand":"Flock Safety"}},{"type":"Feature","geometry":{"type":"Point","coordinates":[-84.044779,34.029208]},"properties":{"brand":"Flock Safety"}},{"type":"Feature","geometry":{"type":"Point","coordinates":[-84.089168,33.987973]},"properties":{"brand":"Flock Safety"}},{"type":"Feature","geometry":{"type":"Point","coordinates":[-83.662952,32.874034]},"properties":{"brand":"Flock Safety"}},{"type":"Feature","geometry":{"type":"Point","coordinates":[-83.663498,32.874294]},"properties":{"brand":"Flock Safety"}},{"type":"Feature","geometry":{"type":"Point","coordinates":[-83.677482,32.89143]},"properties":{"brand":"Flock Safety"}},{"type":"Feature","geometry":{"type":"Point","coordinates":[-83.690067,32.896327]},"properties":{"brand":"Flock Safety"}},{"type":"Feature","geometry":{"type":"Point","coordinates":[-85.366772,34.976373]},"properties":{"brand":""}},{"type":"Feature","geometry":{"type":"Point","coordinates":[-85.3668,34.954583]},"properties":{"brand":""}},{"type":"Feature","geometry":{"type":"Point","coordinates":[-82.314795,32.542846]},"properties":{"brand":"Flock Safety"}},{"type":"Feature","geometry":{"type":"Point","coordinates":[-82.329474,32.59889]},"properties":{"brand":"Flock Safety"}},{"type":"Feature","geometry":{"type":"Point","coordinates":[-83.278005,33.975973]},"properties":{"brand":"Flock Safety"}},{"type":"Feature","geometry":{"type":"Point","coordinates":[-83.791732,34.370743]},"properties":{"brand":"Flock Safety"}},{"type":"Feature","geometry":{"type":"Point","coordinates":[-83.278005,33.975973]},"properties":{"brand":"Flock Safety"}},{"type":"Feature","geometry":{"type":"Point","coordinates":[-83.791252,34.370404]},"properties":{"brand":"Flock Safety"}},{"type":"Feature","geometry":{"type":"Point","coordinates":[-85.098383,33.615643]},"properties":{"brand":"Flock Safety"}},{"type":"Feature","geometry":{"type":"Point","coordinates":[-85.098383,33.615643]},"properties":{"brand":"Flock Safety"}},{"type":"Feature","geometry":{"type":"Point","coordinates":[-85.078909,33.580479]},"properties":{"brand":"Flock Safety"}},{"type":"Feature","geometry":{"type":"Point","coordinates":[-85.07929,33.578159]},"properties":{"brand":"Flock Safety"}},{"type":"Feature","geometry":{"type":"Point","coordinates":[-85.077464,33.567463]},"properties":{"brand":"Flock Safety"}},{"type":"Feature","geometry":{"type":"Point","coordinates":[-85.124257,33.459264]},"properties":{"brand":"Flock Safety"}},{"type":"Feature","geometry":{"type":"Point","coordinates":[-85.150216,33.690413]},"properties":{"brand":"Flock Safety"}},{"type":"Feature","geometry":{"type":"Point","coordinates":[-81.987974,34.927869]},"properties":{"brand":"Flock Safety"}},{"type":"Feature","geometry":{"type":"Point","coordinates":[-85.077459,33.618767]},"properties":{"brand":"Flock Safety"}},{"type":"Feature","geometry":{"type":"Point","coordinates":[-85.078909,33.580479]},"properties":{"brand":"Flock Safety"}},{"type":"Feature","geometry":{"type":"Point","coordinates":[-85.134355,33.42625]},"properties":{"brand":"Flock Safety"}},{"type":"Feature","geometry":{"type":"Point","coordinates":[-85.123801,33.460983]},"properties":{"brand":"Flock Safety"}},{"type":"Feature","geometry":{"type":"Point","coordinates":[-85.044851,33.565728]},"properties":{"brand":"Flock Safety"}},{"type":"Feature","geometry":{"type":"Point","coordinates":[-85.100551,33.594755]},"properties":{"brand":"Flock Safety"}},{"type":"Feature","geometry":{"type":"Point","coordinates":[-85.049744,33.570306]},"properties":{"brand":"Flock Safety"}},{"type":"Feature","geometry":{"type":"Point","coordinates":[-85.155291,33.695743]},"properties":{"brand":"Flock Safety"}},{"type":"Feature","geometry":{"type":"Point","coordinates":[-85.158208,33.700756]},"properties":{"brand":"Flock Safety"}},{"type":"Feature","geometry":{"type":"Point","coordinates":[-84.851489,34.827834]},"properties":{"brand":"Flock Safety"}},{"type":"Feature","geometry":{"type":"Point","coordinates":[-82.028097,34.475038]},"properties":{"brand":"Flock Safety"}},{"type":"Feature","geometry":{"type":"Point","coordinates":[-84.736015,34.143296]},"properties":{"brand":"Flock Safety"}},{"type":"Feature","geometry":{"type":"Point","coordinates":[-83.804454,34.404725]},"properties":{"brand":"Flock Safety"}},{"type":"Feature","geometry":{"type":"Point","coordinates":[-83.992008,34.060786]},"properties":{"brand":"Flock Safety"}},{"type":"Feature","geometry":{"type":"Point","coordinates":[-84.386719,33.985613]},"properties":{"brand":"Flock Safety"}},{"type":"Feature","geometry":{"type":"Point","coordinates":[-84.425237,33.950989]},"properties":{"brand":"Flock Safety"}},{"type":"Feature","geometry":{"type":"Point","coordinates":[-84.360783,34.069767]},"properties":{"brand":"Flock Safety"}},{"type":"Feature","geometry":{"type":"Point","coordinates":[-84.370202,34.082839]},"properties":{"brand":"Flock Safety"}},{"type":"Feature","geometry":{"type":"Point","coordinates":[-83.992372,33.290527]},"properties":{"brand":"Flock Safety"}},{"type":"Feature","geometry":{"type":"Point","coordinates":[-83.835436,33.306447]},"properties":{"brand":"Flock Safety"}},{"type":"Feature","geometry":{"type":"Point","coordinates":[-84.309546,33.873923]},"properties":{"brand":"Flock Safety"}},{"type":"Feature","geometry":{"type":"Point","coordinates":[-84.343996,33.990882]},"properties":{"brand":"Flock Safety"}},{"type":"Feature","geometry":{"type":"Point","coordinates":[-84.343996,33.990882]},"properties":{"brand":"Flock Safety"}},{"type":"Feature","geometry":{"type":"Point","coordinates":[-83.390924,33.171097]},"properties":{"brand":"Flock Safety"}},{"type":"Feature","geometry":{"type":"Point","coordinates":[-84.314701,33.843284]},"properties":{"brand":"Flock Safety"}},{"type":"Feature","geometry":{"type":"Point","coordinates":[-84.314701,33.843284]},"properties":{"brand":"Flock Safety"}},{"type":"Feature","geometry":{"type":"Point","coordinates":[-84.395824,33.617905]},"properties":{"brand":"Flock Safety"}},{"type":"Feature","geometry":{"type":"Point","coordinates":[-84.028435,34.035495]},"properties":{"brand":"Flock Safety"}},{"type":"Feature","geometry":{"type":"Point","coordinates":[-84.38294,33.619773]},"properties":{"brand":"Flock Safety"}},{"type":"Feature","geometry":{"type":"Point","coordinates":[-84.395854,33.618296]},"properties":{"brand":"Flock Safety"}},{"type":"Feature","geometry":{"type":"Point","coordinates":[-84.332265,34.026083]},"properties":{"brand":"Flock Safety"}},{"type":"Feature","geometry":{"type":"Point","coordinates":[-83.733071,32.814932]},"properties":{"brand":"Flock Safety"}},{"type":"Feature","geometry":{"type":"Point","coordinates":[-84.455276,34.235409]},"properties":{"brand":"Flock Safety"}},{"type":"Feature","geometry":{"type":"Point","coordinates":[-84.276826,34.019598]},"properties":{"brand":"Motorola Solutions"}},{"type":"Feature","geometry":{"type":"Point","coordinates":[-84.519226,34.544558]},"properties":{"brand":"Flock Safety"}},{"type":"Feature","geometry":{"type":"Point","coordinates":[-84.520974,34.550027]},"properties":{"brand":"Flock Safety"}},{"type":"Feature","geometry":{"type":"Point","coordinates":[-82.335029,34.855208]},"properties":{"brand":"Flock Safety"}},{"type":"Feature","geometry":{"type":"Point","coordinates":[-84.193736,34.182937]},"properties":{"brand":"Flock Safety"}},{"type":"Feature","geometry":{"type":"Point","coordinates":[-84.193755,34.183094]},"properties":{"brand":"Flock Safety"}},{"type":"Feature","geometry":{"type":"Point","coordinates":[-84.228548,34.24524]},"properties":{"brand":"Flock Safety"}},{"type":"Feature","geometry":{"type":"Point","coordinates":[-85.056271,32.50722]},"properties":{"brand":"Flock Safety"}},{"type":"Feature","geometry":{"type":"Point","coordinates":[-80.815495,34.989232]},"properties":{"brand":"Flock Safety"}},{"type":"Feature","geometry":{"type":"Point","coordinates":[-80.818096,34.980947]},"properties":{"brand":"Flock Safety"}},{"type":"Feature","geometry":{"type":"Point","coordinates":[-83.641604,32.623816]},"properties":{"brand":"Flock Safety"}},{"type":"Feature","geometry":{"type":"Point","coordinates":[-82.028455,33.52156]},"properties":{"brand":"Flock Safety"}},{"type":"Feature","geometry":{"type":"Point","coordinates":[-84.335494,34.848362]},"properties":{"brand":"Flock Safety"}},{"type":"Feature","geometry":{"type":"Point","coordinates":[-84.475387,34.257555]},"properties":{"brand":"Flock Safety"}},{"type":"Feature","geometry":{"type":"Point","coordinates":[-85.034863,33.044449]},"properties":{"brand":"Flock Safety"}},{"type":"Feature","geometry":{"type":"Point","coordinates":[-85.034967,33.040875]},"properties":{"brand":"Flock Safety"}},{"type":"Feature","geometry":{"type":"Point","coordinates":[-85.034781,33.047951]},"properties":{"brand":"Flock Safety"}},{"type":"Feature","geometry":{"type":"Point","coordinates":[-84.975472,33.111804]},"properties":{"brand":"Flock Safety"}},{"type":"Feature","geometry":{"type":"Point","coordinates":[-84.975407,33.111984]},"properties":{"brand":"Flock Safety"}},{"type":"Feature","geometry":{"type":"Point","coordinates":[-84.392265,33.804847]},"properties":{"brand":"Flock Safety"}},{"type":"Feature","geometry":{"type":"Point","coordinates":[-84.399158,33.808728]},"properties":{"brand":"Motorola Solutions"}},{"type":"Feature","geometry":{"type":"Point","coordinates":[-84.397741,33.808489]},"properties":{"brand":"Flock Safety"}},{"type":"Feature","geometry":{"type":"Point","coordinates":[-84.396229,33.808019]},"properties":{"brand":"Flock Safety"}},{"type":"Feature","geometry":{"type":"Point","coordinates":[-82.020813,34.559222]},"properties":{"brand":"Flock Safety"}},{"type":"Feature","geometry":{"type":"Point","coordinates":[-84.346333,33.929469]},"properties":{"brand":"Flock Safety"}},{"type":"Feature","geometry":{"type":"Point","coordinates":[-84.346352,33.929442]},"properties":{"brand":"Flock Safety"}},{"type":"Feature","geometry":{"type":"Point","coordinates":[-84.511271,34.198624]},"properties":{"brand":"Flock Safety"}},{"type":"Feature","geometry":{"type":"Point","coordinates":[-85.432125,32.611972]},"properties":{"brand":"Flock Safety"}},{"type":"Feature","geometry":{"type":"Point","coordinates":[-83.688284,32.841099]},"properties":{"brand":"Flock Safety"}},{"type":"Feature","geometry":{"type":"Point","coordinates":[-83.688486,32.840831]},"properties":{"brand":"Flock Safety"}},{"type":"Feature","geometry":{"type":"Point","coordinates":[-83.691438,32.858911]},"properties":{"brand":"Flock Safety"}},{"type":"Feature","geometry":{"type":"Point","coordinates":[-83.69193,32.858816]},"properties":{"brand":"Flock Safety"}},{"type":"Feature","geometry":{"type":"Point","coordinates":[-84.776571,33.911874]},"properties":{"brand":"Flock Safety"}},{"type":"Feature","geometry":{"type":"Point","coordinates":[-84.11434,33.954387]},"properties":{"brand":"Flock Safety"}},{"type":"Feature","geometry":{"type":"Point","coordinates":[-84.112141,33.953908]},"properties":{"brand":"Flock Safety"}},{"type":"Feature","geometry":{"type":"Point","coordinates":[-84.113207,33.955332]},"properties":{"brand":"Flock Safety"}},{"type":"Feature","geometry":{"type":"Point","coordinates":[-83.669991,34.158325]},"properties":{"brand":"Flock Safety"}},{"type":"Feature","geometry":{"type":"Point","coordinates":[-83.886169,34.20215]},"properties":{"brand":"Flock Safety"}},{"type":"Feature","geometry":{"type":"Point","coordinates":[-83.885995,34.202157]},"properties":{"brand":"Flock Safety"}},{"type":"Feature","geometry":{"type":"Point","coordinates":[-84.462683,33.894205]},"properties":{"brand":"Flock Safety"}},{"type":"Feature","geometry":{"type":"Point","coordinates":[-84.452134,33.890671]},"properties":{"brand":"Flock Safety"}},{"type":"Feature","geometry":{"type":"Point","coordinates":[-82.576812,34.824214]},"properties":{"brand":"Flock Safety"}},{"type":"Feature","geometry":{"type":"Point","coordinates":[-84.617992,33.622561]},"properties":{"brand":"Flock Safety"}},{"type":"Feature","geometry":{"type":"Point","coordinates":[-84.587313,33.640213]},"properties":{"brand":"Flock Safety"}},{"type":"Feature","geometry":{"type":"Point","coordinates":[-83.991948,34.142741]},"properties":{"brand":"Flock Safety"}},{"type":"Feature","geometry":{"type":"Point","coordinates":[-84.454379,34.288676]},"properties":{"brand":"Flock Safety"}},{"type":"Feature","geometry":{"type":"Point","coordinates":[-84.454379,34.288676]},"properties":{"brand":"Flock Safety"}},{"type":"Feature","geometry":{"type":"Point","coordinates":[-82.471022,34.79915]},"properties":{"brand":"Flock Safety"}},{"type":"Feature","geometry":{"type":"Point","coordinates":[-82.492616,34.831184]},"properties":{"brand":"Flock Safety"}},{"type":"Feature","geometry":{"type":"Point","coordinates":[-84.059074,33.679886]},"properties":{"brand":"Flock Safety"}},{"type":"Feature","geometry":{"type":"Point","coordinates":[-84.091558,33.993131]},"properties":{"brand":"Flock Safety"}},{"type":"Feature","geometry":{"type":"Point","coordinates":[-84.087712,33.988828]},"properties":{"brand":"Flock Safety"}},{"type":"Feature","geometry":{"type":"Point","coordinates":[-84.282184,34.038775]},"properties":{"brand":"Flock Safety"}},{"type":"Feature","geometry":{"type":"Point","coordinates":[-84.27787,34.034648]},"properties":{"brand":"Flock Safety"}},{"type":"Feature","geometry":{"type":"Point","coordinates":[-84.287455,34.022757]},"properties":{"brand":"Flock Safety"}},{"type":"Feature","geometry":{"type":"Point","coordinates":[-84.287455,34.022757]},"properties":{"brand":"Flock Safety"}},{"type":"Feature","geometry":{"type":"Point","coordinates":[-84.287455,34.022757]},"properties":{"brand":"Flock Safety"}},{"type":"Feature","geometry":{"type":"Point","coordinates":[-84.31812,34.019066]},"properties":{"brand":"Flock Safety"}},{"type":"Feature","geometry":{"type":"Point","coordinates":[-84.338055,34.010901]},"properties":{"brand":"Flock Safety"}},{"type":"Feature","geometry":{"type":"Point","coordinates":[-84.350764,34.005144]},"properties":{"brand":"Flock Safety"}},{"type":"Feature","geometry":{"type":"Point","coordinates":[-85.082859,32.536504]},"properties":{"brand":"Motorola Solutions"}},{"type":"Feature","geometry":{"type":"Point","coordinates":[-81.970896,34.507772]},"properties":{"brand":"Flock Safety"}},{"type":"Feature","geometry":{"type":"Point","coordinates":[-82.011506,34.50521]},"properties":{"brand":"Flock Safety"}},{"type":"Feature","geometry":{"type":"Point","coordinates":[-82.011506,34.50521]},"properties":{"brand":"Flock Safety"}},{"type":"Feature","geometry":{"type":"Point","coordinates":[-84.712097,34.110231]},"properties":{"brand":"Flock Safety"}},{"type":"Feature","geometry":{"type":"Point","coordinates":[-83.755037,34.522006]},"properties":{"brand":"Flock Safety"}},{"type":"Feature","geometry":{"type":"Point","coordinates":[-84.744124,34.120019]},"properties":{"brand":"Flock Safety"}},{"type":"Feature","geometry":{"type":"Point","coordinates":[-84.737721,34.119057]},"properties":{"brand":"Flock Safety"}},{"type":"Feature","geometry":{"type":"Point","coordinates":[-84.596056,34.039308]},"properties":{"brand":"Flock Safety"}},{"type":"Feature","geometry":{"type":"Point","coordinates":[-84.283969,33.776222]},"properties":{"brand":"Flock Safety"}},{"type":"Feature","geometry":{"type":"Point","coordinates":[-84.283989,33.776135]},"properties":{"brand":"Flock Safety"}},{"type":"Feature","geometry":{"type":"Point","coordinates":[-84.475876,33.901087]},"properties":{"brand":"Flock Safety"}},{"type":"Feature","geometry":{"type":"Point","coordinates":[-83.867635,33.830544]},"properties":{"brand":"Flock Safety"}},{"type":"Feature","geometry":{"type":"Point","coordinates":[-83.943457,33.85769]},"properties":{"brand":"Flock Safety"}},{"type":"Feature","geometry":{"type":"Point","coordinates":[-83.928555,33.852873]},"properties":{"brand":"Flock Safety"}},{"type":"Feature","geometry":{"type":"Point","coordinates":[-82.211002,34.630486]},"properties":{"brand":"Flock Safety"}},{"type":"Feature","geometry":{"type":"Point","coordinates":[-83.463712,34.146612]},"properties":{"brand":"Flock Safety"}},{"type":"Feature","geometry":{"type":"Point","coordinates":[-83.463378,34.145434]},"properties":{"brand":"Flock Safety"}},{"type":"Feature","geometry":{"type":"Point","coordinates":[-83.46193,34.146219]},"properties":{"brand":"Flock Safety"}},{"type":"Feature","geometry":{"type":"Point","coordinates":[-83.461864,34.145954]},"properties":{"brand":"Flock Safety"}},{"type":"Feature","geometry":{"type":"Point","coordinates":[-84.501061,34.196719]},"properties":{"brand":"Flock Safety"}},{"type":"Feature","geometry":{"type":"Point","coordinates":[-84.466253,34.170485]},"properties":{"brand":"Flock Safety"}},{"type":"Feature","geometry":{"type":"Point","coordinates":[-84.452956,34.167649]},"properties":{"brand":"Flock Safety"}},{"type":"Feature","geometry":{"type":"Point","coordinates":[-84.333997,33.20707]},"properties":{"brand":"Flock Safety"}},{"type":"Feature","geometry":{"type":"Point","coordinates":[-84.620573,33.318849]},"properties":{"brand":"Flock Safety"}},{"type":"Feature","geometry":{"type":"Point","coordinates":[-81.032555,34.89871]},"properties":{"brand":"Flock Safety"}},{"type":"Feature","geometry":{"type":"Point","coordinates":[-83.763869,32.882143]},"properties":{"brand":"Flock Safety"}},{"type":"Feature","geometry":{"type":"Point","coordinates":[-84.567093,33.902863]},"properties":{"brand":"Flock Safety"}},{"type":"Feature","geometry":{"type":"Point","coordinates":[-84.566554,33.902633]},"properties":{"brand":"Flock Safety"}},{"type":"Feature","geometry":{"type":"Point","coordinates":[-85.233753,33.557386]},"properties":{"brand":"Flock Safety"}},{"type":"Feature","geometry":{"type":"Point","coordinates":[-85.233753,33.557386]},"properties":{"brand":"Flock Safety"}},{"type":"Feature","geometry":{"type":"Point","coordinates":[-85.535002,32.618238]},"properties":{"brand":"Flock Safety"}},{"type":"Feature","geometry":{"type":"Point","coordinates":[-85.450955,32.654929]},"properties":{"brand":"Flock Safety"}},{"type":"Feature","geometry":{"type":"Point","coordinates":[-84.503142,34.636224]},"properties":{"brand":"Flock Safety"}},{"type":"Feature","geometry":{"type":"Point","coordinates":[-84.476339,34.246455]},"properties":{"brand":"Flock Safety"}},{"type":"Feature","geometry":{"type":"Point","coordinates":[-83.804113,34.404204]},"properties":{"brand":"Flock Safety"}},{"type":"Feature","geometry":{"type":"Point","coordinates":[-84.540366,33.894469]},"properties":{"brand":"Flock Safety"}},{"type":"Feature","geometry":{"type":"Point","coordinates":[-84.219496,33.882389]},"properties":{"brand":"Flock Safety"}},{"type":"Feature","geometry":{"type":"Point","coordinates":[-84.521439,34.06898]},"properties":{"brand":"Flock Safety"}},{"type":"Feature","geometry":{"type":"Point","coordinates":[-84.52192,34.076079]},"properties":{"brand":"Flock Safety"}},{"type":"Feature","geometry":{"type":"Point","coordinates":[-84.371869,34.373415]},"properties":{"brand":"Flock Safety"}},{"type":"Feature","geometry":{"type":"Point","coordinates":[-84.586894,33.389856]},"properties":{"brand":"Flock Safety"}},{"type":"Feature","geometry":{"type":"Point","coordinates":[-84.586946,33.389787]},"properties":{"brand":"Flock Safety"}},{"type":"Feature","geometry":{"type":"Point","coordinates":[-84.306676,33.787067]},"properties":{"brand":"Flock Safety"}},{"type":"Feature","geometry":{"type":"Point","coordinates":[-84.281352,33.774843]},"properties":{"brand":"Flock Safety"}},{"type":"Feature","geometry":{"type":"Point","coordinates":[-84.375695,33.902489]},"properties":{"brand":"Flock Safety"}},{"type":"Feature","geometry":{"type":"Point","coordinates":[-84.275664,33.876056]},"properties":{"brand":"Flock Safety"}},{"type":"Feature","geometry":{"type":"Point","coordinates":[-85.482911,32.606586]},"properties":{"brand":"Flock Safety"}},{"type":"Feature","geometry":{"type":"Point","coordinates":[-84.218835,33.465036]},"properties":{"brand":"Flock Safety"}},{"type":"Feature","geometry":{"type":"Point","coordinates":[-84.215019,33.464645]},"properties":{"brand":"Flock Safety"}},{"type":"Feature","geometry":{"type":"Point","coordinates":[-85.507678,32.600791]},"properties":{"brand":"Flock Safety"}},{"type":"Feature","geometry":{"type":"Point","coordinates":[-84.063087,34.148334]},"properties":{"brand":"Flock Safety"}},{"type":"Feature","geometry":{"type":"Point","coordinates":[-84.065663,34.150069]},"properties":{"brand":"Flock Safety"}},{"type":"Feature","geometry":{"type":"Point","coordinates":[-84.067091,34.136395]},"properties":{"brand":"Flock Safety"}},{"type":"Feature","geometry":{"type":"Point","coordinates":[-84.072283,34.277812]},"properties":{"brand":"Flock Safety"}},{"type":"Feature","geometry":{"type":"Point","coordinates":[-84.072967,34.281429]},"properties":{"brand":"Flock Safety"}},{"type":"Feature","geometry":{"type":"Point","coordinates":[-84.072926,34.281506]},"properties":{"brand":"Flock Safety"}},{"type":"Feature","geometry":{"type":"Point","coordinates":[-84.496901,33.817328]},"properties":{"brand":"Flock Safety"}},{"type":"Feature","geometry":{"type":"Point","coordinates":[-84.497448,33.816349]},"properties":{"brand":"Flock Safety"}},{"type":"Feature","geometry":{"type":"Point","coordinates":[-84.482302,33.897895]},"properties":{"brand":"Flock Safety"}},{"type":"Feature","geometry":{"type":"Point","coordinates":[-84.482308,33.897892]},"properties":{"brand":"Flock Safety"}},{"type":"Feature","geometry":{"type":"Point","coordinates":[-84.479247,33.901]},"properties":{"brand":"Flock Safety"}},{"type":"Feature","geometry":{"type":"Point","coordinates":[-84.47934,33.901073]},"properties":{"brand":"Flock Safety"}},{"type":"Feature","geometry":{"type":"Point","coordinates":[-84.025607,34.141132]},"properties":{"brand":"Flock Safety"}},{"type":"Feature","geometry":{"type":"Point","coordinates":[-83.909081,34.238884]},"properties":{"brand":"Flock Safety"}},{"type":"Feature","geometry":{"type":"Point","coordinates":[-84.08915,33.697168]},"properties":{"brand":"Flock Safety"}},{"type":"Feature","geometry":{"type":"Point","coordinates":[-84.089929,33.697192]},"properties":{"brand":"Flock Safety"}},{"type":"Feature","geometry":{"type":"Point","coordinates":[-84.121939,33.705958]},"properties":{"brand":"Flock Safety"}},{"type":"Feature","geometry":{"type":"Point","coordinates":[-84.08836,33.697005]},"properties":{"brand":"Flock Safety"}},{"type":"Feature","geometry":{"type":"Point","coordinates":[-84.08772,33.697042]},"properties":{"brand":"Flock Safety"}},{"type":"Feature","geometry":{"type":"Point","coordinates":[-84.089683,33.691771]},"properties":{"brand":"Flock Safety"}},{"type":"Feature","geometry":{"type":"Point","coordinates":[-84.090451,33.691658]},"properties":{"brand":"Flock Safety"}},{"type":"Feature","geometry":{"type":"Point","coordinates":[-84.106863,33.698659]},"properties":{"brand":"Flock Safety"}},{"type":"Feature","geometry":{"type":"Point","coordinates":[-84.106653,33.698461]},"properties":{"brand":"Flock Safety"}},{"type":"Feature","geometry":{"type":"Point","coordinates":[-84.089332,33.694723]},"properties":{"brand":"Flock Safety"}},{"type":"Feature","geometry":{"type":"Point","coordinates":[-84.089907,33.694623]},"properties":{"brand":"Flock Safety"}},{"type":"Feature","geometry":{"type":"Point","coordinates":[-84.089996,33.68455]},"properties":{"brand":"Flock Safety"}},{"type":"Feature","geometry":{"type":"Point","coordinates":[-84.0899,33.684545]},"properties":{"brand":"Flock Safety"}},{"type":"Feature","geometry":{"type":"Point","coordinates":[-84.134661,33.705256]},"properties":{"brand":"Flock Safety"}},{"type":"Feature","geometry":{"type":"Point","coordinates":[-84.112155,33.708318]},"properties":{"brand":"Flock Safety"}},{"type":"Feature","geometry":{"type":"Point","coordinates":[-84.142298,33.705886]},"properties":{"brand":"Flock Safety"}},{"type":"Feature","geometry":{"type":"Point","coordinates":[-85.501056,32.583521]},"properties":{"brand":"Flock Safety"}},{"type":"Feature","geometry":{"type":"Point","coordinates":[-85.580361,32.547632]},"properties":{"brand":"Flock Safety"}},{"type":"Feature","geometry":{"type":"Point","coordinates":[-85.432119,32.611936]},"properties":{"brand":"Flock Safety"}},{"type":"Feature","geometry":{"type":"Point","coordinates":[-85.144143,33.718003]},"properties":{"brand":"Flock Safety"}},{"type":"Feature","geometry":{"type":"Point","coordinates":[-85.143447,33.716918]},"properties":{"brand":"Flock Safety"}},{"type":"Feature","geometry":{"type":"Point","coordinates":[-83.989817,34.00057]},"properties":{"brand":"Flock Safety"}},{"type":"Feature","geometry":{"type":"Point","coordinates":[-83.779161,32.881408]},"properties":{"brand":"Flock Safety"}},{"type":"Feature","geometry":{"type":"Point","coordinates":[-82.551444,34.829885]},"properties":{"brand":"Flock Safety"}},{"type":"Feature","geometry":{"type":"Point","coordinates":[-84.757462,33.359546]},"properties":{"brand":"Flock Safety"}},{"type":"Feature","geometry":{"type":"Point","coordinates":[-84.274066,33.775278]},"properties":{"brand":"Flock Safety"}},{"type":"Feature","geometry":{"type":"Point","coordinates":[-84.307543,33.812668]},"properties":{"brand":"Flock Safety"}},{"type":"Feature","geometry":{"type":"Point","coordinates":[-84.273865,33.810553]},"properties":{"brand":"Flock Safety"}},{"type":"Feature","geometry":{"type":"Point","coordinates":[-84.463031,34.259802]},"properties":{"brand":"Flock Safety"}},{"type":"Feature","geometry":{"type":"Point","coordinates":[-84.274066,33.775278]},"properties":{"brand":"Flock Safety"}},{"type":"Feature","geometry":{"type":"Point","coordinates":[-82.214894,34.935246]},"properties":{"brand":"Flock Safety"}},{"type":"Feature","geometry":{"type":"Point","coordinates":[-81.110977,34.056529]},"properties":{"brand":"Flock Safety"}},{"type":"Feature","geometry":{"type":"Point","coordinates":[-81.119852,34.070303]},"properties":{"brand":"Motorola Solutions"}},{"type":"Feature","geometry":{"type":"Point","coordinates":[-84.299499,34.18571]},"properties":{"brand":"Flock Safety"}},{"type":"Feature","geometry":{"type":"Point","coordinates":[-84.297139,34.184815]},"properties":{"brand":"Flock Safety"}},{"type":"Feature","geometry":{"type":"Point","coordinates":[-84.297139,34.184815]},"properties":{"brand":"Flock Safety"}},{"type":"Feature","geometry":{"type":"Point","coordinates":[-84.297139,34.184815]},"properties":{"brand":"Flock Safety"}},{"type":"Feature","geometry":{"type":"Point","coordinates":[-84.245438,33.846561]},"properties":{"brand":"Flock Safety"}},{"type":"Feature","geometry":{"type":"Point","coordinates":[-84.245526,33.846679]},"properties":{"brand":"Flock Safety"}},{"type":"Feature","geometry":{"type":"Point","coordinates":[-84.62768,33.398525]},"properties":{"brand":"Flock Safety"}},{"type":"Feature","geometry":{"type":"Point","coordinates":[-84.626389,33.398213]},"properties":{"brand":"Flock Safety"}},{"type":"Feature","geometry":{"type":"Point","coordinates":[-84.627022,33.398562]},"properties":{"brand":"Flock Safety"}},{"type":"Feature","geometry":{"type":"Point","coordinates":[-84.628332,33.398458]},"properties":{"brand":"Flock Safety"}},{"type":"Feature","geometry":{"type":"Point","coordinates":[-83.308789,33.854293]},"properties":{"brand":"Flock Safety"}},{"type":"Feature","geometry":{"type":"Point","coordinates":[-83.311154,33.855063]},"properties":{"brand":"Flock Safety"}},{"type":"Feature","geometry":{"type":"Point","coordinates":[-84.957969,32.529205]},"properties":{"brand":"Flock Safety"}},{"type":"Feature","geometry":{"type":"Point","coordinates":[-83.826628,34.986338]},"properties":{"brand":"Flock Safety"}},{"type":"Feature","geometry":{"type":"Point","coordinates":[-84.761808,33.724717]},"properties":{"brand":"Flock Safety"}},{"type":"Feature","geometry":{"type":"Point","coordinates":[-81.981961,34.492852]},"properties":{"brand":"Flock Safety"}},{"type":"Feature","geometry":{"type":"Point","coordinates":[-82.017855,34.486576]},"properties":{"brand":"Flock Safety"}},{"type":"Feature","geometry":{"type":"Point","coordinates":[-82.018019,34.485888]},"properties":{"brand":"Flock Safety"}},{"type":"Feature","geometry":{"type":"Point","coordinates":[-84.901242,33.723611]},"properties":{"brand":"Flock Safety"}},{"type":"Feature","geometry":{"type":"Point","coordinates":[-84.082233,33.986817]},"properties":{"brand":"Flock Safety"}},{"type":"Feature","geometry":{"type":"Point","coordinates":[-84.082233,33.986817]},"properties":{"brand":"Flock Safety"}},{"type":"Feature","geometry":{"type":"Point","coordinates":[-84.586895,33.999888]},"properties":{"brand":"Flock Safety"}},{"type":"Feature","geometry":{"type":"Point","coordinates":[-84.586745,33.999848]},"properties":{"brand":"Flock Safety"}},{"type":"Feature","geometry":{"type":"Point","coordinates":[-84.748262,33.769354]},"properties":{"brand":"Flock Safety"}},{"type":"Feature","geometry":{"type":"Point","coordinates":[-84.748737,33.765893]},"properties":{"brand":"Flock Safety"}},{"type":"Feature","geometry":{"type":"Point","coordinates":[-84.712851,33.749881]},"properties":{"brand":"Flock Safety"}},{"type":"Feature","geometry":{"type":"Point","coordinates":[-84.698234,33.732973]},"properties":{"brand":"Flock Safety"}},{"type":"Feature","geometry":{"type":"Point","coordinates":[-84.695001,33.746354]},"properties":{"brand":"Flock Safety"}},{"type":"Feature","geometry":{"type":"Point","coordinates":[-83.979706,33.979931]},"properties":{"brand":"Flock Safety"}},{"type":"Feature","geometry":{"type":"Point","coordinates":[-83.979706,33.979931]},"properties":{"brand":"Flock Safety"}},{"type":"Feature","geometry":{"type":"Point","coordinates":[-82.29662,34.82794]},"properties":{"brand":"Flock Safety"}},{"type":"Feature","geometry":{"type":"Point","coordinates":[-83.717715,32.80663]},"properties":{"brand":"Flock Safety"}},{"type":"Feature","geometry":{"type":"Point","coordinates":[-84.342152,33.755549]},"properties":{"brand":"Flock Safety"}},{"type":"Feature","geometry":{"type":"Point","coordinates":[-83.780087,32.941477]},"properties":{"brand":"Flock Safety"}},{"type":"Feature","geometry":{"type":"Point","coordinates":[-83.774487,32.909811]},"properties":{"brand":"Flock Safety"}},{"type":"Feature","geometry":{"type":"Point","coordinates":[-84.376108,33.936911]},"properties":{"brand":"Flock Safety"}},{"type":"Feature","geometry":{"type":"Point","coordinates":[-85.22787,34.944848]},"properties":{"brand":"Flock Safety"}},{"type":"Feature","geometry":{"type":"Point","coordinates":[-84.349314,33.936413]},"properties":{"brand":"Flock Safety"}},{"type":"Feature","geometry":{"type":"Point","coordinates":[-84.347219,33.938468]},"properties":{"brand":"Flock Safety"}},{"type":"Feature","geometry":{"type":"Point","coordinates":[-84.335826,33.94528]},"properties":{"brand":"Flock Safety"}},{"type":"Feature","geometry":{"type":"Point","coordinates":[-84.381568,33.936813]},"properties":{"brand":"Flock Safety"}},{"type":"Feature","geometry":{"type":"Point","coordinates":[-84.394636,33.937845]},"properties":{"brand":"Flock Safety"}},{"type":"Feature","geometry":{"type":"Point","coordinates":[-84.328801,34.025228]},"properties":{"brand":"Flock Safety"}},{"type":"Feature","geometry":{"type":"Point","coordinates":[-83.822262,32.83152]},"properties":{"brand":"Flock Safety"}},{"type":"Feature","geometry":{"type":"Point","coordinates":[-83.823832,34.996887]},"properties":{"brand":"Flock Safety"}},{"type":"Feature","geometry":{"type":"Point","coordinates":[-84.568717,33.407425]},"properties":{"brand":"Flock Safety"}},{"type":"Feature","geometry":{"type":"Point","coordinates":[-84.591056,33.44113]},"properties":{"brand":"Flock Safety"}},{"type":"Feature","geometry":{"type":"Point","coordinates":[-84.60177,33.396526]},"properties":{"brand":"Flock Safety"}},{"type":"Feature","geometry":{"type":"Point","coordinates":[-83.719758,32.812706]},"properties":{"brand":"Flock Safety"}},{"type":"Feature","geometry":{"type":"Point","coordinates":[-83.690135,32.815319]},"properties":{"brand":"Flock Safety"}},{"type":"Feature","geometry":{"type":"Point","coordinates":[-83.656432,32.815419]},"properties":{"brand":"Flock Safety"}},{"type":"Feature","geometry":{"type":"Point","coordinates":[-83.708423,32.816017]},"properties":{"brand":"Flock Safety"}},{"type":"Feature","geometry":{"type":"Point","coordinates":[-84.038887,33.167191]},"properties":{"brand":"Flock Safety"}},{"type":"Feature","geometry":{"type":"Point","coordinates":[-83.346638,34.388489]},"properties":{"brand":"Flock Safety"}},{"type":"Feature","geometry":{"type":"Point","coordinates":[-83.240991,34.367667]},"properties":{"brand":"Flock Safety"}},{"type":"Feature","geometry":{"type":"Point","coordinates":[-82.924158,34.904385]},"properties":{"brand":"Flock Safety"}},{"type":"Feature","geometry":{"type":"Point","coordinates":[-82.840708,34.667689]},"properties":{"brand":"Flock Safety"}},{"type":"Feature","geometry":{"type":"Point","coordinates":[-84.577161,33.654073]},"properties":{"brand":"Flock Safety"}},{"type":"Feature","geometry":{"type":"Point","coordinates":[-83.553879,32.873898]},"properties":{"brand":"Flock Safety"}},{"type":"Feature","geometry":{"type":"Point","coordinates":[-83.489119,32.868043]},"properties":{"brand":"Flock Safety"}},{"type":"Feature","geometry":{"type":"Point","coordinates":[-84.639097,33.693294]},"properties":{"brand":"Flock Safety"}},{"type":"Feature","geometry":{"type":"Point","coordinates":[-84.663864,33.697165]},"properties":{"brand":"Flock Safety"}},{"type":"Feature","geometry":{"type":"Point","coordinates":[-84.325282,33.826651]},"properties":{"brand":"Flock Safety"}},{"type":"Feature","geometry":{"type":"Point","coordinates":[-84.211986,33.651184]},"properties":{"brand":"Flock Safety"}},{"type":"Feature","geometry":{"type":"Point","coordinates":[-83.594189,34.103067]},"properties":{"brand":"Flock Safety"}},{"type":"Feature","geometry":{"type":"Point","coordinates":[-83.597702,34.1001]},"properties":{"brand":"Flock Safety"}},{"type":"Feature","geometry":{"type":"Point","coordinates":[-83.597992,34.100105]},"properties":{"brand":"Flock Safety"}},{"type":"Feature","geometry":{"type":"Point","coordinates":[-83.594751,34.103167]},"properties":{"brand":"Flock Safety"}},{"type":"Feature","geometry":{"type":"Point","coordinates":[-83.644801,34.15216]},"properties":{"brand":"Flock Safety"}},{"type":"Feature","geometry":{"type":"Point","coordinates":[-83.644801,34.15216]},"properties":{"brand":"Flock Safety"}},{"type":"Feature","geometry":{"type":"Point","coordinates":[-83.819107,34.113459]},"properties":{"brand":"Leonardo"}},{"type":"Feature","geometry":{"type":"Point","coordinates":[-84.740206,34.057635]},"properties":{"brand":"Flock Safety"}},{"type":"Feature","geometry":{"type":"Point","coordinates":[-84.71999,34.086143]},"properties":{"brand":"Flock Safety"}},{"type":"Feature","geometry":{"type":"Point","coordinates":[-84.297978,33.891745]},"properties":{"brand":"Flock Safety"}},{"type":"Feature","geometry":{"type":"Point","coordinates":[-84.337197,33.865436]},"properties":{"brand":"Flock Safety"}},{"type":"Feature","geometry":{"type":"Point","coordinates":[-84.353167,33.88286]},"properties":{"brand":"Motorola Solutions"}},{"type":"Feature","geometry":{"type":"Point","coordinates":[-84.356897,33.884978]},"properties":{"brand":"Flock Safety"}},{"type":"Feature","geometry":{"type":"Point","coordinates":[-84.077369,34.118587]},"properties":{"brand":"Flock Safety"}},{"type":"Feature","geometry":{"type":"Point","coordinates":[-83.892376,34.994368]},"properties":{"brand":"Flock Safety"}},{"type":"Feature","geometry":{"type":"Point","coordinates":[-84.312325,34.023839]},"properties":{"brand":"Flock Safety"}},{"type":"Feature","geometry":{"type":"Point","coordinates":[-80.836431,34.99089]},"properties":{"brand":"Flock Safety"}},{"type":"Feature","geometry":{"type":"Point","coordinates":[-83.087772,34.658731]},"properties":{"brand":"Flock Safety"}},{"type":"Feature","geometry":{"type":"Point","coordinates":[-85.01356,33.048756]},"properties":{"brand":"Flock Safety"}},{"type":"Feature","geometry":{"type":"Point","coordinates":[-84.382806,34.073314]},"properties":{"brand":"Flock Safety"}},{"type":"Feature","geometry":{"type":"Point","coordinates":[-84.291421,34.378528]},"properties":{"brand":"Flock Safety"}},{"type":"Feature","geometry":{"type":"Point","coordinates":[-83.909486,34.179499]},"properties":{"brand":"Flock Safety"}},{"type":"Feature","geometry":{"type":"Point","coordinates":[-83.908881,34.18035]},"properties":{"brand":"Flock Safety"}},{"type":"Feature","geometry":{"type":"Point","coordinates":[-84.435473,34.165666]},"properties":{"brand":"Flock Safety"}},{"type":"Feature","geometry":{"type":"Point","coordinates":[-83.909822,34.181038]},"properties":{"brand":"Flock Safety"}},{"type":"Feature","geometry":{"type":"Point","coordinates":[-84.446052,34.167765]},"properties":{"brand":"Flock Safety"}},{"type":"Feature","geometry":{"type":"Point","coordinates":[-84.496487,34.173416]},"properties":{"brand":"Flock Safety"}},{"type":"Feature","geometry":{"type":"Point","coordinates":[-84.50046,34.173251]},"properties":{"brand":"Flock Safety"}},{"type":"Feature","geometry":{"type":"Point","coordinates":[-84.955238,33.013076]},"properties":{"brand":"Flock Safety"}},{"type":"Feature","geometry":{"type":"Point","coordinates":[-84.510834,34.149495]},"properties":{"brand":"Flock Safety"}},{"type":"Feature","geometry":{"type":"Point","coordinates":[-83.897214,34.157102]},"properties":{"brand":"Flock Safety"}},{"type":"Feature","geometry":{"type":"Point","coordinates":[-83.953112,34.142048]},"properties":{"brand":"Flock Safety"}},{"type":"Feature","geometry":{"type":"Point","coordinates":[-84.513863,34.144704]},"properties":{"brand":"Flock Safety"}},{"type":"Feature","geometry":{"type":"Point","coordinates":[-84.54116,34.064978]},"properties":{"brand":"Motorola Solutions"}},{"type":"Feature","geometry":{"type":"Point","coordinates":[-84.54116,34.064978]},"properties":{"brand":"Motorola Solutions"}},{"type":"Feature","geometry":{"type":"Point","coordinates":[-83.92902,34.178876]},"properties":{"brand":"Flock Safety"}},{"type":"Feature","geometry":{"type":"Point","coordinates":[-84.551606,33.990754]},"properties":{"brand":"Flock Safety"}},{"type":"Feature","geometry":{"type":"Point","coordinates":[-83.923324,34.186525]},"properties":{"brand":"Flock Safety"}},{"type":"Feature","geometry":{"type":"Point","coordinates":[-83.984456,34.122442]},"properties":{"brand":"Flock Safety"}},{"type":"Feature","geometry":{"type":"Point","coordinates":[-85.004514,33.02414]},"properties":{"brand":"Flock Safety"}},{"type":"Feature","geometry":{"type":"Point","coordinates":[-85.004935,33.024265]},"properties":{"brand":"Flock Safety"}},{"type":"Feature","geometry":{"type":"Point","coordinates":[-85.004923,33.024043]},"properties":{"brand":"Flock Safety"}},{"type":"Feature","geometry":{"type":"Point","coordinates":[-84.322933,33.825779]},"properties":{"brand":"Flock Safety"}},{"type":"Feature","geometry":{"type":"Point","coordinates":[-85.024484,33.035291]},"properties":{"brand":"Flock Safety"}},{"type":"Feature","geometry":{"type":"Point","coordinates":[-83.854974,34.187451]},"properties":{"brand":"Flock Safety"}},{"type":"Feature","geometry":{"type":"Point","coordinates":[-83.680072,32.630161]},"properties":{"brand":"Flock Safety"}},{"type":"Feature","geometry":{"type":"Point","coordinates":[-83.680075,32.630742]},"properties":{"brand":"Flock Safety"}},{"type":"Feature","geometry":{"type":"Point","coordinates":[-83.679839,32.630554]},"properties":{"brand":"Flock Safety"}},{"type":"Feature","geometry":{"type":"Point","coordinates":[-81.106007,34.050429]},"properties":{"brand":"Motorola Solutions"}},{"type":"Feature","geometry":{"type":"Point","coordinates":[-81.228161,33.908181]},"properties":{"brand":"Flock Safety"}},{"type":"Feature","geometry":{"type":"Point","coordinates":[-81.228111,33.90883]},"properties":{"brand":"Flock Safety"}},{"type":"Feature","geometry":{"type":"Point","coordinates":[-81.228209,33.909476]},"properties":{"brand":"Flock Safety"}},{"type":"Feature","geometry":{"type":"Point","coordinates":[-80.942294,34.140525]},"properties":{"brand":"Flock Safety"}},{"type":"Feature","geometry":{"type":"Point","coordinates":[-80.886644,34.11525]},"properties":{"brand":"Flock Safety"}},{"type":"Feature","geometry":{"type":"Point","coordinates":[-80.887442,34.113532]},"properties":{"brand":"Flock Safety"}},{"type":"Feature","geometry":{"type":"Point","coordinates":[-80.940743,34.140835]},"properties":{"brand":"Flock Safety"}},{"type":"Feature","geometry":{"type":"Point","coordinates":[-80.939512,34.140494]},"properties":{"brand":"Flock Safety"}},{"type":"Feature","geometry":{"type":"Point","coordinates":[-80.887814,34.114155]},"properties":{"brand":"Flock Safety"}},{"type":"Feature","geometry":{"type":"Point","coordinates":[-81.589098,34.28292]},"properties":{"brand":"Flock Safety"}},{"type":"Feature","geometry":{"type":"Point","coordinates":[-81.590123,34.282723]},"properties":{"brand":"Flock Safety"}},{"type":"Feature","geometry":{"type":"Point","coordinates":[-81.591239,34.283466]},"properties":{"brand":"Flock Safety"}},{"type":"Feature","geometry":{"type":"Point","coordinates":[-81.591281,34.283873]},"properties":{"brand":"Flock Safety"}},{"type":"Feature","geometry":{"type":"Point","coordinates":[-82.189596,34.204931]},"properties":{"brand":"Flock Safety"}},{"type":"Feature","geometry":{"type":"Point","coordinates":[-82.560901,34.790333]},"properties":{"brand":"Flock Safety"}},{"type":"Feature","geometry":{"type":"Point","coordinates":[-81.152683,34.088717]},"properties":{"brand":"Axis Communications"}},{"type":"Feature","geometry":{"type":"Point","coordinates":[-83.709198,32.631049]},"properties":{"brand":"Flock Safety"}},{"type":"Feature","geometry":{"type":"Point","coordinates":[-83.708649,32.633166]},"properties":{"brand":"Flock Safety"}},{"type":"Feature","geometry":{"type":"Point","coordinates":[-85.347688,34.978528]},"properties":{"brand":"Flock Safety"}},{"type":"Feature","geometry":{"type":"Point","coordinates":[-84.325282,33.826651]},"properties":{"brand":"Flock Safety"}},{"type":"Feature","geometry":{"type":"Point","coordinates":[-84.010074,33.925178]},"properties":{"brand":"Flock Safety"}},{"type":"Feature","geometry":{"type":"Point","coordinates":[-83.995073,33.944987]},"properties":{"brand":"Flock Safety"}},{"type":"Feature","geometry":{"type":"Point","coordinates":[-84.949272,32.54424]},"properties":{"brand":"Flock Safety"}},{"type":"Feature","geometry":{"type":"Point","coordinates":[-83.977032,34.868537]},"properties":{"brand":"Flock Safety"}},{"type":"Feature","geometry":{"type":"Point","coordinates":[-84.342951,34.035876]},"properties":{"brand":"Flock Safety"}},{"type":"Feature","geometry":{"type":"Point","coordinates":[-84.341253,34.032756]},"properties":{"brand":"Flock Safety"}},{"type":"Feature","geometry":{"type":"Point","coordinates":[-84.346504,34.020779]},"properties":{"brand":"Flock Safety"}},{"type":"Feature","geometry":{"type":"Point","coordinates":[-84.326911,34.020228]},"properties":{"brand":"Flock Safety"}},{"type":"Feature","geometry":{"type":"Point","coordinates":[-85.484909,32.588914]},"properties":{"brand":"Flock Safety"}},{"type":"Feature","geometry":{"type":"Point","coordinates":[-83.820797,33.619517]},"properties":{"brand":"Flock Safety"}},{"type":"Feature","geometry":{"type":"Point","coordinates":[-83.824939,33.613965]},"properties":{"brand":"Flock Safety"}},{"type":"Feature","geometry":{"type":"Point","coordinates":[-84.742718,34.119959]},"properties":{"brand":"Flock Safety"}},{"type":"Feature","geometry":{"type":"Point","coordinates":[-83.959731,34.008834]},"properties":{"brand":"Flock Safety"}},{"type":"Feature","geometry":{"type":"Point","coordinates":[-83.850153,33.972974]},"properties":{"brand":"Flock Safety"}},{"type":"Feature","geometry":{"type":"Point","coordinates":[-83.580992,33.946681]},"properties":{"brand":"Flock Safety"}},{"type":"Feature","geometry":{"type":"Point","coordinates":[-85.479953,32.604236]},"properties":{"brand":"Flock Safety"}},{"type":"Feature","geometry":{"type":"Point","coordinates":[-84.310587,33.685995]},"properties":{"brand":"Flock Safety"}},{"type":"Feature","geometry":{"type":"Point","coordinates":[-84.392246,33.65333]},"properties":{"brand":"Flock Safety"}},{"type":"Feature","geometry":{"type":"Point","coordinates":[-84.310813,33.685108]},"properties":{"brand":"Flock Safety"}},{"type":"Feature","geometry":{"type":"Point","coordinates":[-84.33313,33.82567]},"properties":{"brand":"Flock Safety"}},{"type":"Feature","geometry":{"type":"Point","coordinates":[-84.020762,34.12421]},"properties":{"brand":"Flock Safety"}},{"type":"Feature","geometry":{"type":"Point","coordinates":[-83.867105,34.095364]},"properties":{"brand":"Flock Safety"}},{"type":"Feature","geometry":{"type":"Point","coordinates":[-84.063299,34.145439]},"properties":{"brand":"Flock Safety"}},{"type":"Feature","geometry":{"type":"Point","coordinates":[-84.391807,33.892723]},"properties":{"brand":"Flock Safety"}},{"type":"Feature","geometry":{"type":"Point","coordinates":[-82.995729,34.694952]},"properties":{"brand":"Flock Safety"}},{"type":"Feature","geometry":{"type":"Point","coordinates":[-83.074453,34.648359]},"properties":{"brand":"Flock Safety"}},{"type":"Feature","geometry":{"type":"Point","coordinates":[-84.256124,34.416551]},"properties":{"brand":"Flock Safety"}},{"type":"Feature","geometry":{"type":"Point","coordinates":[-84.518517,33.853404]},"properties":{"brand":"Flock Safety"}},{"type":"Feature","geometry":{"type":"Point","coordinates":[-84.060203,33.887334]},"properties":{"brand":"Flock Safety"}},{"type":"Feature","geometry":{"type":"Point","coordinates":[-84.058135,33.889229]},"properties":{"brand":"Flock Safety"}},{"type":"Feature","geometry":{"type":"Point","coordinates":[-84.055445,33.894012]},"properties":{"brand":"Flock Safety"}},{"type":"Feature","geometry":{"type":"Point","coordinates":[-84.014925,33.921109]},"properties":{"brand":"Flock Safety"}},{"type":"Feature","geometry":{"type":"Point","coordinates":[-84.351693,33.818534]},"properties":{"brand":"Flock Safety"}},{"type":"Feature","geometry":{"type":"Point","coordinates":[-84.351229,33.81824]},"properties":{"brand":"Flock Safety"}},{"type":"Feature","geometry":{"type":"Point","coordinates":[-84.349068,33.820359]},"properties":{"brand":"Flock Safety"}},{"type":"Feature","geometry":{"type":"Point","coordinates":[-83.685135,32.815786]},"properties":{"brand":"Flock Safety"}},{"type":"Feature","geometry":{"type":"Point","coordinates":[-83.685303,32.816127]},"properties":{"brand":"Flock Safety"}},{"type":"Feature","geometry":{"type":"Point","coordinates":[-83.685717,32.815443]},"properties":{"brand":"Flock Safety"}},{"type":"Feature","geometry":{"type":"Point","coordinates":[-83.690663,32.814397]},"properties":{"brand":"Flock Safety"}},{"type":"Feature","geometry":{"type":"Point","coordinates":[-83.690717,32.813608]},"properties":{"brand":"Flock Safety"}},{"type":"Feature","geometry":{"type":"Point","coordinates":[-82.265799,34.939837]},"properties":{"brand":"Flock Safety"}},{"type":"Feature","geometry":{"type":"Point","coordinates":[-83.678848,32.825354]},"properties":{"brand":"Flock Safety"}},{"type":"Feature","geometry":{"type":"Point","coordinates":[-83.679727,32.824734]},"properties":{"brand":"Flock Safety"}},{"type":"Feature","geometry":{"type":"Point","coordinates":[-82.441418,34.966096]},"properties":{"brand":"Flock Safety"}},{"type":"Feature","geometry":{"type":"Point","coordinates":[-82.441418,34.966096]},"properties":{"brand":"Flock Safety"}},{"type":"Feature","geometry":{"type":"Point","coordinates":[-83.854192,34.23899]},"properties":{"brand":"Flock Safety"}},{"type":"Feature","geometry":{"type":"Point","coordinates":[-84.79294,34.196853]},"properties":{"brand":"Flock Safety"}},{"type":"Feature","geometry":{"type":"Point","coordinates":[-83.840024,34.269028]},"properties":{"brand":"Flock Safety"}},{"type":"Feature","geometry":{"type":"Point","coordinates":[-83.840338,34.268752]},"properties":{"brand":"Flock Safety"}},{"type":"Feature","geometry":{"type":"Point","coordinates":[-83.998481,34.034372]},"properties":{"brand":"Flock Safety"}},{"type":"Feature","geometry":{"type":"Point","coordinates":[-84.016939,33.919374]},"properties":{"brand":"Flock Safety"}},{"type":"Feature","geometry":{"type":"Point","coordinates":[-83.852262,34.263257]},"properties":{"brand":"Flock Safety"}},{"type":"Feature","geometry":{"type":"Point","coordinates":[-83.851794,34.263049]},"properties":{"brand":"Flock Safety"}},{"type":"Feature","geometry":{"type":"Point","coordinates":[-83.763208,34.961528]},"properties":{"brand":"Flock Safety"}},{"type":"Feature","geometry":{"type":"Point","coordinates":[-83.741535,34.939656]},"properties":{"brand":"Flock Safety"}},{"type":"Feature","geometry":{"type":"Point","coordinates":[-83.631153,32.843902]},"properties":{"brand":"Flock Safety"}},{"type":"Feature","geometry":{"type":"Point","coordinates":[-83.63017,32.843343]},"properties":{"brand":"Flock Safety"}},{"type":"Feature","geometry":{"type":"Point","coordinates":[-84.75313,33.359045]},"properties":{"brand":"Flock Safety"}},{"type":"Feature","geometry":{"type":"Point","coordinates":[-84.393445,33.721885]},"properties":{"brand":"Flock Safety"}},{"type":"Feature","geometry":{"type":"Point","coordinates":[-84.393445,33.721885]},"properties":{"brand":"Flock Safety"}},{"type":"Feature","geometry":{"type":"Point","coordinates":[-83.972736,34.117314]},"properties":{"brand":"Neology, Inc."}},{"type":"Feature","geometry":{"type":"Point","coordinates":[-84.444672,33.979412]},"properties":{"brand":"Flock Safety"}},{"type":"Feature","geometry":{"type":"Point","coordinates":[-84.444585,33.97929]},"properties":{"brand":"Flock Safety"}},{"type":"Feature","geometry":{"type":"Point","coordinates":[-84.47315,33.975255]},"properties":{"brand":"Flock Safety"}},{"type":"Feature","geometry":{"type":"Point","coordinates":[-84.052558,33.953342]},"properties":{"brand":"Flock Safety"}},{"type":"Feature","geometry":{"type":"Point","coordinates":[-84.112294,33.959057]},"properties":{"brand":"Flock Safety"}},{"type":"Feature","geometry":{"type":"Point","coordinates":[-84.116042,33.961809]},"properties":{"brand":"Flock Safety"}},{"type":"Feature","geometry":{"type":"Point","coordinates":[-84.101685,33.95212]},"properties":{"brand":"Flock Safety"}},{"type":"Feature","geometry":{"type":"Point","coordinates":[-84.016939,33.919374]},"properties":{"brand":"Flock Safety"}},{"type":"Feature","geometry":{"type":"Point","coordinates":[-84.115778,33.961283]},"properties":{"brand":"Flock Safety"}},{"type":"Feature","geometry":{"type":"Point","coordinates":[-84.136345,33.965469]},"properties":{"brand":"Flock Safety"}},{"type":"Feature","geometry":{"type":"Point","coordinates":[-84.05982,33.886184]},"properties":{"brand":"Flock Safety"}},{"type":"Feature","geometry":{"type":"Point","coordinates":[-82.858933,34.683891]},"properties":{"brand":"Flock Safety"}},{"type":"Feature","geometry":{"type":"Point","coordinates":[-84.226867,34.25329]},"properties":{"brand":"Flock Safety"}},{"type":"Feature","geometry":{"type":"Point","coordinates":[-85.120651,34.216642]},"properties":{"brand":"Flock Safety"}},{"type":"Feature","geometry":{"type":"Point","coordinates":[-84.337529,33.931096]},"properties":{"brand":"Flock Safety"}},{"type":"Feature","geometry":{"type":"Point","coordinates":[-84.3371,33.931577]},"properties":{"brand":"Flock Safety"}},{"type":"Feature","geometry":{"type":"Point","coordinates":[-84.33905,33.919498]},"properties":{"brand":"Flock Safety"}},{"type":"Feature","geometry":{"type":"Point","coordinates":[-84.339059,33.919521]},"properties":{"brand":"Flock Safety"}},{"type":"Feature","geometry":{"type":"Point","coordinates":[-85.161794,33.710382]},"properties":{"brand":"Flock Safety"}},{"type":"Feature","geometry":{"type":"Point","coordinates":[-83.882591,34.208541]},"properties":{"brand":"Flock Safety"}},{"type":"Feature","geometry":{"type":"Point","coordinates":[-84.355419,33.787552]},"properties":{"brand":"Flock Safety"}},{"type":"Feature","geometry":{"type":"Point","coordinates":[-84.360707,33.848615]},"properties":{"brand":"Flock Safety"}},{"type":"Feature","geometry":{"type":"Point","coordinates":[-84.443955,33.901876]},"properties":{"brand":"Flock Safety"}},{"type":"Feature","geometry":{"type":"Point","coordinates":[-84.463995,33.905378]},"properties":{"brand":"Flock Safety"}},{"type":"Feature","geometry":{"type":"Point","coordinates":[-84.472267,33.902605]},"properties":{"brand":"Flock Safety"}},{"type":"Feature","geometry":{"type":"Point","coordinates":[-84.471408,33.903187]},"properties":{"brand":"Flock Safety"}},{"type":"Feature","geometry":{"type":"Point","coordinates":[-84.362199,33.85049]},"properties":{"brand":"Flock Safety"}},{"type":"Feature","geometry":{"type":"Point","coordinates":[-84.361742,33.850539]},"properties":{"brand":"Flock Safety"}},{"type":"Feature","geometry":{"type":"Point","coordinates":[-84.813552,33.222731]},"properties":{"brand":"Flock Safety"}},{"type":"Feature","geometry":{"type":"Point","coordinates":[-84.809844,33.229352]},"properties":{"brand":"Flock Safety"}},{"type":"Feature","geometry":{"type":"Point","coordinates":[-84.36015,33.85308]},"properties":{"brand":"Genetec"}},{"type":"Feature","geometry":{"type":"Point","coordinates":[-84.361744,33.850537]},"properties":{"brand":"Genetec"}},{"type":"Feature","geometry":{"type":"Point","coordinates":[-83.973704,33.822307]},"properties":{"brand":"Flock Safety"}},{"type":"Feature","geometry":{"type":"Point","coordinates":[-84.367823,33.837774]},"properties":{"brand":"Flock Safety"}},{"type":"Feature","geometry":{"type":"Point","coordinates":[-84.411226,33.848769]},"properties":{"brand":"Flock Safety"}},{"type":"Feature","geometry":{"type":"Point","coordinates":[-83.87471,34.119432]},"properties":{"brand":"Flock Safety"}},{"type":"Feature","geometry":{"type":"Point","coordinates":[-83.874612,34.119295]},"properties":{"brand":"Flock Safety"}},{"type":"Feature","geometry":{"type":"Point","coordinates":[-83.875274,34.112501]},"properties":{"brand":"Flock Safety"}},{"type":"Feature","geometry":{"type":"Point","coordinates":[-84.511626,33.938992]},"properties":{"brand":"Flock Safety"}},{"type":"Feature","geometry":{"type":"Point","coordinates":[-83.860869,34.111534]},"properties":{"brand":"Flock Safety"}},{"type":"Feature","geometry":{"type":"Point","coordinates":[-83.861447,34.111923]},"properties":{"brand":"Flock Safety"}},{"type":"Feature","geometry":{"type":"Point","coordinates":[-83.829463,34.125916]},"properties":{"brand":"Flock Safety"}},{"type":"Feature","geometry":{"type":"Point","coordinates":[-83.829494,34.125794]},"properties":{"brand":"Flock Safety"}},{"type":"Feature","geometry":{"type":"Point","coordinates":[-83.830803,34.128776]},"properties":{"brand":"Flock Safety"}},{"type":"Feature","geometry":{"type":"Point","coordinates":[-83.830692,34.128889]},"properties":{"brand":"Flock Safety"}},{"type":"Feature","geometry":{"type":"Point","coordinates":[-81.085182,34.37685]},"properties":{"brand":"Flock Safety"}},{"type":"Feature","geometry":{"type":"Point","coordinates":[-83.869316,34.231784]},"properties":{"brand":"Flock Safety"}},{"type":"Feature","geometry":{"type":"Point","coordinates":[-83.872182,34.235525]},"properties":{"brand":"Flock Safety"}},{"type":"Feature","geometry":{"type":"Point","coordinates":[-83.859327,34.233651]},"properties":{"brand":"Flock Safety"}},{"type":"Feature","geometry":{"type":"Point","coordinates":[-83.872506,34.233703]},"properties":{"brand":"Flock Safety"}},{"type":"Feature","geometry":{"type":"Point","coordinates":[-84.920815,34.376998]},"properties":{"brand":"Flock Safety"}},{"type":"Feature","geometry":{"type":"Point","coordinates":[-85.003562,34.369011]},"properties":{"brand":"Flock Safety"}},{"type":"Feature","geometry":{"type":"Point","coordinates":[-85.026585,34.368716]},"properties":{"brand":"Flock Safety"}},{"type":"Feature","geometry":{"type":"Point","coordinates":[-83.926677,34.182489]},"properties":{"brand":"Flock Safety"}},{"type":"Feature","geometry":{"type":"Point","coordinates":[-83.9943,33.949897]},"properties":{"brand":"Flock Safety"}},{"type":"Feature","geometry":{"type":"Point","coordinates":[-83.994839,33.952471]},"properties":{"brand":"Flock Safety"}},{"type":"Feature","geometry":{"type":"Point","coordinates":[-83.990746,33.950451]},"properties":{"brand":"Flock Safety"}},{"type":"Feature","geometry":{"type":"Point","coordinates":[-84.939325,33.696634]},"properties":{"brand":"Flock Safety"}},{"type":"Feature","geometry":{"type":"Point","coordinates":[-84.574696,34.042472]},"properties":{"brand":"Flock Safety"}},{"type":"Feature","geometry":{"type":"Point","coordinates":[-84.33349,33.833601]},"properties":{"brand":"Flock Safety"}},{"type":"Feature","geometry":{"type":"Point","coordinates":[-84.393401,33.736955]},"properties":{"brand":"Flock Safety"}},{"type":"Feature","geometry":{"type":"Point","coordinates":[-84.574017,34.041529]},"properties":{"brand":"Flock Safety"}},{"type":"Feature","geometry":{"type":"Point","coordinates":[-84.399486,33.672994]},"properties":{"brand":"Flock Safety"}},{"type":"Feature","geometry":{"type":"Point","coordinates":[-84.399486,33.672994]},"properties":{"brand":"Flock Safety"}},{"type":"Feature","geometry":{"type":"Point","coordinates":[-83.746791,33.798493]},"properties":{"brand":"Flock Safety"}},{"type":"Feature","geometry":{"type":"Point","coordinates":[-83.746786,33.798264]},"properties":{"brand":"Flock Safety"}},{"type":"Feature","geometry":{"type":"Point","coordinates":[-84.24955,33.789168]},"properties":{"brand":"Flock Safety"}},{"type":"Feature","geometry":{"type":"Point","coordinates":[-84.195903,33.916672]},"properties":{"brand":"Flock Safety"}},{"type":"Feature","geometry":{"type":"Point","coordinates":[-84.248535,33.788155]},"properties":{"brand":"Flock Safety"}},{"type":"Feature","geometry":{"type":"Point","coordinates":[-84.208948,33.917928]},"properties":{"brand":"Flock Safety"}},{"type":"Feature","geometry":{"type":"Point","coordinates":[-84.18813,33.916016]},"properties":{"brand":"Flock Safety"}},{"type":"Feature","geometry":{"type":"Point","coordinates":[-84.187816,33.919067]},"properties":{"brand":"Flock Safety"}},{"type":"Feature","geometry":{"type":"Point","coordinates":[-84.171506,33.921817]},"properties":{"brand":"Flock Safety"}},{"type":"Feature","geometry":{"type":"Point","coordinates":[-84.17228,33.922963]},"properties":{"brand":"Flock Safety"}},{"type":"Feature","geometry":{"type":"Point","coordinates":[-84.163134,33.915997]},"properties":{"brand":"Flock Safety"}},{"type":"Feature","geometry":{"type":"Point","coordinates":[-84.160768,33.912179]},"properties":{"brand":"Flock Safety"}},{"type":"Feature","geometry":{"type":"Point","coordinates":[-84.150854,33.902625]},"properties":{"brand":"Flock Safety"}},{"type":"Feature","geometry":{"type":"Point","coordinates":[-84.115802,33.882624]},"properties":{"brand":"Flock Safety"}},{"type":"Feature","geometry":{"type":"Point","coordinates":[-84.147971,33.900598]},"properties":{"brand":"Flock Safety"}},{"type":"Feature","geometry":{"type":"Point","coordinates":[-84.138347,33.895057]},"properties":{"brand":"Flock Safety"}},{"type":"Feature","geometry":{"type":"Point","coordinates":[-84.124917,33.890686]},"properties":{"brand":"Flock Safety"}},{"type":"Feature","geometry":{"type":"Point","coordinates":[-84.084796,33.891074]},"properties":{"brand":"Flock Safety"}},{"type":"Feature","geometry":{"type":"Point","coordinates":[-84.676672,34.078252]},"properties":{"brand":"Flock Safety"}},{"type":"Feature","geometry":{"type":"Point","coordinates":[-82.364084,34.798928]},"properties":{"brand":"Flock Safety"}},{"type":"Feature","geometry":{"type":"Point","coordinates":[-85.073859,33.53973]},"properties":{"brand":"Flock Safety"}},{"type":"Feature","geometry":{"type":"Point","coordinates":[-85.04333,33.593319]},"properties":{"brand":"Flock Safety"}},{"type":"Feature","geometry":{"type":"Point","coordinates":[-83.66254,32.845005]},"properties":{"brand":"Flock Safety"}},{"type":"Feature","geometry":{"type":"Point","coordinates":[-83.662264,32.842187]},"properties":{"brand":"Flock Safety"}},{"type":"Feature","geometry":{"type":"Point","coordinates":[-84.382993,33.840646]},"properties":{"brand":"Flock Safety"}},{"type":"Feature","geometry":{"type":"Point","coordinates":[-81.910673,34.943102]},"properties":{"brand":"Flock Safety"}},{"type":"Feature","geometry":{"type":"Point","coordinates":[-84.407356,33.847385]},"properties":{"brand":"Motorola Solutions"}},{"type":"Feature","geometry":{"type":"Point","coordinates":[-84.232768,33.786666]},"properties":{"brand":"Flock Safety"}},{"type":"Feature","geometry":{"type":"Point","coordinates":[-84.387592,33.843756]},"properties":{"brand":"Flock Safety"}},{"type":"Feature","geometry":{"type":"Point","coordinates":[-84.433467,33.859086]},"properties":{"brand":"Flock Safety"}},{"type":"Feature","geometry":{"type":"Point","coordinates":[-84.393858,33.84401]},"properties":{"brand":"Flock Safety"}},{"type":"Feature","geometry":{"type":"Point","coordinates":[-84.400435,33.845414]},"properties":{"brand":"Flock Safety"}},{"type":"Feature","geometry":{"type":"Point","coordinates":[-84.49878,33.951964]},"properties":{"brand":"Flock Safety"}},{"type":"Feature","geometry":{"type":"Point","coordinates":[-84.032272,33.942247]},"properties":{"brand":"Flock Safety"}},{"type":"Feature","geometry":{"type":"Point","coordinates":[-84.027117,33.93813]},"properties":{"brand":"Flock Safety"}},{"type":"Feature","geometry":{"type":"Point","coordinates":[-83.409279,34.580676]},"properties":{"brand":"Flock Safety"}},{"type":"Feature","geometry":{"type":"Point","coordinates":[-80.907444,34.15009]},"properties":{"brand":"Flock Safety"}},{"type":"Feature","geometry":{"type":"Point","coordinates":[-84.080277,32.930617]},"properties":{"brand":"Flock Safety"}},{"type":"Feature","geometry":{"type":"Point","coordinates":[-83.38458,35.041074]},"properties":{"brand":"Flock Safety"}},{"type":"Feature","geometry":{"type":"Point","coordinates":[-84.852184,34.249252]},"properties":{"brand":"Flock Safety"}},{"type":"Feature","geometry":{"type":"Point","coordinates":[-81.637417,32.760232]},"properties":{"brand":"Flock Safety"}},{"type":"Feature","geometry":{"type":"Point","coordinates":[-81.647078,32.761799]},"properties":{"brand":"Flock Safety"}},{"type":"Feature","geometry":{"type":"Point","coordinates":[-83.992323,34.527578]},"properties":{"brand":"Flock Safety"}},{"type":"Feature","geometry":{"type":"Point","coordinates":[-84.591426,33.710884]},"properties":{"brand":"Flock Safety"}},{"type":"Feature","geometry":{"type":"Point","coordinates":[-84.59441,33.58761]},"properties":{"brand":"Flock Safety"}},{"type":"Feature","geometry":{"type":"Point","coordinates":[-84.588717,33.583574]},"properties":{"brand":"Flock Safety"}},{"type":"Feature","geometry":{"type":"Point","coordinates":[-84.453855,33.880432]},"properties":{"brand":"Flock Safety"}},{"type":"Feature","geometry":{"type":"Point","coordinates":[-84.456338,33.877447]},"properties":{"brand":"Flock Safety"}},{"type":"Feature","geometry":{"type":"Point","coordinates":[-84.456861,33.878172]},"properties":{"brand":"Flock Safety"}},{"type":"Feature","geometry":{"type":"Point","coordinates":[-84.456852,33.878259]},"properties":{"brand":"Flock Safety"}},{"type":"Feature","geometry":{"type":"Point","coordinates":[-84.455244,33.877668]},"properties":{"brand":"Flock Safety"}},{"type":"Feature","geometry":{"type":"Point","coordinates":[-84.455495,33.877678]},"properties":{"brand":"Flock Safety"}},{"type":"Feature","geometry":{"type":"Point","coordinates":[-84.456318,33.877634]},"properties":{"brand":"Flock Safety"}},{"type":"Feature","geometry":{"type":"Point","coordinates":[-84.45593,33.87988]},"properties":{"brand":"Flock Safety"}},{"type":"Feature","geometry":{"type":"Point","coordinates":[-84.455913,33.879737]},"properties":{"brand":"Flock Safety"}},{"type":"Feature","geometry":{"type":"Point","coordinates":[-84.385866,33.842486]},"properties":{"brand":"Flock Safety"}},{"type":"Feature","geometry":{"type":"Point","coordinates":[-84.385614,33.842159]},"properties":{"brand":"Flock Safety"}},{"type":"Feature","geometry":{"type":"Point","coordinates":[-84.384547,33.841525]},"properties":{"brand":"Flock Safety"}},{"type":"Feature","geometry":{"type":"Point","coordinates":[-84.384547,33.841525]},"properties":{"brand":"Flock Safety"}},{"type":"Feature","geometry":{"type":"Point","coordinates":[-84.371659,33.838302]},"properties":{"brand":"Flock Safety"}},{"type":"Feature","geometry":{"type":"Point","coordinates":[-84.371659,33.83836]},"properties":{"brand":"Flock Safety"}},{"type":"Feature","geometry":{"type":"Point","coordinates":[-84.417878,33.382173]},"properties":{"brand":"Flock Safety"}},{"type":"Feature","geometry":{"type":"Point","coordinates":[-82.665109,34.483214]},"properties":{"brand":"Flock Safety"}},{"type":"Feature","geometry":{"type":"Point","coordinates":[-82.664113,34.482198]},"properties":{"brand":"Flock Safety"}},{"type":"Feature","geometry":{"type":"Point","coordinates":[-82.662654,34.482373]},"properties":{"brand":"Flock Safety"}},{"type":"Feature","geometry":{"type":"Point","coordinates":[-82.677042,34.54773]},"properties":{"brand":"Flock Safety"}},{"type":"Feature","geometry":{"type":"Point","coordinates":[-82.677444,34.551139]},"properties":{"brand":"Flock Safety"}},{"type":"Feature","geometry":{"type":"Point","coordinates":[-82.788499,34.691508]},"properties":{"brand":"Flock Safety"}},{"type":"Feature","geometry":{"type":"Point","coordinates":[-82.787948,34.691672]},"properties":{"brand":"Flock Safety"}},{"type":"Feature","geometry":{"type":"Point","coordinates":[-83.989984,33.948195]},"properties":{"brand":"Flock Safety"}},{"type":"Feature","geometry":{"type":"Point","coordinates":[-84.664316,34.077777]},"properties":{"brand":"Flock Safety"}},{"type":"Feature","geometry":{"type":"Point","coordinates":[-84.675729,34.073823]},"properties":{"brand":"Flock Safety"}},{"type":"Feature","geometry":{"type":"Point","coordinates":[-84.654717,34.076652]},"properties":{"brand":"Flock Safety"}},{"type":"Feature","geometry":{"type":"Point","coordinates":[-84.675847,34.073728]},"properties":{"brand":"Flock Safety"}},{"type":"Feature","geometry":{"type":"Point","coordinates":[-84.469364,33.895368]},"properties":{"brand":"Flock Safety"}},{"type":"Feature","geometry":{"type":"Point","coordinates":[-84.474754,33.900096]},"properties":{"brand":"Flock Safety"}},{"type":"Feature","geometry":{"type":"Point","coordinates":[-84.470567,33.894849]},"properties":{"brand":"Flock Safety"}},{"type":"Feature","geometry":{"type":"Point","coordinates":[-84.315832,33.886352]},"properties":{"brand":"Flock Safety"}},{"type":"Feature","geometry":{"type":"Point","coordinates":[-84.453059,33.978711]},"properties":{"brand":"Flock Safety"}},{"type":"Feature","geometry":{"type":"Point","coordinates":[-84.76041,34.207508]},"properties":{"brand":"Flock Safety"}},{"type":"Feature","geometry":{"type":"Point","coordinates":[-84.453003,33.978799]},"properties":{"brand":"Flock Safety"}},{"type":"Feature","geometry":{"type":"Point","coordinates":[-84.385343,33.928562]},"properties":{"brand":"Flock Safety"}},{"type":"Feature","geometry":{"type":"Point","coordinates":[-84.37953,33.925351]},"properties":{"brand":"Flock Safety"}},{"type":"Feature","geometry":{"type":"Point","coordinates":[-84.209394,33.910829]},"properties":{"brand":"Flock Safety"}},{"type":"Feature","geometry":{"type":"Point","coordinates":[-84.2092,33.909452]},"properties":{"brand":"Flock Safety"}},{"type":"Feature","geometry":{"type":"Point","coordinates":[-84.209125,33.909854]},"properties":{"brand":"Flock Safety"}},{"type":"Feature","geometry":{"type":"Point","coordinates":[-84.20661,33.909488]},"properties":{"brand":"Flock Safety"}},{"type":"Feature","geometry":{"type":"Point","coordinates":[-84.243468,33.902391]},"properties":{"brand":"Flock Safety"}},{"type":"Feature","geometry":{"type":"Point","coordinates":[-84.282389,33.92473]},"properties":{"brand":"Flock Safety"}},{"type":"Feature","geometry":{"type":"Point","coordinates":[-84.283961,33.929214]},"properties":{"brand":"Flock Safety"}},{"type":"Feature","geometry":{"type":"Point","coordinates":[-84.284535,33.931454]},"properties":{"brand":"Flock Safety"}},{"type":"Feature","geometry":{"type":"Point","coordinates":[-84.282286,33.924523]},"properties":{"brand":"Flock Safety"}},{"type":"Feature","geometry":{"type":"Point","coordinates":[-84.28257,33.925847]},"properties":{"brand":"Flock Safety"}},{"type":"Feature","geometry":{"type":"Point","coordinates":[-84.293344,33.93625]},"properties":{"brand":"Flock Safety"}},{"type":"Feature","geometry":{"type":"Point","coordinates":[-84.300523,33.943693]},"properties":{"brand":"Flock Safety"}},{"type":"Feature","geometry":{"type":"Point","coordinates":[-84.3052,33.943694]},"properties":{"brand":"Flock Safety"}},{"type":"Feature","geometry":{"type":"Point","coordinates":[-84.306033,33.94372]},"properties":{"brand":"Flock Safety"}},{"type":"Feature","geometry":{"type":"Point","coordinates":[-84.304364,33.943685]},"properties":{"brand":"Flock Safety"}},{"type":"Feature","geometry":{"type":"Point","coordinates":[-84.353009,33.929613]},"properties":{"brand":"Flock Safety"}},{"type":"Feature","geometry":{"type":"Point","coordinates":[-84.00906,33.885341]},"properties":{"brand":"Flock Safety"}},{"type":"Feature","geometry":{"type":"Point","coordinates":[-84.481557,33.916364]},"properties":{"brand":"Flock Safety"}},{"type":"Feature","geometry":{"type":"Point","coordinates":[-84.481173,33.916525]},"properties":{"brand":"Flock Safety"}},{"type":"Feature","geometry":{"type":"Point","coordinates":[-84.468812,33.924258]},"properties":{"brand":"Flock Safety"}},{"type":"Feature","geometry":{"type":"Point","coordinates":[-84.471492,33.913821]},"properties":{"brand":"Flock Safety"}},{"type":"Feature","geometry":{"type":"Point","coordinates":[-84.490265,33.906154]},"properties":{"brand":"Flock Safety"}},{"type":"Feature","geometry":{"type":"Point","coordinates":[-84.322539,33.934828]},"properties":{"brand":"Flock Safety"}},{"type":"Feature","geometry":{"type":"Point","coordinates":[-84.299851,33.919715]},"properties":{"brand":"Flock Safety"}},{"type":"Feature","geometry":{"type":"Point","coordinates":[-84.297072,33.919415]},"properties":{"brand":"Flock Safety"}},{"type":"Feature","geometry":{"type":"Point","coordinates":[-84.282949,33.908841]},"properties":{"brand":"Flock Safety"}},{"type":"Feature","geometry":{"type":"Point","coordinates":[-84.324503,33.837693]},"properties":{"brand":"Flock Safety"}},{"type":"Feature","geometry":{"type":"Point","coordinates":[-84.279196,33.905471]},"properties":{"brand":"Flock Safety"}},{"type":"Feature","geometry":{"type":"Point","coordinates":[-84.324709,33.838321]},"properties":{"brand":"Flock Safety"}},{"type":"Feature","geometry":{"type":"Point","coordinates":[-84.761656,33.730129]},"properties":{"brand":"Flock Safety"}},{"type":"Feature","geometry":{"type":"Point","coordinates":[-84.506984,33.525356]},"properties":{"brand":"Flock Safety"}},{"type":"Feature","geometry":{"type":"Point","coordinates":[-83.728295,32.811526]},"properties":{"brand":"Flock Safety"}},{"type":"Feature","geometry":{"type":"Point","coordinates":[-84.634757,33.670072]},"properties":{"brand":"Flock Safety"}},{"type":"Feature","geometry":{"type":"Point","coordinates":[-84.605834,33.601032]},"properties":{"brand":"Flock Safety"}},{"type":"Feature","geometry":{"type":"Point","coordinates":[-84.612317,33.641291]},"properties":{"brand":"Flock Safety"}},{"type":"Feature","geometry":{"type":"Point","coordinates":[-84.352299,33.189625]},"properties":{"brand":"Flock Safety"}},{"type":"Feature","geometry":{"type":"Point","coordinates":[-84.366982,33.826027]},"properties":{"brand":"Flock Safety"}},{"type":"Feature","geometry":{"type":"Point","coordinates":[-84.443512,33.418539]},"properties":{"brand":"Flock Safety"}},{"type":"Feature","geometry":{"type":"Point","coordinates":[-84.532837,33.935642]},"properties":{"brand":"Flock Safety"}},{"type":"Feature","geometry":{"type":"Point","coordinates":[-84.532503,33.935106]},"properties":{"brand":"Flock Safety"}},{"type":"Feature","geometry":{"type":"Point","coordinates":[-80.988543,33.716908]},"properties":{"brand":"Flock Safety"}},{"type":"Feature","geometry":{"type":"Point","coordinates":[-84.580789,33.889606]},"properties":{"brand":"Flock Safety"}},{"type":"Feature","geometry":{"type":"Point","coordinates":[-84.60669,33.850618]},"properties":{"brand":"Flock Safety"}},{"type":"Feature","geometry":{"type":"Point","coordinates":[-84.340421,33.833677]},"properties":{"brand":"Flock Safety"}},{"type":"Feature","geometry":{"type":"Point","coordinates":[-84.348388,33.845394]},"properties":{"brand":"Flock Safety"}},{"type":"Feature","geometry":{"type":"Point","coordinates":[-84.360667,33.848781]},"properties":{"brand":"Flock Safety"}},{"type":"Feature","geometry":{"type":"Point","coordinates":[-84.397171,33.993356]},"properties":{"brand":"Flock Safety"}},{"type":"Feature","geometry":{"type":"Point","coordinates":[-84.13982,33.95112]},"properties":{"brand":"Flock Safety"}},{"type":"Feature","geometry":{"type":"Point","coordinates":[-84.138914,33.951311]},"properties":{"brand":"Flock Safety"}},{"type":"Feature","geometry":{"type":"Point","coordinates":[-85.330465,34.500509]},"properties":{"brand":"Flock Safety"}},{"type":"Feature","geometry":{"type":"Point","coordinates":[-84.353872,33.847984]},"properties":{"brand":"Flock Safety"}},{"type":"Feature","geometry":{"type":"Point","coordinates":[-84.353107,33.849074]},"properties":{"brand":"Flock Safety"}},{"type":"Feature","geometry":{"type":"Point","coordinates":[-84.359276,33.846696]},"properties":{"brand":"Flock Safety"}},{"type":"Feature","geometry":{"type":"Point","coordinates":[-84.348849,33.846445]},"properties":{"brand":"Flock Safety"}},{"type":"Feature","geometry":{"type":"Point","coordinates":[-84.347984,33.845394]},"properties":{"brand":"Flock Safety"}},{"type":"Feature","geometry":{"type":"Point","coordinates":[-84.339159,33.84497]},"properties":{"brand":"Flock Safety"}},{"type":"Feature","geometry":{"type":"Point","coordinates":[-84.336841,33.836872]},"properties":{"brand":"Flock Safety"}},{"type":"Feature","geometry":{"type":"Point","coordinates":[-84.33713,33.826093]},"properties":{"brand":"Flock Safety"}},{"type":"Feature","geometry":{"type":"Point","coordinates":[-84.338108,33.804605]},"properties":{"brand":"Genetec"}},{"type":"Feature","geometry":{"type":"Point","coordinates":[-82.399149,33.496871]},"properties":{"brand":"Flock Safety"}},{"type":"Feature","geometry":{"type":"Point","coordinates":[-84.369937,33.797586]},"properties":{"brand":"Flock Safety"}},{"type":"Feature","geometry":{"type":"Point","coordinates":[-84.371195,33.799819]},"properties":{"brand":"Flock Safety"}},{"type":"Feature","geometry":{"type":"Point","coordinates":[-84.369662,33.797751]},"properties":{"brand":"Flock Safety"}},{"type":"Feature","geometry":{"type":"Point","coordinates":[-81.181144,34.10117]},"properties":{"brand":"Flock Safety"}},{"type":"Feature","geometry":{"type":"Point","coordinates":[-84.787078,34.158678]},"properties":{"brand":"Flock Safety"}},{"type":"Feature","geometry":{"type":"Point","coordinates":[-84.792874,34.197629]},"properties":{"brand":"Flock Safety"}},{"type":"Feature","geometry":{"type":"Point","coordinates":[-81.229477,34.695839]},"properties":{"brand":"Flock Safety"}},{"type":"Feature","geometry":{"type":"Point","coordinates":[-81.243946,34.705277]},"properties":{"brand":"Flock Safety"}},{"type":"Feature","geometry":{"type":"Point","coordinates":[-81.24267,34.710279]},"properties":{"brand":"Flock Safety"}},{"type":"Feature","geometry":{"type":"Point","coordinates":[-81.24267,34.710279]},"properties":{"brand":"Flock Safety"}},{"type":"Feature","geometry":{"type":"Point","coordinates":[-81.219393,34.709815]},"properties":{"brand":"Flock Safety"}},{"type":"Feature","geometry":{"type":"Point","coordinates":[-81.213284,34.718666]},"properties":{"brand":"Flock Safety"}},{"type":"Feature","geometry":{"type":"Point","coordinates":[-81.213775,34.718717]},"properties":{"brand":"Flock Safety"}},{"type":"Feature","geometry":{"type":"Point","coordinates":[-81.204312,34.726631]},"properties":{"brand":"Flock Safety"}},{"type":"Feature","geometry":{"type":"Point","coordinates":[-81.206201,34.717101]},"properties":{"brand":"Flock Safety"}},{"type":"Feature","geometry":{"type":"Point","coordinates":[-81.221825,34.700934]},"properties":{"brand":"Flock Safety"}},{"type":"Feature","geometry":{"type":"Point","coordinates":[-81.215505,34.691595]},"properties":{"brand":"Flock Safety"}},{"type":"Feature","geometry":{"type":"Point","coordinates":[-81.196528,34.689898]},"properties":{"brand":"Flock Safety"}},{"type":"Feature","geometry":{"type":"Point","coordinates":[-81.189772,34.706367]},"properties":{"brand":"Flock Safety"}},{"type":"Feature","geometry":{"type":"Point","coordinates":[-81.191974,34.706266]},"properties":{"brand":"Flock Safety"}},{"type":"Feature","geometry":{"type":"Point","coordinates":[-81.1907,34.707039]},"properties":{"brand":"Flock Safety"}},{"type":"Feature","geometry":{"type":"Point","coordinates":[-81.193414,34.719588]},"properties":{"brand":"Flock Safety"}},{"type":"Feature","geometry":{"type":"Point","coordinates":[-81.19038,34.723938]},"properties":{"brand":"Flock Safety"}},{"type":"Feature","geometry":{"type":"Point","coordinates":[-81.194149,34.721262]},"properties":{"brand":"Flock Safety"}},{"type":"Feature","geometry":{"type":"Point","coordinates":[-81.194111,34.720522]},"properties":{"brand":"Flock Safety"}},{"type":"Feature","geometry":{"type":"Point","coordinates":[-81.204308,34.712465]},"properties":{"brand":"Flock Safety"}},{"type":"Feature","geometry":{"type":"Point","coordinates":[-81.204306,34.712091]},"properties":{"brand":"Flock Safety"}},{"type":"Feature","geometry":{"type":"Point","coordinates":[-81.212024,34.702728]},"properties":{"brand":"Flock Safety"}},{"type":"Feature","geometry":{"type":"Point","coordinates":[-81.207435,34.697914]},"properties":{"brand":"Flock Safety"}},{"type":"Feature","geometry":{"type":"Point","coordinates":[-84.4067,33.844731]},"properties":{"brand":"Flock Safety"}},{"type":"Feature","geometry":{"type":"Point","coordinates":[-82.312468,33.414475]},"properties":{"brand":"Flock Safety"}},{"type":"Feature","geometry":{"type":"Point","coordinates":[-84.315581,33.918909]},"properties":{"brand":"Flock Safety"}},{"type":"Feature","geometry":{"type":"Point","coordinates":[-85.023931,33.604687]},"properties":{"brand":"Flock Safety"}},{"type":"Feature","geometry":{"type":"Point","coordinates":[-83.66922,32.623063]},"properties":{"brand":"Flock Safety"}},{"type":"Feature","geometry":{"type":"Point","coordinates":[-83.689792,32.634842]},"properties":{"brand":"Flock Safety"}},{"type":"Feature","geometry":{"type":"Point","coordinates":[-84.370563,33.798999]},"properties":{"brand":"Flock Safety"}},{"type":"Feature","geometry":{"type":"Point","coordinates":[-84.352439,33.773899]},"properties":{"brand":"Flock Safety"}},{"type":"Feature","geometry":{"type":"Point","coordinates":[-84.371907,33.759975]},"properties":{"brand":"Genetec"}},{"type":"Feature","geometry":{"type":"Point","coordinates":[-84.552157,33.952127]},"properties":{"brand":"Flock Safety"}},{"type":"Feature","geometry":{"type":"Point","coordinates":[-83.660068,34.386815]},"properties":{"brand":"Flock Safety"}},{"type":"Feature","geometry":{"type":"Point","coordinates":[-82.093847,33.315325]},"properties":{"brand":"Flock Safety"}},{"type":"Feature","geometry":{"type":"Point","coordinates":[-84.430453,33.849096]},"properties":{"brand":"Flock Safety"}},{"type":"Feature","geometry":{"type":"Point","coordinates":[-84.454791,33.858977]},"properties":{"brand":"Flock Safety"}},{"type":"Feature","geometry":{"type":"Point","coordinates":[-84.454846,33.85887]},"properties":{"brand":"Flock Safety"}},{"type":"Feature","geometry":{"type":"Point","coordinates":[-81.511686,32.51089]},"properties":{"brand":"Flock Safety"}},{"type":"Feature","geometry":{"type":"Point","coordinates":[-81.932769,33.453071]},"properties":{"brand":"Flock Safety"}},{"type":"Feature","geometry":{"type":"Point","coordinates":[-81.919487,33.442394]},"properties":{"brand":"Flock Safety"}},{"type":"Feature","geometry":{"type":"Point","coordinates":[-84.747683,33.396552]},"properties":{"brand":"Flock Safety"}},{"type":"Feature","geometry":{"type":"Point","coordinates":[-84.751114,33.396916]},"properties":{"brand":"Flock Safety"}},{"type":"Feature","geometry":{"type":"Point","coordinates":[-84.760944,33.394003]},"properties":{"brand":"Flock Safety"}},{"type":"Feature","geometry":{"type":"Point","coordinates":[-84.760944,33.394003]},"properties":{"brand":"Flock Safety"}},{"type":"Feature","geometry":{"type":"Point","coordinates":[-85.126411,34.291659]},"properties":{"brand":"Flock Safety"}},{"type":"Feature","geometry":{"type":"Point","coordinates":[-84.351931,33.792985]},"properties":{"brand":"Flock Safety"}},{"type":"Feature","geometry":{"type":"Point","coordinates":[-84.352083,33.792847]},"properties":{"brand":"Flock Safety"}},{"type":"Feature","geometry":{"type":"Point","coordinates":[-82.505649,34.831003]},"properties":{"brand":"Flock Safety"}},{"type":"Feature","geometry":{"type":"Point","coordinates":[-82.518764,34.813175]},"properties":{"brand":"Flock Safety"}},{"type":"Feature","geometry":{"type":"Point","coordinates":[-84.486759,34.243882]},"properties":{"brand":"Flock Safety"}},{"type":"Feature","geometry":{"type":"Point","coordinates":[-84.367662,33.922901]},"properties":{"brand":"Flock Safety"}},{"type":"Feature","geometry":{"type":"Point","coordinates":[-80.855223,34.982239]},"properties":{"brand":"Flock Safety"}},{"type":"Feature","geometry":{"type":"Point","coordinates":[-81.996695,34.48118]},"properties":{"brand":"Flock Safety"}},{"type":"Feature","geometry":{"type":"Point","coordinates":[-84.270387,33.812947]},"properties":{"brand":"Flock Safety"}},{"type":"Feature","geometry":{"type":"Point","coordinates":[-84.934874,33.754139]},"properties":{"brand":"Flock Safety"}},{"type":"Feature","geometry":{"type":"Point","coordinates":[-83.746215,32.547238]},"properties":{"brand":"Flock Safety"}},{"type":"Feature","geometry":{"type":"Point","coordinates":[-84.53404,33.943012]},"properties":{"brand":"Flock Safety"}},{"type":"Feature","geometry":{"type":"Point","coordinates":[-84.595615,34.051477]},"properties":{"brand":"Flock Safety"}},{"type":"Feature","geometry":{"type":"Point","coordinates":[-83.648807,32.506239]},"properties":{"brand":"Flock Safety"}},{"type":"Feature","geometry":{"type":"Point","coordinates":[-83.652699,32.506005]},"properties":{"brand":"Flock Safety"}},{"type":"Feature","geometry":{"type":"Point","coordinates":[-84.542653,33.920788]},"properties":{"brand":"Flock Safety"}},{"type":"Feature","geometry":{"type":"Point","coordinates":[-84.367393,33.922819]},"properties":{"brand":"Flock Safety"}},{"type":"Feature","geometry":{"type":"Point","coordinates":[-84.367213,33.925029]},"properties":{"brand":"Flock Safety"}},{"type":"Feature","geometry":{"type":"Point","coordinates":[-84.367573,33.925078]},"properties":{"brand":"Flock Safety"}},{"type":"Feature","geometry":{"type":"Point","coordinates":[-84.367573,33.925078]},"properties":{"brand":"Flock Safety"}},{"type":"Feature","geometry":{"type":"Point","coordinates":[-84.252483,34.024293]},"properties":{"brand":"Flock Safety"}},{"type":"Feature","geometry":{"type":"Point","coordinates":[-85.019177,34.314554]},"properties":{"brand":"Flock Safety"}},{"type":"Feature","geometry":{"type":"Point","coordinates":[-83.628284,32.83842]},"properties":{"brand":"Genetec"}},{"type":"Feature","geometry":{"type":"Point","coordinates":[-83.628619,32.838615]},"properties":{"brand":"Genetec"}},{"type":"Feature","geometry":{"type":"Point","coordinates":[-83.626897,32.839351]},"properties":{"brand":"Genetec"}},{"type":"Feature","geometry":{"type":"Point","coordinates":[-84.268374,33.24]},"properties":{"brand":"Flock Safety"}},{"type":"Feature","geometry":{"type":"Point","coordinates":[-84.266892,33.240016]},"properties":{"brand":"Flock Safety"}},{"type":"Feature","geometry":{"type":"Point","coordinates":[-84.266305,33.237934]},"properties":{"brand":"Flock Safety"}},{"type":"Feature","geometry":{"type":"Point","coordinates":[-84.266937,33.237946]},"properties":{"brand":"Flock Safety"}},{"type":"Feature","geometry":{"type":"Point","coordinates":[-84.265809,33.240109]},"properties":{"brand":"Flock Safety"}},{"type":"Feature","geometry":{"type":"Point","coordinates":[-84.26582,33.239151]},"properties":{"brand":"Flock Safety"}},{"type":"Feature","geometry":{"type":"Point","coordinates":[-84.267054,33.238012]},"properties":{"brand":"Flock Safety"}},{"type":"Feature","geometry":{"type":"Point","coordinates":[-84.26582,33.239151]},"properties":{"brand":"Flock Safety"}},{"type":"Feature","geometry":{"type":"Point","coordinates":[-84.26645,33.238104]},"properties":{"brand":"Flock Safety"}},{"type":"Feature","geometry":{"type":"Point","coordinates":[-84.267574,33.240589]},"properties":{"brand":"Flock Safety"}},{"type":"Feature","geometry":{"type":"Point","coordinates":[-84.267966,33.237818]},"properties":{"brand":"Flock Safety"}},{"type":"Feature","geometry":{"type":"Point","coordinates":[-84.267942,33.237988]},"properties":{"brand":"Flock Safety"}},{"type":"Feature","geometry":{"type":"Point","coordinates":[-84.266202,33.23907]},"properties":{"brand":"Flock Safety"}},{"type":"Feature","geometry":{"type":"Point","coordinates":[-84.267347,33.240482]},"properties":{"brand":"Flock Safety"}},{"type":"Feature","geometry":{"type":"Point","coordinates":[-84.267956,33.24027]},"properties":{"brand":"Flock Safety"}},{"type":"Feature","geometry":{"type":"Point","coordinates":[-84.26874,33.240036]},"properties":{"brand":"Flock Safety"}},{"type":"Feature","geometry":{"type":"Point","coordinates":[-84.2678,33.240196]},"properties":{"brand":"Flock Safety"}},{"type":"Feature","geometry":{"type":"Point","coordinates":[-84.277317,33.188596]},"properties":{"brand":"Flock Safety"}},{"type":"Feature","geometry":{"type":"Point","coordinates":[-84.280993,33.193609]},"properties":{"brand":"Flock Safety"}},{"type":"Feature","geometry":{"type":"Point","coordinates":[-81.116289,34.005879]},"properties":{"brand":"Flock Safety"}},{"type":"Feature","geometry":{"type":"Point","coordinates":[-84.058262,33.056126]},"properties":{"brand":"Flock Safety"}},{"type":"Feature","geometry":{"type":"Point","coordinates":[-84.213006,33.188928]},"properties":{"brand":"Flock Safety"}},{"type":"Feature","geometry":{"type":"Point","coordinates":[-84.248183,33.189133]},"properties":{"brand":"Flock Safety"}},{"type":"Feature","geometry":{"type":"Point","coordinates":[-84.143741,33.183618]},"properties":{"brand":"Flock Safety"}},{"type":"Feature","geometry":{"type":"Point","coordinates":[-84.143741,33.183618]},"properties":{"brand":"Flock Safety"}},{"type":"Feature","geometry":{"type":"Point","coordinates":[-84.627996,33.372704]},"properties":{"brand":"Flock Safety"}},{"type":"Feature","geometry":{"type":"Point","coordinates":[-81.116082,34.005384]},"properties":{"brand":"Flock Safety"}},{"type":"Feature","geometry":{"type":"Point","coordinates":[-84.404024,34.025727]},"properties":{"brand":"Flock Safety"}},{"type":"Feature","geometry":{"type":"Point","coordinates":[-83.499546,33.559702]},"properties":{"brand":"Flock Safety"}},{"type":"Feature","geometry":{"type":"Point","coordinates":[-84.403616,34.025905]},"properties":{"brand":"Flock Safety"}},{"type":"Feature","geometry":{"type":"Point","coordinates":[-85.072131,35.048993]},"properties":{"brand":"Flock Safety"}},{"type":"Feature","geometry":{"type":"Point","coordinates":[-85.117667,35.04322]},"properties":{"brand":"Flock Safety"}},{"type":"Feature","geometry":{"type":"Point","coordinates":[-81.190907,34.705152]},"properties":{"brand":"Flock Safety"}},{"type":"Feature","geometry":{"type":"Point","coordinates":[-82.025487,34.159361]},"properties":{"brand":"Flock Safety"}},{"type":"Feature","geometry":{"type":"Point","coordinates":[-84.269136,33.814493]},"properties":{"brand":"Flock Safety"}},{"type":"Feature","geometry":{"type":"Point","coordinates":[-83.660866,34.575033]},"properties":{"brand":"Flock Safety"}},{"type":"Feature","geometry":{"type":"Point","coordinates":[-81.978734,33.471722]},"properties":{"brand":"Flock Safety"}},{"type":"Feature","geometry":{"type":"Point","coordinates":[-84.32914,33.828061]},"properties":{"brand":"Flock Safety"}},{"type":"Feature","geometry":{"type":"Point","coordinates":[-84.199996,33.860146]},"properties":{"brand":"Flock Safety"}},{"type":"Feature","geometry":{"type":"Point","coordinates":[-84.381332,33.852949]},"properties":{"brand":"Flock Safety"}},{"type":"Feature","geometry":{"type":"Point","coordinates":[-82.046399,33.247502]},"properties":{"brand":"Flock Safety"}},{"type":"Feature","geometry":{"type":"Point","coordinates":[-84.415539,33.795386]},"properties":{"brand":"Flock Safety"}},{"type":"Feature","geometry":{"type":"Point","coordinates":[-84.461538,34.037818]},"properties":{"brand":"Flock Safety"}},{"type":"Feature","geometry":{"type":"Point","coordinates":[-84.605312,32.851077]},"properties":{"brand":"Flock Safety"}},{"type":"Feature","geometry":{"type":"Point","coordinates":[-83.881731,34.255649]},"properties":{"brand":"Flock Safety"}},{"type":"Feature","geometry":{"type":"Point","coordinates":[-81.269526,32.526764]},"properties":{"brand":"Flock Safety"}},{"type":"Feature","geometry":{"type":"Point","coordinates":[-83.875722,34.190923]},"properties":{"brand":"Flock Safety"}},{"type":"Feature","geometry":{"type":"Point","coordinates":[-84.391724,34.346099]},"properties":{"brand":"Flock Safety"}},{"type":"Feature","geometry":{"type":"Point","coordinates":[-85.096312,34.993737]},"properties":{"brand":"Motorola Solutions"}},{"type":"Feature","geometry":{"type":"Point","coordinates":[-84.31169,33.817148]},"properties":{"brand":"Flock Safety"}},{"type":"Feature","geometry":{"type":"Point","coordinates":[-83.663714,32.825801]},"properties":{"brand":"Flock Safety"}},{"type":"Feature","geometry":{"type":"Point","coordinates":[-81.924137,33.450817]},"properties":{"brand":"Flock Safety"}},{"type":"Feature","geometry":{"type":"Point","coordinates":[-84.305773,34.049191]},"properties":{"brand":"Flock Safety"}},{"type":"Feature","geometry":{"type":"Point","coordinates":[-84.305035,34.04869]},"properties":{"brand":"Flock Safety"}},{"type":"Feature","geometry":{"type":"Point","coordinates":[-85.157852,33.654483]},"properties":{"brand":"Flock Safety"}},{"type":"Feature","geometry":{"type":"Point","coordinates":[-85.060616,33.604507]},"properties":{"brand":"Flock Safety"}},{"type":"Feature","geometry":{"type":"Point","coordinates":[-85.077695,33.580268]},"properties":{"brand":"Flock Safety"}},{"type":"Feature","geometry":{"type":"Point","coordinates":[-84.793844,33.696257]},"properties":{"brand":"Flock Safety"}},{"type":"Feature","geometry":{"type":"Point","coordinates":[-84.834243,33.71662]},"properties":{"brand":"Flock Safety"}},{"type":"Feature","geometry":{"type":"Point","coordinates":[-84.833979,33.717539]},"properties":{"brand":"Flock Safety"}},{"type":"Feature","geometry":{"type":"Point","coordinates":[-84.349238,33.995149]},"properties":{"brand":"Flock Safety"}},{"type":"Feature","geometry":{"type":"Point","coordinates":[-84.341325,33.977746]},"properties":{"brand":"Flock Safety"}},{"type":"Feature","geometry":{"type":"Point","coordinates":[-84.271365,33.951344]},"properties":{"brand":"Flock Safety"}},{"type":"Feature","geometry":{"type":"Point","coordinates":[-84.487345,34.243484]},"properties":{"brand":"Flock Safety"}},{"type":"Feature","geometry":{"type":"Point","coordinates":[-84.487973,34.242823]},"properties":{"brand":"Flock Safety"}},{"type":"Feature","geometry":{"type":"Point","coordinates":[-84.487942,34.242847]},"properties":{"brand":"Flock Safety"}},{"type":"Feature","geometry":{"type":"Point","coordinates":[-84.49214,34.241725]},"properties":{"brand":"Flock Safety"}},{"type":"Feature","geometry":{"type":"Point","coordinates":[-84.4924,34.242604]},"properties":{"brand":"Flock Safety"}},{"type":"Feature","geometry":{"type":"Point","coordinates":[-82.429972,34.963367]},"properties":{"brand":"Flock Safety"}},{"type":"Feature","geometry":{"type":"Point","coordinates":[-82.038402,33.364643]},"properties":{"brand":"Flock Safety"}},{"type":"Feature","geometry":{"type":"Point","coordinates":[-82.038809,33.364647]},"properties":{"brand":"Flock Safety"}},{"type":"Feature","geometry":{"type":"Point","coordinates":[-84.487585,34.240812]},"properties":{"brand":"Flock Safety"}},{"type":"Feature","geometry":{"type":"Point","coordinates":[-84.439776,34.228127]},"properties":{"brand":"Flock Safety"}},{"type":"Feature","geometry":{"type":"Point","coordinates":[-83.950549,34.127275]},"properties":{"brand":"Flock Safety"}},{"type":"Feature","geometry":{"type":"Point","coordinates":[-83.953507,34.126159]},"properties":{"brand":"Flock Safety"}},{"type":"Feature","geometry":{"type":"Point","coordinates":[-83.954581,34.125867]},"properties":{"brand":"Flock Safety"}},{"type":"Feature","geometry":{"type":"Point","coordinates":[-84.480003,34.244356]},"properties":{"brand":"Flock Safety"}},{"type":"Feature","geometry":{"type":"Point","coordinates":[-84.481662,34.242952]},"properties":{"brand":"Flock Safety"}},{"type":"Feature","geometry":{"type":"Point","coordinates":[-84.477001,34.246859]},"properties":{"brand":"Flock Safety"}},{"type":"Feature","geometry":{"type":"Point","coordinates":[-84.478003,34.24425]},"properties":{"brand":"Flock Safety"}},{"type":"Feature","geometry":{"type":"Point","coordinates":[-82.162834,34.895346]},"properties":{"brand":"Flock Safety"}},{"type":"Feature","geometry":{"type":"Point","coordinates":[-84.056939,34.330379]},"properties":{"brand":"Flock Safety"}},{"type":"Feature","geometry":{"type":"Point","coordinates":[-83.765664,34.021951]},"properties":{"brand":"Flock Safety"}},{"type":"Feature","geometry":{"type":"Point","coordinates":[-83.765664,34.021951]},"properties":{"brand":"Flock Safety"}},{"type":"Feature","geometry":{"type":"Point","coordinates":[-84.500391,34.124623]},"properties":{"brand":"Flock Safety"}},{"type":"Feature","geometry":{"type":"Point","coordinates":[-84.481074,34.132842]},"properties":{"brand":"Flock Safety"}},{"type":"Feature","geometry":{"type":"Point","coordinates":[-84.529126,34.102469]},"properties":{"brand":"Flock Safety"}},{"type":"Feature","geometry":{"type":"Point","coordinates":[-84.811826,33.70597]},"properties":{"brand":"Flock Safety"}},{"type":"Feature","geometry":{"type":"Point","coordinates":[-84.057122,34.02751]},"properties":{"brand":"Flock Safety"}},{"type":"Feature","geometry":{"type":"Point","coordinates":[-80.854912,34.975675]},"properties":{"brand":"Flock Safety"}},{"type":"Feature","geometry":{"type":"Point","coordinates":[-82.015323,33.430303]},"properties":{"brand":"Flock Safety"}},{"type":"Feature","geometry":{"type":"Point","coordinates":[-82.014848,33.430457]},"properties":{"brand":"Flock Safety"}},{"type":"Feature","geometry":{"type":"Point","coordinates":[-84.552617,33.955492]},"properties":{"brand":"Flock Safety"}},{"type":"Feature","geometry":{"type":"Point","coordinates":[-85.409562,32.634882]},"properties":{"brand":"Flock Safety"}},{"type":"Feature","geometry":{"type":"Point","coordinates":[-83.912385,33.848848]},"properties":{"brand":"Flock Safety"}},{"type":"Feature","geometry":{"type":"Point","coordinates":[-84.551751,33.952143]},"properties":{"brand":"Flock Safety"}},{"type":"Feature","geometry":{"type":"Point","coordinates":[-84.711733,34.602361]},"properties":{"brand":"Flock Safety"}},{"type":"Feature","geometry":{"type":"Point","coordinates":[-82.060277,34.277054]},"properties":{"brand":"Flock Safety"}},{"type":"Feature","geometry":{"type":"Point","coordinates":[-83.76129,34.3157]},"properties":{"brand":"Flock Safety"}},{"type":"Feature","geometry":{"type":"Point","coordinates":[-83.761526,34.315426]},"properties":{"brand":"Flock Safety"}},{"type":"Feature","geometry":{"type":"Point","coordinates":[-83.671337,34.317618]},"properties":{"brand":"Flock Safety"}},{"type":"Feature","geometry":{"type":"Point","coordinates":[-84.448258,34.299521]},"properties":{"brand":"Flock Safety"}},{"type":"Feature","geometry":{"type":"Point","coordinates":[-84.467095,34.328001]},"properties":{"brand":"Flock Safety"}},{"type":"Feature","geometry":{"type":"Point","coordinates":[-85.124836,33.46013]},"properties":{"brand":"Flock Safety"}},{"type":"Feature","geometry":{"type":"Point","coordinates":[-82.456888,34.977769]},"properties":{"brand":"Flock Safety"}},{"type":"Feature","geometry":{"type":"Point","coordinates":[-84.358155,33.745779]},"properties":{"brand":"Motorola Solutions"}},{"type":"Feature","geometry":{"type":"Point","coordinates":[-84.358153,33.745023]},"properties":{"brand":"Motorola Solutions"}},{"type":"Feature","geometry":{"type":"Point","coordinates":[-84.358148,33.74415]},"properties":{"brand":"Motorola Solutions"}},{"type":"Feature","geometry":{"type":"Point","coordinates":[-84.358097,33.741951]},"properties":{"brand":"Motorola Solutions"}},{"type":"Feature","geometry":{"type":"Point","coordinates":[-84.35819,33.739687]},"properties":{"brand":"Motorola Solutions"}},{"type":"Feature","geometry":{"type":"Point","coordinates":[-84.879549,33.72825]},"properties":{"brand":"Flock Safety"}},{"type":"Feature","geometry":{"type":"Point","coordinates":[-84.811689,33.729579]},"properties":{"brand":"Flock Safety"}},{"type":"Feature","geometry":{"type":"Point","coordinates":[-84.77642,33.722025]},"properties":{"brand":"Flock Safety"}},{"type":"Feature","geometry":{"type":"Point","coordinates":[-84.551193,34.107492]},"properties":{"brand":"Flock Safety"}},{"type":"Feature","geometry":{"type":"Point","coordinates":[-83.628334,32.840186]},"properties":{"brand":"Genetec"}},{"type":"Feature","geometry":{"type":"Point","coordinates":[-82.192323,33.57097]},"properties":{"brand":"Genetec"}},{"type":"Feature","geometry":{"type":"Point","coordinates":[-82.191862,33.5709]},"properties":{"brand":"Genetec"}},{"type":"Feature","geometry":{"type":"Point","coordinates":[-82.191722,33.571418]},"properties":{"brand":"Genetec"}},{"type":"Feature","geometry":{"type":"Point","coordinates":[-84.42499,33.659528]},"properties":{"brand":"Flock Safety"}},{"type":"Feature","geometry":{"type":"Point","coordinates":[-84.423865,33.659073]},"properties":{"brand":"Flock Safety"}},{"type":"Feature","geometry":{"type":"Point","coordinates":[-82.143005,34.201353]},"properties":{"brand":"Flock Safety"}},{"type":"Feature","geometry":{"type":"Point","coordinates":[-82.146912,34.194074]},"properties":{"brand":"Flock Safety"}},{"type":"Feature","geometry":{"type":"Point","coordinates":[-84.307867,33.720795]},"properties":{"brand":"Flock Safety"}},{"type":"Feature","geometry":{"type":"Point","coordinates":[-85.678437,35.043057]},"properties":{"brand":"Flock Safety"}},{"type":"Feature","geometry":{"type":"Point","coordinates":[-85.680084,35.042407]},"properties":{"brand":"Flock Safety"}},{"type":"Feature","geometry":{"type":"Point","coordinates":[-84.108426,33.718714]},"properties":{"brand":"Flock Safety"}},{"type":"Feature","geometry":{"type":"Point","coordinates":[-84.101299,33.719832]},"properties":{"brand":"Flock Safety"}},{"type":"Feature","geometry":{"type":"Point","coordinates":[-84.117303,33.718605]},"properties":{"brand":"Flock Safety"}},{"type":"Feature","geometry":{"type":"Point","coordinates":[-84.123433,33.714564]},"properties":{"brand":"Flock Safety"}},{"type":"Feature","geometry":{"type":"Point","coordinates":[-84.087982,33.734849]},"properties":{"brand":"Flock Safety"}},{"type":"Feature","geometry":{"type":"Point","coordinates":[-84.045564,33.787565]},"properties":{"brand":"Flock Safety"}},{"type":"Feature","geometry":{"type":"Point","coordinates":[-84.422458,33.467704]},"properties":{"brand":"Flock Safety"}},{"type":"Feature","geometry":{"type":"Point","coordinates":[-82.275534,33.62102]},"properties":{"brand":"Genetec"}},{"type":"Feature","geometry":{"type":"Point","coordinates":[-82.275097,33.620585]},"properties":{"brand":"Genetec"}},{"type":"Feature","geometry":{"type":"Point","coordinates":[-82.275105,33.621165]},"properties":{"brand":"Genetec"}},{"type":"Feature","geometry":{"type":"Point","coordinates":[-82.275562,33.620418]},"properties":{"brand":"Genetec"}},{"type":"Feature","geometry":{"type":"Point","coordinates":[-84.406136,34.30677]},"properties":{"brand":"Flock Safety"}},{"type":"Feature","geometry":{"type":"Point","coordinates":[-84.421785,34.298329]},"properties":{"brand":"Flock Safety"}},{"type":"Feature","geometry":{"type":"Point","coordinates":[-84.425108,34.302462]},"properties":{"brand":"Flock Safety"}},{"type":"Feature","geometry":{"type":"Point","coordinates":[-84.289509,33.898242]},"properties":{"brand":"Flock Safety"}},{"type":"Feature","geometry":{"type":"Point","coordinates":[-84.072487,33.697252]},"properties":{"brand":"Flock Safety"}},{"type":"Feature","geometry":{"type":"Point","coordinates":[-84.483221,33.92246]},"properties":{"brand":"Flock Safety"}},{"type":"Feature","geometry":{"type":"Point","coordinates":[-84.483221,33.92246]},"properties":{"brand":"Flock Safety"}},{"type":"Feature","geometry":{"type":"Point","coordinates":[-84.656776,33.953318]},"properties":{"brand":"Flock Safety"}},{"type":"Feature","geometry":{"type":"Point","coordinates":[-84.5091,33.950803]},"properties":{"brand":"Flock Safety"}},{"type":"Feature","geometry":{"type":"Point","coordinates":[-84.500822,33.957422]},"properties":{"brand":"Flock Safety"}},{"type":"Feature","geometry":{"type":"Point","coordinates":[-84.487579,33.971832]},"properties":{"brand":"Flock Safety"}},{"type":"Feature","geometry":{"type":"Point","coordinates":[-84.605424,34.089521]},"properties":{"brand":"Flock Safety"}},{"type":"Feature","geometry":{"type":"Point","coordinates":[-84.654624,34.087404]},"properties":{"brand":"Flock Safety"}},{"type":"Feature","geometry":{"type":"Point","coordinates":[-84.474426,33.621802]},"properties":{"brand":"Flock Safety"}},{"type":"Feature","geometry":{"type":"Point","coordinates":[-84.650534,34.075647]},"properties":{"brand":"Flock Safety"}},{"type":"Feature","geometry":{"type":"Point","coordinates":[-84.734524,34.085854]},"properties":{"brand":"Flock Safety"}},{"type":"Feature","geometry":{"type":"Point","coordinates":[-84.73004,34.081297]},"properties":{"brand":"Flock Safety"}},{"type":"Feature","geometry":{"type":"Point","coordinates":[-84.749189,34.114238]},"properties":{"brand":"Flock Safety"}},{"type":"Feature","geometry":{"type":"Point","coordinates":[-84.915907,34.439641]},"properties":{"brand":"Flock Safety"}},{"type":"Feature","geometry":{"type":"Point","coordinates":[-82.630382,34.536648]},"properties":{"brand":"Flock Safety"}},{"type":"Feature","geometry":{"type":"Point","coordinates":[-83.614588,32.859394]},"properties":{"brand":"Flock Safety"}},{"type":"Feature","geometry":{"type":"Point","coordinates":[-83.613262,32.859751]},"properties":{"brand":"Flock Safety"}},{"type":"Feature","geometry":{"type":"Point","coordinates":[-84.370809,33.947877]},"properties":{"brand":"Flock Safety"}},{"type":"Feature","geometry":{"type":"Point","coordinates":[-84.371238,33.947917]},"properties":{"brand":"Flock Safety"}},{"type":"Feature","geometry":{"type":"Point","coordinates":[-83.990806,33.970391]},"properties":{"brand":"Flock Safety"}},{"type":"Feature","geometry":{"type":"Point","coordinates":[-83.619407,32.852435]},"properties":{"brand":"Flock Safety"}},{"type":"Feature","geometry":{"type":"Point","coordinates":[-83.346761,34.388437]},"properties":{"brand":"Flock Safety"}},{"type":"Feature","geometry":{"type":"Point","coordinates":[-82.117572,33.44151]},"properties":{"brand":"Flock Safety"}},{"type":"Feature","geometry":{"type":"Point","coordinates":[-83.719765,32.580255]},"properties":{"brand":"Flock Safety"}},{"type":"Feature","geometry":{"type":"Point","coordinates":[-84.406324,34.062817]},"properties":{"brand":"Flock Safety"}},{"type":"Feature","geometry":{"type":"Point","coordinates":[-84.363582,34.07314]},"properties":{"brand":"Flock Safety"}},{"type":"Feature","geometry":{"type":"Point","coordinates":[-84.29296,34.072638]},"properties":{"brand":"Flock Safety"}},{"type":"Feature","geometry":{"type":"Point","coordinates":[-84.334515,34.061274]},"properties":{"brand":"Flock Safety"}},{"type":"Feature","geometry":{"type":"Point","coordinates":[-84.401547,34.061084]},"properties":{"brand":"Flock Safety"}},{"type":"Feature","geometry":{"type":"Point","coordinates":[-84.46481,34.036174]},"properties":{"brand":"Flock Safety"}},{"type":"Feature","geometry":{"type":"Point","coordinates":[-83.578094,34.003984]},"properties":{"brand":"Flock Safety"}},{"type":"Feature","geometry":{"type":"Point","coordinates":[-84.412853,33.993422]},"properties":{"brand":"Flock Safety"}},{"type":"Feature","geometry":{"type":"Point","coordinates":[-85.441948,32.60282]},"properties":{"brand":"Flock Safety"}},{"type":"Feature","geometry":{"type":"Point","coordinates":[-83.904029,33.853754]},"properties":{"brand":"Flock Safety"}},{"type":"Feature","geometry":{"type":"Point","coordinates":[-83.904155,33.853675]},"properties":{"brand":"Flock Safety"}},{"type":"Feature","geometry":{"type":"Point","coordinates":[-83.936878,33.89313]},"properties":{"brand":"Flock Safety"}},{"type":"Feature","geometry":{"type":"Point","coordinates":[-82.935486,34.699627]},"properties":{"brand":"Flock Safety"}},{"type":"Feature","geometry":{"type":"Point","coordinates":[-82.985855,34.691061]},"properties":{"brand":"Flock Safety"}},{"type":"Feature","geometry":{"type":"Point","coordinates":[-82.913243,34.684138]},"properties":{"brand":"Flock Safety"}},{"type":"Feature","geometry":{"type":"Point","coordinates":[-84.470852,33.651735]},"properties":{"brand":"Flock Safety"}},{"type":"Feature","geometry":{"type":"Point","coordinates":[-83.411138,34.29647]},"properties":{"brand":"Flock Safety"}},{"type":"Feature","geometry":{"type":"Point","coordinates":[-85.086553,34.135038]},"properties":{"brand":"Flock Safety"}},{"type":"Feature","geometry":{"type":"Point","coordinates":[-84.621739,33.947061]},"properties":{"brand":"Flock Safety"}},{"type":"Feature","geometry":{"type":"Point","coordinates":[-84.620906,33.946392]},"properties":{"brand":"Flock Safety"}},{"type":"Feature","geometry":{"type":"Point","coordinates":[-84.621719,33.947009]},"properties":{"brand":"Flock Safety"}},{"type":"Feature","geometry":{"type":"Point","coordinates":[-84.717684,33.375677]},"properties":{"brand":"Flock Safety"}},{"type":"Feature","geometry":{"type":"Point","coordinates":[-84.484663,34.077291]},"properties":{"brand":"Flock Safety"}},{"type":"Feature","geometry":{"type":"Point","coordinates":[-84.969839,34.749935]},"properties":{"brand":"Flock Safety"}},{"type":"Feature","geometry":{"type":"Point","coordinates":[-84.864594,34.709203]},"properties":{"brand":"Flock Safety"}},{"type":"Feature","geometry":{"type":"Point","coordinates":[-83.457477,34.240319]},"properties":{"brand":"Flock Safety"}},{"type":"Feature","geometry":{"type":"Point","coordinates":[-84.961889,34.793391]},"properties":{"brand":"Flock Safety"}},{"type":"Feature","geometry":{"type":"Point","coordinates":[-84.931063,34.987267]},"properties":{"brand":"Flock Safety"}},{"type":"Feature","geometry":{"type":"Point","coordinates":[-84.154676,33.751859]},"properties":{"brand":"Flock Safety"}},{"type":"Feature","geometry":{"type":"Point","coordinates":[-84.290288,33.540586]},"properties":{"brand":"Flock Safety"}},{"type":"Feature","geometry":{"type":"Point","coordinates":[-84.315472,33.535434]},"properties":{"brand":"Flock Safety"}},{"type":"Feature","geometry":{"type":"Point","coordinates":[-84.357629,33.572137]},"properties":{"brand":"Flock Safety"}},{"type":"Feature","geometry":{"type":"Point","coordinates":[-84.369408,33.572873]},"properties":{"brand":"Flock Safety"}},{"type":"Feature","geometry":{"type":"Point","coordinates":[-84.418438,33.536637]},"properties":{"brand":"Flock Safety"}},{"type":"Feature","geometry":{"type":"Point","coordinates":[-83.487921,34.259104]},"properties":{"brand":"Flock Safety"}},{"type":"Feature","geometry":{"type":"Point","coordinates":[-82.219767,33.408375]},"properties":{"brand":"Flock Safety"}},{"type":"Feature","geometry":{"type":"Point","coordinates":[-82.220494,33.407883]},"properties":{"brand":"Flock Safety"}},{"type":"Feature","geometry":{"type":"Point","coordinates":[-82.219756,33.408357]},"properties":{"brand":"Flock Safety"}},{"type":"Feature","geometry":{"type":"Point","coordinates":[-82.222297,33.407548]},"properties":{"brand":"Genetec"}},{"type":"Feature","geometry":{"type":"Point","coordinates":[-82.192641,33.571562]},"properties":{"brand":"Genetec"}},{"type":"Feature","geometry":{"type":"Point","coordinates":[-84.747351,34.030918]},"properties":{"brand":"Flock Safety"}},{"type":"Feature","geometry":{"type":"Point","coordinates":[-83.565434,34.08368]},"properties":{"brand":"Flock Safety"}},{"type":"Feature","geometry":{"type":"Point","coordinates":[-84.41252,34.07647]},"properties":{"brand":"Flock Safety"}},{"type":"Feature","geometry":{"type":"Point","coordinates":[-84.065831,34.335386]},"properties":{"brand":"Flock Safety"}},{"type":"Feature","geometry":{"type":"Point","coordinates":[-84.563377,33.930779]},"properties":{"brand":"Flock Safety"}},{"type":"Feature","geometry":{"type":"Point","coordinates":[-84.55032,33.948011]},"properties":{"brand":"Flock Safety"}},{"type":"Feature","geometry":{"type":"Point","coordinates":[-84.552224,33.957996]},"properties":{"brand":"Flock Safety"}},{"type":"Feature","geometry":{"type":"Point","coordinates":[-84.420345,34.069506]},"properties":{"brand":"Flock Safety"}},{"type":"Feature","geometry":{"type":"Point","coordinates":[-84.551972,33.966826]},"properties":{"brand":"Flock Safety"}},{"type":"Feature","geometry":{"type":"Point","coordinates":[-84.551977,33.966507]},"properties":{"brand":"Flock Safety"}},{"type":"Feature","geometry":{"type":"Point","coordinates":[-84.844698,33.854253]},"properties":{"brand":"Flock Safety"}},{"type":"Feature","geometry":{"type":"Point","coordinates":[-84.418695,34.403917]},"properties":{"brand":"Flock Safety"}},{"type":"Feature","geometry":{"type":"Point","coordinates":[-82.044817,33.229942]},"properties":{"brand":"Flock Safety"}},{"type":"Feature","geometry":{"type":"Point","coordinates":[-83.384197,33.949952]},"properties":{"brand":"Flock Safety"}},{"type":"Feature","geometry":{"type":"Point","coordinates":[-84.761833,33.730163]},"properties":{"brand":"Flock Safety"}},{"type":"Feature","geometry":{"type":"Point","coordinates":[-82.339093,34.819705]},"properties":{"brand":"Flock Safety"}},{"type":"Feature","geometry":{"type":"Point","coordinates":[-84.270744,33.878197]},"properties":{"brand":"Flock Safety"}},{"type":"Feature","geometry":{"type":"Point","coordinates":[-84.274042,33.879841]},"properties":{"brand":"Flock Safety"}},{"type":"Feature","geometry":{"type":"Point","coordinates":[-84.400607,34.062123]},"properties":{"brand":"Flock Safety"}},{"type":"Feature","geometry":{"type":"Point","coordinates":[-84.40147,34.061387]},"properties":{"brand":"Flock Safety"}},{"type":"Feature","geometry":{"type":"Point","coordinates":[-80.926062,35.048245]},"properties":{"brand":""}},{"type":"Feature","geometry":{"type":"Point","coordinates":[-84.464706,34.257416]},"properties":{"brand":"Flock Safety"}},{"type":"Feature","geometry":{"type":"Point","coordinates":[-84.392932,34.37607]},"properties":{"brand":"Flock Safety"}},{"type":"Feature","geometry":{"type":"Point","coordinates":[-84.08318,34.12324]},"properties":{"brand":"Flock Safety"}},{"type":"Feature","geometry":{"type":"Point","coordinates":[-84.551937,33.990672]},"properties":{"brand":"Flock Safety"}},{"type":"Feature","geometry":{"type":"Point","coordinates":[-84.485034,33.9773]},"properties":{"brand":"Flock Safety"}},{"type":"Feature","geometry":{"type":"Point","coordinates":[-84.174924,33.724009]},"properties":{"brand":"Flock Safety"}},{"type":"Feature","geometry":{"type":"Point","coordinates":[-84.329663,33.880313]},"properties":{"brand":"Flock Safety"}},{"type":"Feature","geometry":{"type":"Point","coordinates":[-83.676797,34.024915]},"properties":{"brand":"Flock Safety"}},{"type":"Feature","geometry":{"type":"Point","coordinates":[-83.676797,34.024918]},"properties":{"brand":"Flock Safety"}},{"type":"Feature","geometry":{"type":"Point","coordinates":[-83.663091,34.051726]},"properties":{"brand":"Flock Safety"}},{"type":"Feature","geometry":{"type":"Point","coordinates":[-85.403303,34.164733]},"properties":{"brand":"Flock Safety"}},{"type":"Feature","geometry":{"type":"Point","coordinates":[-83.444816,34.171673]},"properties":{"brand":"Flock Safety"}},{"type":"Feature","geometry":{"type":"Point","coordinates":[-83.40073,34.294901]},"properties":{"brand":"Flock Safety"}},{"type":"Feature","geometry":{"type":"Point","coordinates":[-83.376149,34.305902]},"properties":{"brand":"Flock Safety"}},{"type":"Feature","geometry":{"type":"Point","coordinates":[-83.376149,34.305902]},"properties":{"brand":"Flock Safety"}},{"type":"Feature","geometry":{"type":"Point","coordinates":[-83.376149,34.305902]},"properties":{"brand":"Flock Safety"}},{"type":"Feature","geometry":{"type":"Point","coordinates":[-83.316258,34.345328]},"properties":{"brand":"Flock Safety"}},{"type":"Feature","geometry":{"type":"Point","coordinates":[-85.033683,34.866019]},"properties":{"brand":"Flock Safety"}},{"type":"Feature","geometry":{"type":"Point","coordinates":[-84.21524,33.462276]},"properties":{"brand":"Flock Safety"}},{"type":"Feature","geometry":{"type":"Point","coordinates":[-83.931553,33.038879]},"properties":{"brand":"Flock Safety"}},{"type":"Feature","geometry":{"type":"Point","coordinates":[-82.315939,33.546218]},"properties":{"brand":"Genetec"}},{"type":"Feature","geometry":{"type":"Point","coordinates":[-82.31613,33.546233]},"properties":{"brand":"Genetec"}},{"type":"Feature","geometry":{"type":"Point","coordinates":[-82.31614,33.546231]},"properties":{"brand":"Genetec"}},{"type":"Feature","geometry":{"type":"Point","coordinates":[-82.219431,33.144317]},"properties":{"brand":"Flock Safety"}},{"type":"Feature","geometry":{"type":"Point","coordinates":[-84.584941,33.949946]},"properties":{"brand":"Flock Safety"}},{"type":"Feature","geometry":{"type":"Point","coordinates":[-84.591425,33.94714]},"properties":{"brand":"Flock Safety"}},{"type":"Feature","geometry":{"type":"Point","coordinates":[-83.484979,34.179498]},"properties":{"brand":"Flock Safety"}},{"type":"Feature","geometry":{"type":"Point","coordinates":[-83.449382,34.239242]},"properties":{"brand":"Flock Safety"}},{"type":"Feature","geometry":{"type":"Point","coordinates":[-83.123486,34.435127]},"properties":{"brand":"Flock Safety"}},{"type":"Feature","geometry":{"type":"Point","coordinates":[-83.123489,34.435016]},"properties":{"brand":"Flock Safety"}},{"type":"Feature","geometry":{"type":"Point","coordinates":[-84.35106,33.764099]},"properties":{"brand":"Flock Safety"}},{"type":"Feature","geometry":{"type":"Point","coordinates":[-82.43718,33.552072]},"properties":{"brand":"Genetec"}},{"type":"Feature","geometry":{"type":"Point","coordinates":[-82.437174,33.552103]},"properties":{"brand":"Genetec"}},{"type":"Feature","geometry":{"type":"Point","coordinates":[-82.449004,33.509571]},"properties":{"brand":"Flock Safety"}},{"type":"Feature","geometry":{"type":"Point","coordinates":[-82.448435,33.510141]},"properties":{"brand":"Flock Safety"}},{"type":"Feature","geometry":{"type":"Point","coordinates":[-82.490352,33.486019]},"properties":{"brand":"Flock Safety"}},{"type":"Feature","geometry":{"type":"Point","coordinates":[-82.490209,33.484986]},"properties":{"brand":"Flock Safety"}},{"type":"Feature","geometry":{"type":"Point","coordinates":[-82.444972,33.512413]},"properties":{"brand":"Flock Safety"}},{"type":"Feature","geometry":{"type":"Point","coordinates":[-82.445303,33.51249]},"properties":{"brand":"Flock Safety"}},{"type":"Feature","geometry":{"type":"Point","coordinates":[-84.323753,33.644841]},"properties":{"brand":"Flock Safety"}},{"type":"Feature","geometry":{"type":"Point","coordinates":[-82.412976,34.823825]},"properties":{"brand":"Flock Safety"}},{"type":"Feature","geometry":{"type":"Point","coordinates":[-83.325304,33.936594]},"properties":{"brand":"Flock Safety"}},{"type":"Feature","geometry":{"type":"Point","coordinates":[-83.325586,33.936376]},"properties":{"brand":"Flock Safety"}},{"type":"Feature","geometry":{"type":"Point","coordinates":[-83.325304,33.936594]},"properties":{"brand":"Flock Safety"}},{"type":"Feature","geometry":{"type":"Point","coordinates":[-83.325008,33.936958]},"properties":{"brand":"Flock Safety"}},{"type":"Feature","geometry":{"type":"Point","coordinates":[-83.663501,32.826089]},"properties":{"brand":"Flock Safety"}},{"type":"Feature","geometry":{"type":"Point","coordinates":[-84.551813,33.991327]},"properties":{"brand":"Flock Safety"}},{"type":"Feature","geometry":{"type":"Point","coordinates":[-84.139138,33.608898]},"properties":{"brand":"Flock Safety"}},{"type":"Feature","geometry":{"type":"Point","coordinates":[-84.264003,33.624975]},"properties":{"brand":"Flock Safety"}},{"type":"Feature","geometry":{"type":"Point","coordinates":[-83.97053,33.576019]},"properties":{"brand":"Flock Safety"}},{"type":"Feature","geometry":{"type":"Point","coordinates":[-84.215221,33.718889]},"properties":{"brand":"Flock Safety"}},{"type":"Feature","geometry":{"type":"Point","coordinates":[-83.730639,34.006106]},"properties":{"brand":"Flock Safety"}},{"type":"Feature","geometry":{"type":"Point","coordinates":[-84.292611,33.803198]},"properties":{"brand":"Flock Safety"}},{"type":"Feature","geometry":{"type":"Point","coordinates":[-82.198447,33.482849]},"properties":{"brand":"Flock Safety"}},{"type":"Feature","geometry":{"type":"Point","coordinates":[-85.173907,34.22139]},"properties":{"brand":"Flock Safety"}},{"type":"Feature","geometry":{"type":"Point","coordinates":[-82.200417,33.484684]},"properties":{"brand":"Genetec"}},{"type":"Feature","geometry":{"type":"Point","coordinates":[-82.315806,33.497725]},"properties":{"brand":"Genetec"}},{"type":"Feature","geometry":{"type":"Point","coordinates":[-82.315271,33.498687]},"properties":{"brand":"Genetec"}},{"type":"Feature","geometry":{"type":"Point","coordinates":[-82.315491,33.495665]},"properties":{"brand":"Genetec"}},{"type":"Feature","geometry":{"type":"Point","coordinates":[-82.315014,33.496007]},"properties":{"brand":"Genetec"}},{"type":"Feature","geometry":{"type":"Point","coordinates":[-84.861318,33.037761]},"properties":{"brand":"Flock Safety"}},{"type":"Feature","geometry":{"type":"Point","coordinates":[-80.800881,34.121413]},"properties":{"brand":"Flock Safety"}},{"type":"Feature","geometry":{"type":"Point","coordinates":[-84.00117,34.038527]},"properties":{"brand":"Flock Safety"}},{"type":"Feature","geometry":{"type":"Point","coordinates":[-84.924166,34.147834]},"properties":{"brand":"Flock Safety"}},{"type":"Feature","geometry":{"type":"Point","coordinates":[-84.717603,33.375618]},"properties":{"brand":"Flock Safety"}},{"type":"Feature","geometry":{"type":"Point","coordinates":[-82.235283,33.518009]},"properties":{"brand":"Genetec"}},{"type":"Feature","geometry":{"type":"Point","coordinates":[-84.556579,33.952275]},"properties":{"brand":"Flock Safety"}},{"type":"Feature","geometry":{"type":"Point","coordinates":[-84.299513,33.919642]},"properties":{"brand":"Flock Safety"}},{"type":"Feature","geometry":{"type":"Point","coordinates":[-84.305595,33.921255]},"properties":{"brand":"Flock Safety"}},{"type":"Feature","geometry":{"type":"Point","coordinates":[-84.023557,33.92605]},"properties":{"brand":"Flock Safety"}},{"type":"Feature","geometry":{"type":"Point","coordinates":[-84.023176,33.96733]},"properties":{"brand":"Flock Safety"}},{"type":"Feature","geometry":{"type":"Point","coordinates":[-84.470355,33.889665]},"properties":{"brand":"Flock Safety"}},{"type":"Feature","geometry":{"type":"Point","coordinates":[-84.471012,33.88878]},"properties":{"brand":"Flock Safety"}},{"type":"Feature","geometry":{"type":"Point","coordinates":[-84.471384,33.88755]},"properties":{"brand":"Flock Safety"}},{"type":"Feature","geometry":{"type":"Point","coordinates":[-84.471082,33.886705]},"properties":{"brand":"Flock Safety"}},{"type":"Feature","geometry":{"type":"Point","coordinates":[-84.497167,34.105943]},"properties":{"brand":"Flock Safety"}},{"type":"Feature","geometry":{"type":"Point","coordinates":[-84.469239,33.891657]},"properties":{"brand":"Flock Safety"}},{"type":"Feature","geometry":{"type":"Point","coordinates":[-84.431569,33.905869]},"properties":{"brand":"Genetec"}},{"type":"Feature","geometry":{"type":"Point","coordinates":[-84.539835,33.720232]},"properties":{"brand":"Flock Safety"}},{"type":"Feature","geometry":{"type":"Point","coordinates":[-84.279959,33.915819]},"properties":{"brand":"Flock Safety"}},{"type":"Feature","geometry":{"type":"Point","coordinates":[-84.936925,32.539508]},"properties":{"brand":"Flock Safety"}},{"type":"Feature","geometry":{"type":"Point","coordinates":[-84.771812,34.174848]},"properties":{"brand":"Flock Safety"}},{"type":"Feature","geometry":{"type":"Point","coordinates":[-84.138172,34.182438]},"properties":{"brand":"Flock Safety"}},{"type":"Feature","geometry":{"type":"Point","coordinates":[-84.110387,34.180312]},"properties":{"brand":"Flock Safety"}},{"type":"Feature","geometry":{"type":"Point","coordinates":[-84.427861,33.785681]},"properties":{"brand":"Flock Safety"}},{"type":"Feature","geometry":{"type":"Point","coordinates":[-84.427861,33.785681]},"properties":{"brand":"Flock Safety"}},{"type":"Feature","geometry":{"type":"Point","coordinates":[-84.436698,33.802518]},"properties":{"brand":"Flock Safety"}},{"type":"Feature","geometry":{"type":"Point","coordinates":[-80.820108,34.271341]},"properties":{"brand":"Flock Safety"}},{"type":"Feature","geometry":{"type":"Point","coordinates":[-80.821685,34.338782]},"properties":{"brand":"Flock Safety"}},{"type":"Feature","geometry":{"type":"Point","coordinates":[-83.864263,32.864789]},"properties":{"brand":"Flock Safety"}},{"type":"Feature","geometry":{"type":"Point","coordinates":[-84.492152,34.241801]},"properties":{"brand":"Flock Safety"}},{"type":"Feature","geometry":{"type":"Point","coordinates":[-84.81492,33.899944]},"properties":{"brand":"Flock Safety"}},{"type":"Feature","geometry":{"type":"Point","coordinates":[-81.894098,34.930145]},"properties":{"brand":"Flock Safety"}},{"type":"Feature","geometry":{"type":"Point","coordinates":[-81.919984,34.946064]},"properties":{"brand":"Flock Safety"}},{"type":"Feature","geometry":{"type":"Point","coordinates":[-81.94836,34.96614]},"properties":{"brand":"Flock Safety"}},{"type":"Feature","geometry":{"type":"Point","coordinates":[-83.828569,32.865614]},"properties":{"brand":"Flock Safety"}},{"type":"Feature","geometry":{"type":"Point","coordinates":[-83.801197,33.90095]},"properties":{"brand":"Flock Safety"}},{"type":"Feature","geometry":{"type":"Point","coordinates":[-84.403342,33.424033]},"properties":{"brand":"Flock Safety"}},{"type":"Feature","geometry":{"type":"Point","coordinates":[-85.50099,34.467563]},"properties":{"brand":"Flock Safety"}},{"type":"Feature","geometry":{"type":"Point","coordinates":[-85.466294,32.62036]},"properties":{"brand":"Flock Safety"}},{"type":"Feature","geometry":{"type":"Point","coordinates":[-85.466271,32.618724]},"properties":{"brand":"Flock Safety"}},{"type":"Feature","geometry":{"type":"Point","coordinates":[-84.734423,33.399264]},"properties":{"brand":"Flock Safety"}},{"type":"Feature","geometry":{"type":"Point","coordinates":[-85.49285,32.606568]},"properties":{"brand":"Flock Safety"}},{"type":"Feature","geometry":{"type":"Point","coordinates":[-85.171412,34.256226]},"properties":{"brand":"Flock Safety"}},{"type":"Feature","geometry":{"type":"Point","coordinates":[-80.859625,35.000328]},"properties":{"brand":"Flock Safety"}},{"type":"Feature","geometry":{"type":"Point","coordinates":[-83.647377,34.152689]},"properties":{"brand":"Flock Safety"}},{"type":"Feature","geometry":{"type":"Point","coordinates":[-84.353856,33.682902]},"properties":{"brand":"Flock Safety"}},{"type":"Feature","geometry":{"type":"Point","coordinates":[-83.374673,34.306866]},"properties":{"brand":"Flock Safety"}},{"type":"Feature","geometry":{"type":"Point","coordinates":[-82.055211,33.346476]},"properties":{"brand":"Flock Safety"}},{"type":"Feature","geometry":{"type":"Point","coordinates":[-84.325966,34.022386]},"properties":{"brand":"Flock Safety"}},{"type":"Feature","geometry":{"type":"Point","coordinates":[-82.783736,34.650948]},"properties":{"brand":"Flock Safety"}},{"type":"Feature","geometry":{"type":"Point","coordinates":[-82.670833,34.731944]},"properties":{"brand":"Flock Safety"}},{"type":"Feature","geometry":{"type":"Point","coordinates":[-82.573887,34.824494]},"properties":{"brand":"Flock Safety"}},{"type":"Feature","geometry":{"type":"Point","coordinates":[-83.765098,34.122872]},"properties":{"brand":"Flock Safety"}},{"type":"Feature","geometry":{"type":"Point","coordinates":[-84.362903,33.842878]},"properties":{"brand":"Flock Safety"}},{"type":"Feature","geometry":{"type":"Point","coordinates":[-84.455251,33.44754]},"properties":{"brand":"Flock Safety"}},{"type":"Feature","geometry":{"type":"Point","coordinates":[-84.454861,33.448953]},"properties":{"brand":"Flock Safety"}},{"type":"Feature","geometry":{"type":"Point","coordinates":[-84.449225,33.481997]},"properties":{"brand":"Flock Safety"}},{"type":"Feature","geometry":{"type":"Point","coordinates":[-84.448377,33.544797]},"properties":{"brand":"Flock Safety"}},{"type":"Feature","geometry":{"type":"Point","coordinates":[-84.429524,33.601244]},"properties":{"brand":"Flock Safety"}},{"type":"Feature","geometry":{"type":"Point","coordinates":[-84.244725,33.846327]},"properties":{"brand":"Flock Safety"}},{"type":"Feature","geometry":{"type":"Point","coordinates":[-84.240439,33.838814]},"properties":{"brand":"Flock Safety"}},{"type":"Feature","geometry":{"type":"Point","coordinates":[-84.245264,33.851098]},"properties":{"brand":"Flock Safety"}},{"type":"Feature","geometry":{"type":"Point","coordinates":[-84.425311,33.28304]},"properties":{"brand":"Flock Safety"}},{"type":"Feature","geometry":{"type":"Point","coordinates":[-83.728552,34.003185]},"properties":{"brand":"Flock Safety"}},{"type":"Feature","geometry":{"type":"Point","coordinates":[-80.873727,35.033696]},"properties":{"brand":"Flock Safety"}},{"type":"Feature","geometry":{"type":"Point","coordinates":[-80.874791,35.033105]},"properties":{"brand":"Flock Safety"}},{"type":"Feature","geometry":{"type":"Point","coordinates":[-80.855302,34.982142]},"properties":{"brand":"Flock Safety"}},{"type":"Feature","geometry":{"type":"Point","coordinates":[-83.44637,33.916323]},"properties":{"brand":"Flock Safety"}},{"type":"Feature","geometry":{"type":"Point","coordinates":[-84.35164,33.76443]},"properties":{"brand":"Flock Safety"}},{"type":"Feature","geometry":{"type":"Point","coordinates":[-84.39217,33.770789]},"properties":{"brand":"Flock Safety"}},{"type":"Feature","geometry":{"type":"Point","coordinates":[-84.390637,33.781569]},"properties":{"brand":"Genetec"}},{"type":"Feature","geometry":{"type":"Point","coordinates":[-84.412708,33.809388]},"properties":{"brand":"Flock Safety"}},{"type":"Feature","geometry":{"type":"Point","coordinates":[-84.089162,33.55281]},"properties":{"brand":"Axis Communications"}},{"type":"Feature","geometry":{"type":"Point","coordinates":[-84.09454,33.540586]},"properties":{"brand":"Axis Communications"}},{"type":"Feature","geometry":{"type":"Point","coordinates":[-84.063737,33.680887]},"properties":{"brand":"Axis Communications"}},{"type":"Feature","geometry":{"type":"Point","coordinates":[-84.063516,33.680962]},"properties":{"brand":"Axis Communications"}},{"type":"Feature","geometry":{"type":"Point","coordinates":[-84.126608,33.713198]},"properties":{"brand":"Flock Safety"}},{"type":"Feature","geometry":{"type":"Point","coordinates":[-81.980851,33.442009]},"properties":{"brand":"Flock Safety"}},{"type":"Feature","geometry":{"type":"Point","coordinates":[-81.980354,33.442539]},"properties":{"brand":"Flock Safety"}},{"type":"Feature","geometry":{"type":"Point","coordinates":[-81.979927,33.443442]},"properties":{"brand":"Flock Safety"}},{"type":"Feature","geometry":{"type":"Point","coordinates":[-84.351188,33.922442]},"properties":{"brand":"Flock Safety"}},{"type":"Feature","geometry":{"type":"Point","coordinates":[-84.36022,34.986271]},"properties":{"brand":"Flock Safety"}},{"type":"Feature","geometry":{"type":"Point","coordinates":[-83.75889,34.101706]},"properties":{"brand":"Flock Safety"}},{"type":"Feature","geometry":{"type":"Point","coordinates":[-83.758329,34.102215]},"properties":{"brand":"Flock Safety"}},{"type":"Feature","geometry":{"type":"Point","coordinates":[-83.758381,34.102854]},"properties":{"brand":"Flock Safety"}},{"type":"Feature","geometry":{"type":"Point","coordinates":[-83.692003,34.112502]},"properties":{"brand":"Flock Safety"}},{"type":"Feature","geometry":{"type":"Point","coordinates":[-83.682878,34.112135]},"properties":{"brand":"Flock Safety"}},{"type":"Feature","geometry":{"type":"Point","coordinates":[-83.68513,34.112392]},"properties":{"brand":"Flock Safety"}},{"type":"Feature","geometry":{"type":"Point","coordinates":[-83.685224,34.112559]},"properties":{"brand":"Flock Safety"}},{"type":"Feature","geometry":{"type":"Point","coordinates":[-83.688946,34.112401]},"properties":{"brand":"Flock Safety"}},{"type":"Feature","geometry":{"type":"Point","coordinates":[-83.689108,34.112655]},"properties":{"brand":"Flock Safety"}},{"type":"Feature","geometry":{"type":"Point","coordinates":[-83.694014,34.113118]},"properties":{"brand":"Flock Safety"}},{"type":"Feature","geometry":{"type":"Point","coordinates":[-83.694074,34.113487]},"properties":{"brand":"Flock Safety"}},{"type":"Feature","geometry":{"type":"Point","coordinates":[-83.695424,34.115986]},"properties":{"brand":"Flock Safety"}},{"type":"Feature","geometry":{"type":"Point","coordinates":[-83.695779,34.11588]},"properties":{"brand":"Flock Safety"}},{"type":"Feature","geometry":{"type":"Point","coordinates":[-80.963608,35.025783]},"properties":{"brand":"Flock Safety"}},{"type":"Feature","geometry":{"type":"Point","coordinates":[-80.966303,35.03138]},"properties":{"brand":"Flock Safety"}},{"type":"Feature","geometry":{"type":"Point","coordinates":[-83.930045,34.049336]},"properties":{"brand":"Flock Safety"}},{"type":"Feature","geometry":{"type":"Point","coordinates":[-83.954695,34.035847]},"properties":{"brand":"Flock Safety"}},{"type":"Feature","geometry":{"type":"Point","coordinates":[-83.957518,33.883102]},"properties":{"brand":"Flock Safety"}},{"type":"Feature","geometry":{"type":"Point","coordinates":[-84.40759,33.797365]},"properties":{"brand":"Flock Safety"}},{"type":"Feature","geometry":{"type":"Point","coordinates":[-84.405681,33.791577]},"properties":{"brand":"Flock Safety"}},{"type":"Feature","geometry":{"type":"Point","coordinates":[-83.954289,33.561902]},"properties":{"brand":"Flock Safety"}},{"type":"Feature","geometry":{"type":"Point","coordinates":[-82.009543,33.477756]},"properties":{"brand":"Flock Safety"}},{"type":"Feature","geometry":{"type":"Point","coordinates":[-84.76131,34.173812]},"properties":{"brand":"Flock Safety"}},{"type":"Feature","geometry":{"type":"Point","coordinates":[-84.538805,34.192711]},"properties":{"brand":"Flock Safety"}},{"type":"Feature","geometry":{"type":"Point","coordinates":[-84.551311,34.179757]},"properties":{"brand":"Flock Safety"}},{"type":"Feature","geometry":{"type":"Point","coordinates":[-84.917689,34.439632]},"properties":{"brand":"Flock Safety"}},{"type":"Feature","geometry":{"type":"Point","coordinates":[-84.245639,33.851059]},"properties":{"brand":"Flock Safety"}},{"type":"Feature","geometry":{"type":"Point","coordinates":[-84.396841,33.772608]},"properties":{"brand":"Flock Safety"}},{"type":"Feature","geometry":{"type":"Point","coordinates":[-82.248721,34.712077]},"properties":{"brand":"Flock Safety"}},{"type":"Feature","geometry":{"type":"Point","coordinates":[-84.395621,33.771849]},"properties":{"brand":"Flock Safety"}},{"type":"Feature","geometry":{"type":"Point","coordinates":[-84.424136,33.880017]},"properties":{"brand":"Flock Safety"}},{"type":"Feature","geometry":{"type":"Point","coordinates":[-84.417946,33.882316]},"properties":{"brand":"Flock Safety"}},{"type":"Feature","geometry":{"type":"Point","coordinates":[-82.3607,34.772436]},"properties":{"brand":"Flock Safety"}},{"type":"Feature","geometry":{"type":"Point","coordinates":[-84.422982,33.657481]},"properties":{"brand":"Flock Safety"}},{"type":"Feature","geometry":{"type":"Point","coordinates":[-84.423206,33.653822]},"properties":{"brand":"Flock Safety"}},{"type":"Feature","geometry":{"type":"Point","coordinates":[-84.422981,33.653629]},"properties":{"brand":"Flock Safety"}},{"type":"Feature","geometry":{"type":"Point","coordinates":[-84.423219,33.657541]},"properties":{"brand":"Flock Safety"}},{"type":"Feature","geometry":{"type":"Point","coordinates":[-84.428162,33.658456]},"properties":{"brand":"Flock Safety"}},{"type":"Feature","geometry":{"type":"Point","coordinates":[-82.284699,34.767925]},"properties":{"brand":"Flock Safety"}},{"type":"Feature","geometry":{"type":"Point","coordinates":[-82.009475,33.475629]},"properties":{"brand":"Flock Safety"}},{"type":"Feature","geometry":{"type":"Point","coordinates":[-82.08703,33.446981]},"properties":{"brand":"Flock Safety"}},{"type":"Feature","geometry":{"type":"Point","coordinates":[-82.046056,33.452199]},"properties":{"brand":"Flock Safety"}},{"type":"Feature","geometry":{"type":"Point","coordinates":[-82.032038,33.468794]},"properties":{"brand":"Flock Safety"}},{"type":"Feature","geometry":{"type":"Point","coordinates":[-82.582518,34.785838]},"properties":{"brand":"Flock Safety"}},{"type":"Feature","geometry":{"type":"Point","coordinates":[-81.964181,34.941667]},"properties":{"brand":"Flock Safety"}},{"type":"Feature","geometry":{"type":"Point","coordinates":[-81.948422,34.960394]},"properties":{"brand":"Flock Safety"}},{"type":"Feature","geometry":{"type":"Point","coordinates":[-81.949362,34.950139]},"properties":{"brand":"Flock Safety"}},{"type":"Feature","geometry":{"type":"Point","coordinates":[-81.887525,34.965105]},"properties":{"brand":"Flock Safety"}},{"type":"Feature","geometry":{"type":"Point","coordinates":[-81.9291,34.936693]},"properties":{"brand":"Flock Safety"}},{"type":"Feature","geometry":{"type":"Point","coordinates":[-82.03909,33.486317]},"properties":{"brand":"Flock Safety"}},{"type":"Feature","geometry":{"type":"Point","coordinates":[-82.069111,33.489133]},"properties":{"brand":"Flock Safety"}},{"type":"Feature","geometry":{"type":"Point","coordinates":[-82.092223,33.464482]},"properties":{"brand":"Flock Safety"}},{"type":"Feature","geometry":{"type":"Point","coordinates":[-82.395128,33.213222]},"properties":{"brand":"Flock Safety"}},{"type":"Feature","geometry":{"type":"Point","coordinates":[-82.396407,33.214694]},"properties":{"brand":"Flock Safety"}},{"type":"Feature","geometry":{"type":"Point","coordinates":[-82.380084,34.80775]},"properties":{"brand":"Flock Safety"}},{"type":"Feature","geometry":{"type":"Point","coordinates":[-84.465385,33.892319]},"properties":{"brand":"Flock Safety"}},{"type":"Feature","geometry":{"type":"Point","coordinates":[-84.465667,33.892671]},"properties":{"brand":"Flock Safety"}},{"type":"Feature","geometry":{"type":"Point","coordinates":[-82.288303,34.498986]},"properties":{"brand":"Flock Safety"}},{"type":"Feature","geometry":{"type":"Point","coordinates":[-84.088946,33.985158]},"properties":{"brand":"Flock Safety"}},{"type":"Feature","geometry":{"type":"Point","coordinates":[-84.46673,33.889701]},"properties":{"brand":"Flock Safety"}},{"type":"Feature","geometry":{"type":"Point","coordinates":[-84.466583,33.88979]},"properties":{"brand":"Flock Safety"}},{"type":"Feature","geometry":{"type":"Point","coordinates":[-84.468159,33.888326]},"properties":{"brand":"Flock Safety"}},{"type":"Feature","geometry":{"type":"Point","coordinates":[-84.385979,33.993832]},"properties":{"brand":"Flock Safety"}},{"type":"Feature","geometry":{"type":"Point","coordinates":[-82.0561,33.424529]},"properties":{"brand":"Flock Safety"}},{"type":"Feature","geometry":{"type":"Point","coordinates":[-82.026153,33.437498]},"properties":{"brand":"Flock Safety"}},{"type":"Feature","geometry":{"type":"Point","coordinates":[-82.024791,33.438809]},"properties":{"brand":"Flock Safety"}},{"type":"Feature","geometry":{"type":"Point","coordinates":[-82.022526,33.439964]},"properties":{"brand":"Flock Safety"}},{"type":"Feature","geometry":{"type":"Point","coordinates":[-84.301416,33.901024]},"properties":{"brand":"Flock Safety"}},{"type":"Feature","geometry":{"type":"Point","coordinates":[-84.805198,34.060612]},"properties":{"brand":"Flock Safety"}},{"type":"Feature","geometry":{"type":"Point","coordinates":[-83.756572,34.093712]},"properties":{"brand":"Flock Safety"}},{"type":"Feature","geometry":{"type":"Point","coordinates":[-83.678566,34.030605]},"properties":{"brand":"Flock Safety"}},{"type":"Feature","geometry":{"type":"Point","coordinates":[-84.255797,33.626794]},"properties":{"brand":"Flock Safety"}},{"type":"Feature","geometry":{"type":"Point","coordinates":[-84.265314,33.64553]},"properties":{"brand":"Flock Safety"}},{"type":"Feature","geometry":{"type":"Point","coordinates":[-84.179833,33.417407]},"properties":{"brand":"Flock Safety"}},{"type":"Feature","geometry":{"type":"Point","coordinates":[-84.248445,33.452885]},"properties":{"brand":"Flock Safety"}},{"type":"Feature","geometry":{"type":"Point","coordinates":[-84.120622,33.44029]},"properties":{"brand":"Flock Safety"}},{"type":"Feature","geometry":{"type":"Point","coordinates":[-84.215109,33.605873]},"properties":{"brand":"Flock Safety"}},{"type":"Feature","geometry":{"type":"Point","coordinates":[-84.003678,33.417348]},"properties":{"brand":"Flock Safety"}},{"type":"Feature","geometry":{"type":"Point","coordinates":[-84.503929,34.182559]},"properties":{"brand":"Flock Safety"}},{"type":"Feature","geometry":{"type":"Point","coordinates":[-84.52063,33.936026]},"properties":{"brand":"Flock Safety"}},{"type":"Feature","geometry":{"type":"Point","coordinates":[-82.443233,34.233745]},"properties":{"brand":"Flock Safety"}},{"type":"Feature","geometry":{"type":"Point","coordinates":[-84.425683,33.655589]},"properties":{"brand":"Flock Safety"}},{"type":"Feature","geometry":{"type":"Point","coordinates":[-84.4255,33.655658]},"properties":{"brand":"Flock Safety"}},{"type":"Feature","geometry":{"type":"Point","coordinates":[-84.988858,32.521578]},"properties":{"brand":""}},{"type":"Feature","geometry":{"type":"Point","coordinates":[-84.985367,32.522922]},"properties":{"brand":"Flock Safety"}},{"type":"Feature","geometry":{"type":"Point","coordinates":[-81.15578,34.013899]},"properties":{"brand":"Flock Safety"}},{"type":"Feature","geometry":{"type":"Point","coordinates":[-81.155836,34.014058]},"properties":{"brand":"Flock Safety"}},{"type":"Feature","geometry":{"type":"Point","coordinates":[-82.393008,34.791324]},"properties":{"brand":"Flock Safety"}},{"type":"Feature","geometry":{"type":"Point","coordinates":[-82.392782,34.791267]},"properties":{"brand":"Flock Safety"}},{"type":"Feature","geometry":{"type":"Point","coordinates":[-82.492237,34.854566]},"properties":{"brand":"Flock Safety"}},{"type":"Feature","geometry":{"type":"Point","coordinates":[-82.497982,34.855167]},"properties":{"brand":"Flock Safety"}},{"type":"Feature","geometry":{"type":"Point","coordinates":[-82.499072,34.855184]},"properties":{"brand":"Flock Safety"}},{"type":"Feature","geometry":{"type":"Point","coordinates":[-83.405722,33.962735]},"properties":{"brand":"Flock Safety"}},{"type":"Feature","geometry":{"type":"Point","coordinates":[-82.433614,34.959926]},"properties":{"brand":"Flock Safety"}},{"type":"Feature","geometry":{"type":"Point","coordinates":[-84.470972,33.409394]},"properties":{"brand":"Flock Safety"}},{"type":"Feature","geometry":{"type":"Point","coordinates":[-81.78994,34.774747]},"properties":{"brand":"Flock Safety"}},{"type":"Feature","geometry":{"type":"Point","coordinates":[-82.026752,33.408621]},"properties":{"brand":"Flock Safety"}},{"type":"Feature","geometry":{"type":"Point","coordinates":[-84.26877,33.758777]},"properties":{"brand":"Flock Safety"}},{"type":"Feature","geometry":{"type":"Point","coordinates":[-83.242636,34.479245]},"properties":{"brand":"Flock Safety"}},{"type":"Feature","geometry":{"type":"Point","coordinates":[-84.608109,33.857283]},"properties":{"brand":"Flock Safety"}},{"type":"Feature","geometry":{"type":"Point","coordinates":[-84.543696,34.324638]},"properties":{"brand":"Flock Safety"}},{"type":"Feature","geometry":{"type":"Point","coordinates":[-84.155855,34.039172]},"properties":{"brand":"Flock Safety"}},{"type":"Feature","geometry":{"type":"Point","coordinates":[-84.147136,34.038214]},"properties":{"brand":"Flock Safety"}},{"type":"Feature","geometry":{"type":"Point","coordinates":[-85.045434,33.552407]},"properties":{"brand":"Flock Safety"}},{"type":"Feature","geometry":{"type":"Point","coordinates":[-85.047868,33.550514]},"properties":{"brand":"Flock Safety"}},{"type":"Feature","geometry":{"type":"Point","coordinates":[-84.121038,33.940944]},"properties":{"brand":"Flock Safety"}},{"type":"Feature","geometry":{"type":"Point","coordinates":[-84.090691,33.948995]},"properties":{"brand":"Flock Safety"}},{"type":"Feature","geometry":{"type":"Point","coordinates":[-81.1166,34.007128]},"properties":{"brand":"Flock Safety"}},{"type":"Feature","geometry":{"type":"Point","coordinates":[-81.116401,34.007109]},"properties":{"brand":"Flock Safety"}},{"type":"Feature","geometry":{"type":"Point","coordinates":[-84.272595,34.021935]},"properties":{"brand":"Flock Safety"}},{"type":"Feature","geometry":{"type":"Point","coordinates":[-84.229505,34.053673]},"properties":{"brand":"Flock Safety"}},{"type":"Feature","geometry":{"type":"Point","coordinates":[-84.196467,34.022717]},"properties":{"brand":"Flock Safety"}},{"type":"Feature","geometry":{"type":"Point","coordinates":[-84.197041,34.022484]},"properties":{"brand":"Flock Safety"}},{"type":"Feature","geometry":{"type":"Point","coordinates":[-84.280737,34.015275]},"properties":{"brand":"Flock Safety"}},{"type":"Feature","geometry":{"type":"Point","coordinates":[-84.282086,34.011871]},"properties":{"brand":"Flock Safety"}},{"type":"Feature","geometry":{"type":"Point","coordinates":[-84.305157,33.895236]},"properties":{"brand":"Axis Communications"}},{"type":"Feature","geometry":{"type":"Point","coordinates":[-84.310463,33.910848]},"properties":{"brand":"Axis Communications"}},{"type":"Feature","geometry":{"type":"Point","coordinates":[-83.594134,33.879031]},"properties":{"brand":"Flock Safety"}},{"type":"Feature","geometry":{"type":"Point","coordinates":[-84.298091,33.911296]},"properties":{"brand":"Flock Safety"}},{"type":"Feature","geometry":{"type":"Point","coordinates":[-84.291902,33.910075]},"properties":{"brand":"Flock Safety"}},{"type":"Feature","geometry":{"type":"Point","coordinates":[-84.298158,33.777831]},"properties":{"brand":"Flock Safety"}},{"type":"Feature","geometry":{"type":"Point","coordinates":[-83.292685,33.084694]},"properties":{"brand":"Flock Safety"}},{"type":"Feature","geometry":{"type":"Point","coordinates":[-83.268314,33.095439]},"properties":{"brand":"Flock Safety"}},{"type":"Feature","geometry":{"type":"Point","coordinates":[-83.531529,33.019558]},"properties":{"brand":"Flock Safety"}},{"type":"Feature","geometry":{"type":"Point","coordinates":[-83.574546,32.996552]},"properties":{"brand":"Flock Safety"}},{"type":"Feature","geometry":{"type":"Point","coordinates":[-83.648233,32.946451]},"properties":{"brand":"Flock Safety"}},{"type":"Feature","geometry":{"type":"Point","coordinates":[-83.648333,32.946362]},"properties":{"brand":"Flock Safety"}},{"type":"Feature","geometry":{"type":"Point","coordinates":[-83.299869,33.270939]},"properties":{"brand":"Flock Safety"}},{"type":"Feature","geometry":{"type":"Point","coordinates":[-84.747344,33.70833]},"properties":{"brand":"Flock Safety"}},{"type":"Feature","geometry":{"type":"Point","coordinates":[-84.271285,33.219189]},"properties":{"brand":"Flock Safety"}},{"type":"Feature","geometry":{"type":"Point","coordinates":[-84.238848,34.254849]},"properties":{"brand":"Flock Safety"}},{"type":"Feature","geometry":{"type":"Point","coordinates":[-84.23853,34.253837]},"properties":{"brand":"Flock Safety"}},{"type":"Feature","geometry":{"type":"Point","coordinates":[-84.398599,33.793099]},"properties":{"brand":"Flock Safety"}},{"type":"Feature","geometry":{"type":"Point","coordinates":[-84.811404,33.240062]},"properties":{"brand":"Flock Safety"}},{"type":"Feature","geometry":{"type":"Point","coordinates":[-84.826937,33.233258]},"properties":{"brand":"Flock Safety"}},{"type":"Feature","geometry":{"type":"Point","coordinates":[-84.830922,33.231699]},"properties":{"brand":"Flock Safety"}},{"type":"Feature","geometry":{"type":"Point","coordinates":[-84.400072,33.79296]},"properties":{"brand":"Genetec"}},{"type":"Feature","geometry":{"type":"Point","coordinates":[-84.393168,33.790047]},"properties":{"brand":"Flock Safety"}},{"type":"Feature","geometry":{"type":"Point","coordinates":[-84.028798,33.548749]},"properties":{"brand":"Flock Safety"}},{"type":"Feature","geometry":{"type":"Point","coordinates":[-83.982174,33.502283]},"properties":{"brand":"Flock Safety"}},{"type":"Feature","geometry":{"type":"Point","coordinates":[-80.92431,34.083162]},"properties":{"brand":""}},{"type":"Feature","geometry":{"type":"Point","coordinates":[-84.37052,33.798855]},"properties":{"brand":"Flock Safety"}},{"type":"Feature","geometry":{"type":"Point","coordinates":[-84.369683,33.796581]},"properties":{"brand":"Flock Safety"}},{"type":"Feature","geometry":{"type":"Point","coordinates":[-84.369683,33.796581]},"properties":{"brand":"Flock Safety"}},{"type":"Feature","geometry":{"type":"Point","coordinates":[-83.838568,33.39812]},"properties":{"brand":"Flock Safety"}},{"type":"Feature","geometry":{"type":"Point","coordinates":[-84.773602,34.9611]},"properties":{"brand":"Flock Safety"}},{"type":"Feature","geometry":{"type":"Point","coordinates":[-84.358166,33.902377]},"properties":{"brand":"Flock Safety"}},{"type":"Feature","geometry":{"type":"Point","coordinates":[-84.354931,33.908037]},"properties":{"brand":"Flock Safety"}},{"type":"Feature","geometry":{"type":"Point","coordinates":[-84.35567,33.90787]},"properties":{"brand":"Flock Safety"}},{"type":"Feature","geometry":{"type":"Point","coordinates":[-84.356431,33.907783]},"properties":{"brand":"Flock Safety"}},{"type":"Feature","geometry":{"type":"Point","coordinates":[-84.360168,33.900681]},"properties":{"brand":"Flock Safety"}},{"type":"Feature","geometry":{"type":"Point","coordinates":[-84.331359,33.903008]},"properties":{"brand":"Flock Safety"}},{"type":"Feature","geometry":{"type":"Point","coordinates":[-84.32392,33.902386]},"properties":{"brand":"Flock Safety"}},{"type":"Feature","geometry":{"type":"Point","coordinates":[-82.560485,34.789942]},"properties":{"brand":"Flock Safety"}},{"type":"Feature","geometry":{"type":"Point","coordinates":[-84.304254,33.895105]},"properties":{"brand":"Flock Safety"}},{"type":"Feature","geometry":{"type":"Point","coordinates":[-84.304254,33.895105]},"properties":{"brand":"Flock Safety"}},{"type":"Feature","geometry":{"type":"Point","coordinates":[-84.316471,33.822174]},"properties":{"brand":"Flock Safety"}},{"type":"Feature","geometry":{"type":"Point","coordinates":[-84.289863,33.793354]},"properties":{"brand":"Flock Safety"}},{"type":"Feature","geometry":{"type":"Point","coordinates":[-84.294679,33.782325]},"properties":{"brand":"Flock Safety"}},{"type":"Feature","geometry":{"type":"Point","coordinates":[-84.285688,33.79174]},"properties":{"brand":"Flock Safety"}},{"type":"Feature","geometry":{"type":"Point","coordinates":[-84.265433,33.928769]},"properties":{"brand":"Flock Safety"}},{"type":"Feature","geometry":{"type":"Point","coordinates":[-84.268896,33.919492]},"properties":{"brand":"Flock Safety"}},{"type":"Feature","geometry":{"type":"Point","coordinates":[-84.234757,33.95055]},"properties":{"brand":"Flock Safety"}},{"type":"Feature","geometry":{"type":"Point","coordinates":[-82.024679,34.906813]},"properties":{"brand":"Flock Safety"}},{"type":"Feature","geometry":{"type":"Point","coordinates":[-84.198965,33.948853]},"properties":{"brand":"Flock Safety"}},{"type":"Feature","geometry":{"type":"Point","coordinates":[-84.259334,33.91693]},"properties":{"brand":"Flock Safety"}},{"type":"Feature","geometry":{"type":"Point","coordinates":[-85.119215,33.721781]},"properties":{"brand":"Flock Safety"}},{"type":"Feature","geometry":{"type":"Point","coordinates":[-83.826116,34.038774]},"properties":{"brand":"Flock Safety"}},{"type":"Feature","geometry":{"type":"Point","coordinates":[-83.656843,32.813827]},"properties":{"brand":"Flock Safety"}},{"type":"Feature","geometry":{"type":"Point","coordinates":[-83.741543,32.941513]},"properties":{"brand":"Flock Safety"}},{"type":"Feature","geometry":{"type":"Point","coordinates":[-83.741543,32.941513]},"properties":{"brand":"Flock Safety"}},{"type":"Feature","geometry":{"type":"Point","coordinates":[-84.003042,34.105959]},"properties":{"brand":"Flock Safety"}},{"type":"Feature","geometry":{"type":"Point","coordinates":[-83.667263,32.785876]},"properties":{"brand":"Flock Safety"}},{"type":"Feature","geometry":{"type":"Point","coordinates":[-83.66685,32.785562]},"properties":{"brand":"Flock Safety"}},{"type":"Feature","geometry":{"type":"Point","coordinates":[-83.659684,32.770889]},"properties":{"brand":"Flock Safety"}},{"type":"Feature","geometry":{"type":"Point","coordinates":[-82.846992,34.340329]},"properties":{"brand":"Flock Safety"}},{"type":"Feature","geometry":{"type":"Point","coordinates":[-84.308424,33.901335]},"properties":{"brand":"Flock Safety"}},{"type":"Feature","geometry":{"type":"Point","coordinates":[-84.133874,33.958293]},"properties":{"brand":"Flock Safety"}},{"type":"Feature","geometry":{"type":"Point","coordinates":[-83.711496,32.923848]},"properties":{"brand":"Flock Safety"}},{"type":"Feature","geometry":{"type":"Point","coordinates":[-84.329678,33.902144]},"properties":{"brand":"Flock Safety"}},{"type":"Feature","geometry":{"type":"Point","coordinates":[-84.234668,33.950851]},"properties":{"brand":"Flock Safety"}},{"type":"Feature","geometry":{"type":"Point","coordinates":[-83.677155,32.890684]},"properties":{"brand":"Flock Safety"}},{"type":"Feature","geometry":{"type":"Point","coordinates":[-84.197687,33.948751]},"properties":{"brand":"Flock Safety"}},{"type":"Feature","geometry":{"type":"Point","coordinates":[-84.247048,33.925818]},"properties":{"brand":"Flock Safety"}},{"type":"Feature","geometry":{"type":"Point","coordinates":[-84.212109,33.958724]},"properties":{"brand":"Flock Safety"}},{"type":"Feature","geometry":{"type":"Point","coordinates":[-84.358508,33.929509]},"properties":{"brand":"Flock Safety"}},{"type":"Feature","geometry":{"type":"Point","coordinates":[-84.200449,33.952551]},"properties":{"brand":"Flock Safety"}},{"type":"Feature","geometry":{"type":"Point","coordinates":[-84.13899,33.441061]},"properties":{"brand":"Flock Safety"}},{"type":"Feature","geometry":{"type":"Point","coordinates":[-84.138439,33.431156]},"properties":{"brand":"Flock Safety"}},{"type":"Feature","geometry":{"type":"Point","coordinates":[-84.23249,33.823818]},"properties":{"brand":"Flock Safety"}},{"type":"Feature","geometry":{"type":"Point","coordinates":[-84.22725,33.818663]},"properties":{"brand":"Flock Safety"}},{"type":"Feature","geometry":{"type":"Point","coordinates":[-84.22725,33.818663]},"properties":{"brand":"Flock Safety"}},{"type":"Feature","geometry":{"type":"Point","coordinates":[-84.295972,33.347812]},"properties":{"brand":"Flock Safety"}},{"type":"Feature","geometry":{"type":"Point","coordinates":[-82.618061,34.541619]},"properties":{"brand":"Flock Safety"}},{"type":"Feature","geometry":{"type":"Point","coordinates":[-80.976218,34.02949]},"properties":{"brand":"Motorola Solutions"}},{"type":"Feature","geometry":{"type":"Point","coordinates":[-80.957346,34.037093]},"properties":{"brand":"Motorola Solutions"}},{"type":"Feature","geometry":{"type":"Point","coordinates":[-80.961258,34.044998]},"properties":{"brand":"Motorola Solutions"}},{"type":"Feature","geometry":{"type":"Point","coordinates":[-80.98541,34.023557]},"properties":{"brand":"Motorola Solutions"}},{"type":"Feature","geometry":{"type":"Point","coordinates":[-84.229194,34.299842]},"properties":{"brand":"Flock Safety"}},{"type":"Feature","geometry":{"type":"Point","coordinates":[-84.228874,34.29993]},"properties":{"brand":"Flock Safety"}},{"type":"Feature","geometry":{"type":"Point","coordinates":[-84.230223,34.300121]},"properties":{"brand":"Flock Safety"}},{"type":"Feature","geometry":{"type":"Point","coordinates":[-81.710626,33.507546]},"properties":{"brand":"Flock Safety"}},{"type":"Feature","geometry":{"type":"Point","coordinates":[-81.711681,33.50896]},"properties":{"brand":"Flock Safety"}},{"type":"Feature","geometry":{"type":"Point","coordinates":[-84.284854,33.792646]},"properties":{"brand":"Flock Safety"}},{"type":"Feature","geometry":{"type":"Point","coordinates":[-82.332102,34.856406]},"properties":{"brand":"Flock Safety"}},{"type":"Feature","geometry":{"type":"Point","coordinates":[-84.177728,33.869189]},"properties":{"brand":"Flock Safety"}},{"type":"Feature","geometry":{"type":"Point","coordinates":[-84.188076,33.867527]},"properties":{"brand":"Flock Safety"}},{"type":"Feature","geometry":{"type":"Point","coordinates":[-83.74576,32.887797]},"properties":{"brand":"Flock Safety"}},{"type":"Feature","geometry":{"type":"Point","coordinates":[-83.761509,32.882084]},"properties":{"brand":"Flock Safety"}},{"type":"Feature","geometry":{"type":"Point","coordinates":[-83.762949,32.880869]},"properties":{"brand":"Flock Safety"}},{"type":"Feature","geometry":{"type":"Point","coordinates":[-84.915815,33.498299]},"properties":{"brand":"Flock Safety"}},{"type":"Feature","geometry":{"type":"Point","coordinates":[-84.328013,33.861228]},"properties":{"brand":"Flock Safety"}},{"type":"Feature","geometry":{"type":"Point","coordinates":[-84.327452,33.861565]},"properties":{"brand":"Flock Safety"}},{"type":"Feature","geometry":{"type":"Point","coordinates":[-84.334735,33.860256]},"properties":{"brand":"Flock Safety"}},{"type":"Feature","geometry":{"type":"Point","coordinates":[-84.337741,33.860499]},"properties":{"brand":"Flock Safety"}},{"type":"Feature","geometry":{"type":"Point","coordinates":[-84.337471,33.864915]},"properties":{"brand":"Flock Safety"}},{"type":"Feature","geometry":{"type":"Point","coordinates":[-84.33716,33.865441]},"properties":{"brand":"Flock Safety"}},{"type":"Feature","geometry":{"type":"Point","coordinates":[-84.334482,33.86915]},"properties":{"brand":"Flock Safety"}},{"type":"Feature","geometry":{"type":"Point","coordinates":[-84.318149,33.883751]},"properties":{"brand":"Flock Safety"}},{"type":"Feature","geometry":{"type":"Point","coordinates":[-84.316394,33.886121]},"properties":{"brand":"Flock Safety"}},{"type":"Feature","geometry":{"type":"Point","coordinates":[-83.745634,32.907884]},"properties":{"brand":"Flock Safety"}},{"type":"Feature","geometry":{"type":"Point","coordinates":[-83.977257,33.958129]},"properties":{"brand":"Flock Safety"}},{"type":"Feature","geometry":{"type":"Point","coordinates":[-83.977127,33.958156]},"properties":{"brand":"Flock Safety"}},{"type":"Feature","geometry":{"type":"Point","coordinates":[-83.977466,33.959742]},"properties":{"brand":"Flock Safety"}},{"type":"Feature","geometry":{"type":"Point","coordinates":[-83.9773,33.959663]},"properties":{"brand":"Flock Safety"}},{"type":"Feature","geometry":{"type":"Point","coordinates":[-81.987794,33.475387]},"properties":{"brand":"Flock Safety"}},{"type":"Feature","geometry":{"type":"Point","coordinates":[-84.703898,33.757975]},"properties":{"brand":"Flock Safety"}},{"type":"Feature","geometry":{"type":"Point","coordinates":[-84.705123,33.77849]},"properties":{"brand":"Flock Safety"}},{"type":"Feature","geometry":{"type":"Point","coordinates":[-80.807699,34.836453]},"properties":{"brand":"Flock Safety"}},{"type":"Feature","geometry":{"type":"Point","coordinates":[-84.29121,33.757446]},"properties":{"brand":"Flock Safety"}},{"type":"Feature","geometry":{"type":"Point","coordinates":[-83.783612,34.214386]},"properties":{"brand":"Flock Safety"}},{"type":"Feature","geometry":{"type":"Point","coordinates":[-84.360889,33.848264]},"properties":{"brand":"Flock Safety"}},{"type":"Feature","geometry":{"type":"Point","coordinates":[-84.233373,33.781345]},"properties":{"brand":"Flock Safety"}},{"type":"Feature","geometry":{"type":"Point","coordinates":[-82.00886,34.935413]},"properties":{"brand":"Flock Safety"}},{"type":"Feature","geometry":{"type":"Point","coordinates":[-82.32838,34.825615]},"properties":{"brand":"Flock Safety"}},{"type":"Feature","geometry":{"type":"Point","coordinates":[-84.724283,34.067271]},"properties":{"brand":"Flock Safety"}},{"type":"Feature","geometry":{"type":"Point","coordinates":[-84.308534,33.813424]},"properties":{"brand":"Flock Safety"}},{"type":"Feature","geometry":{"type":"Point","coordinates":[-82.306943,34.831397]},"properties":{"brand":"Flock Safety"}},{"type":"Feature","geometry":{"type":"Point","coordinates":[-82.307898,34.829715]},"properties":{"brand":"Flock Safety"}},{"type":"Feature","geometry":{"type":"Point","coordinates":[-81.427142,34.596235]},"properties":{"brand":"Flock Safety"}},{"type":"Feature","geometry":{"type":"Point","coordinates":[-80.996683,34.918122]},"properties":{"brand":"Flock Safety"}},{"type":"Feature","geometry":{"type":"Point","coordinates":[-80.997084,34.91813]},"properties":{"brand":"Flock Safety"}},{"type":"Feature","geometry":{"type":"Point","coordinates":[-80.991527,35.048538]},"properties":{"brand":"Flock Safety"}},{"type":"Feature","geometry":{"type":"Point","coordinates":[-83.64642,32.839306]},"properties":{"brand":"Flock Safety"}},{"type":"Feature","geometry":{"type":"Point","coordinates":[-82.235047,33.517529]},"properties":{"brand":"Genetec"}},{"type":"Feature","geometry":{"type":"Point","coordinates":[-80.920704,34.793975]},"properties":{"brand":"Flock Safety"}},{"type":"Feature","geometry":{"type":"Point","coordinates":[-83.624974,32.575131]},"properties":{"brand":"Flock Safety"}},{"type":"Feature","geometry":{"type":"Point","coordinates":[-83.625822,32.57493]},"properties":{"brand":"Flock Safety"}},{"type":"Feature","geometry":{"type":"Point","coordinates":[-82.126965,33.536025]},"properties":{"brand":"Flock Safety"}},{"type":"Feature","geometry":{"type":"Point","coordinates":[-84.156005,33.90621]},"properties":{"brand":"Flock Safety"}},{"type":"Feature","geometry":{"type":"Point","coordinates":[-84.156047,33.906054]},"properties":{"brand":"Flock Safety"}},{"type":"Feature","geometry":{"type":"Point","coordinates":[-84.156116,33.906142]},"properties":{"brand":"Flock Safety"}},{"type":"Feature","geometry":{"type":"Point","coordinates":[-84.247586,34.099964]},"properties":{"brand":"Flock Safety"}},{"type":"Feature","geometry":{"type":"Point","coordinates":[-84.285388,34.05262]},"properties":{"brand":"Flock Safety"}},{"type":"Feature","geometry":{"type":"Point","coordinates":[-84.289881,34.031078]},"properties":{"brand":"Flock Safety"}},{"type":"Feature","geometry":{"type":"Point","coordinates":[-84.289909,34.02667]},"properties":{"brand":"Flock Safety"}},{"type":"Feature","geometry":{"type":"Point","coordinates":[-84.293819,34.044783]},"properties":{"brand":"Flock Safety"}},{"type":"Feature","geometry":{"type":"Point","coordinates":[-84.309427,34.019393]},"properties":{"brand":"Flock Safety"}},{"type":"Feature","geometry":{"type":"Point","coordinates":[-84.310357,34.018857]},"properties":{"brand":"Flock Safety"}},{"type":"Feature","geometry":{"type":"Point","coordinates":[-84.310832,34.018281]},"properties":{"brand":"Flock Safety"}},{"type":"Feature","geometry":{"type":"Point","coordinates":[-84.309461,34.018213]},"properties":{"brand":"Flock Safety"}},{"type":"Feature","geometry":{"type":"Point","coordinates":[-84.228572,34.112529]},"properties":{"brand":"Flock Safety"}},{"type":"Feature","geometry":{"type":"Point","coordinates":[-84.287534,34.055672]},"properties":{"brand":"Flock Safety"}},{"type":"Feature","geometry":{"type":"Point","coordinates":[-84.287316,34.040547]},"properties":{"brand":"Flock Safety"}},{"type":"Feature","geometry":{"type":"Point","coordinates":[-83.181079,34.237755]},"properties":{"brand":"Flock Safety"}},{"type":"Feature","geometry":{"type":"Point","coordinates":[-83.364987,34.176259]},"properties":{"brand":"Flock Safety"}},{"type":"Feature","geometry":{"type":"Point","coordinates":[-83.432065,34.193593]},"properties":{"brand":"Flock Safety"}},{"type":"Feature","geometry":{"type":"Point","coordinates":[-84.353516,33.933125]},"properties":{"brand":"Genetec"}},{"type":"Feature","geometry":{"type":"Point","coordinates":[-83.485878,34.178635]},"properties":{"brand":"Flock Safety"}},{"type":"Feature","geometry":{"type":"Point","coordinates":[-84.35444,33.93322]},"properties":{"brand":"Genetec"}},{"type":"Feature","geometry":{"type":"Point","coordinates":[-84.353411,33.933586]},"properties":{"brand":"Genetec"}},{"type":"Feature","geometry":{"type":"Point","coordinates":[-84.359157,33.933562]},"properties":{"brand":"Genetec"}},{"type":"Feature","geometry":{"type":"Point","coordinates":[-84.364861,33.936258]},"properties":{"brand":"Flock Safety"}},{"type":"Feature","geometry":{"type":"Point","coordinates":[-84.463164,33.984343]},"properties":{"brand":"Flock Safety"}},{"type":"Feature","geometry":{"type":"Point","coordinates":[-84.28215,34.0118]},"properties":{"brand":"Flock Safety"}},{"type":"Feature","geometry":{"type":"Point","coordinates":[-83.951556,33.89821]},"properties":{"brand":"Flock Safety"}},{"type":"Feature","geometry":{"type":"Point","coordinates":[-83.899257,33.857769]},"properties":{"brand":"Flock Safety"}},{"type":"Feature","geometry":{"type":"Point","coordinates":[-84.960988,33.734879]},"properties":{"brand":"Flock Safety"}},{"type":"Feature","geometry":{"type":"Point","coordinates":[-84.263066,33.78804]},"properties":{"brand":"Flock Safety"}},{"type":"Feature","geometry":{"type":"Point","coordinates":[-84.26336,33.787944]},"properties":{"brand":"Flock Safety"}},{"type":"Feature","geometry":{"type":"Point","coordinates":[-84.263667,33.790306]},"properties":{"brand":"Flock Safety"}},{"type":"Feature","geometry":{"type":"Point","coordinates":[-84.263532,33.790218]},"properties":{"brand":"Flock Safety"}},{"type":"Feature","geometry":{"type":"Point","coordinates":[-84.258736,33.798197]},"properties":{"brand":"Flock Safety"}},{"type":"Feature","geometry":{"type":"Point","coordinates":[-84.249262,33.802802]},"properties":{"brand":"Flock Safety"}},{"type":"Feature","geometry":{"type":"Point","coordinates":[-84.247953,33.803239]},"properties":{"brand":"Flock Safety"}},{"type":"Feature","geometry":{"type":"Point","coordinates":[-83.652142,32.57273]},"properties":{"brand":"Flock Safety"}},{"type":"Feature","geometry":{"type":"Point","coordinates":[-84.175044,33.924143]},"properties":{"brand":"Flock Safety"}},{"type":"Feature","geometry":{"type":"Point","coordinates":[-84.210889,33.909498]},"properties":{"brand":"Flock Safety"}},{"type":"Feature","geometry":{"type":"Point","coordinates":[-84.998105,34.789147]},"properties":{"brand":"Flock Safety"}},{"type":"Feature","geometry":{"type":"Point","coordinates":[-84.964785,34.617563]},"properties":{"brand":"Flock Safety"}},{"type":"Feature","geometry":{"type":"Point","coordinates":[-83.652407,32.572377]},"properties":{"brand":"Flock Safety"}},{"type":"Feature","geometry":{"type":"Point","coordinates":[-84.708359,33.992737]},"properties":{"brand":"Flock Safety"}},{"type":"Feature","geometry":{"type":"Point","coordinates":[-84.343541,33.981177]},"properties":{"brand":"Flock Safety"}},{"type":"Feature","geometry":{"type":"Point","coordinates":[-82.416856,34.901734]},"properties":{"brand":"Flock Safety"}},{"type":"Feature","geometry":{"type":"Point","coordinates":[-82.42529,34.912317]},"properties":{"brand":"Flock Safety"}},{"type":"Feature","geometry":{"type":"Point","coordinates":[-82.424503,34.913505]},"properties":{"brand":"Flock Safety"}},{"type":"Feature","geometry":{"type":"Point","coordinates":[-82.424487,34.912266]},"properties":{"brand":"Flock Safety"}},{"type":"Feature","geometry":{"type":"Point","coordinates":[-82.4258,34.913593]},"properties":{"brand":"Flock Safety"}},{"type":"Feature","geometry":{"type":"Point","coordinates":[-82.426701,34.914168]},"properties":{"brand":"Flock Safety"}},{"type":"Feature","geometry":{"type":"Point","coordinates":[-84.378243,33.917884]},"properties":{"brand":"Flock Safety"}},{"type":"Feature","geometry":{"type":"Point","coordinates":[-84.010041,33.886643]},"properties":{"brand":"Flock Safety"}},{"type":"Feature","geometry":{"type":"Point","coordinates":[-84.379365,33.913832]},"properties":{"brand":"Flock Safety"}},{"type":"Feature","geometry":{"type":"Point","coordinates":[-84.009696,33.886317]},"properties":{"brand":"Flock Safety"}},{"type":"Feature","geometry":{"type":"Point","coordinates":[-84.009712,33.881931]},"properties":{"brand":"Flock Safety"}},{"type":"Feature","geometry":{"type":"Point","coordinates":[-84.009889,33.881338]},"properties":{"brand":"Flock Safety"}},{"type":"Feature","geometry":{"type":"Point","coordinates":[-84.009793,33.881578]},"properties":{"brand":"Flock Safety"}},{"type":"Feature","geometry":{"type":"Point","coordinates":[-80.914554,35.008475]},"properties":{"brand":"Flock Safety"}},{"type":"Feature","geometry":{"type":"Point","coordinates":[-80.914554,35.008475]},"properties":{"brand":"Flock Safety"}},{"type":"Feature","geometry":{"type":"Point","coordinates":[-83.401161,33.962932]},"properties":{"brand":"Flock Safety"}},{"type":"Feature","geometry":{"type":"Point","coordinates":[-83.400875,33.962812]},"properties":{"brand":"Flock Safety"}},{"type":"Feature","geometry":{"type":"Point","coordinates":[-83.401501,33.962552]},"properties":{"brand":"Flock Safety"}},{"type":"Feature","geometry":{"type":"Point","coordinates":[-83.401556,33.962785]},"properties":{"brand":"Flock Safety"}},{"type":"Feature","geometry":{"type":"Point","coordinates":[-84.33515,33.947271]},"properties":{"brand":"Flock Safety"}},{"type":"Feature","geometry":{"type":"Point","coordinates":[-84.383482,33.843105]},"properties":{"brand":"Flock Safety"}},{"type":"Feature","geometry":{"type":"Point","coordinates":[-84.479746,33.953957]},"properties":{"brand":"Flock Safety"}},{"type":"Feature","geometry":{"type":"Point","coordinates":[-84.826289,34.150788]},"properties":{"brand":"Flock Safety"}},{"type":"Feature","geometry":{"type":"Point","coordinates":[-84.26293,33.553554]},"properties":{"brand":"Flock Safety"}},{"type":"Feature","geometry":{"type":"Point","coordinates":[-84.262358,33.553468]},"properties":{"brand":"Flock Safety"}},{"type":"Feature","geometry":{"type":"Point","coordinates":[-84.293855,33.591503]},"properties":{"brand":"Flock Safety"}},{"type":"Feature","geometry":{"type":"Point","coordinates":[-84.29178,33.581418]},"properties":{"brand":"Flock Safety"}},{"type":"Feature","geometry":{"type":"Point","coordinates":[-83.679305,32.814758]},"properties":{"brand":"Flock Safety"}},{"type":"Feature","geometry":{"type":"Point","coordinates":[-83.611012,32.848307]},"properties":{"brand":"Flock Safety"}},{"type":"Feature","geometry":{"type":"Point","coordinates":[-83.531535,32.849047]},"properties":{"brand":"Flock Safety"}},{"type":"Feature","geometry":{"type":"Point","coordinates":[-82.190454,34.5203]},"properties":{"brand":"Flock Safety"}},{"type":"Feature","geometry":{"type":"Point","coordinates":[-83.984513,33.989161]},"properties":{"brand":"Flock Safety"}},{"type":"Feature","geometry":{"type":"Point","coordinates":[-84.253022,34.023066]},"properties":{"brand":"Flock Safety"}},{"type":"Feature","geometry":{"type":"Point","coordinates":[-81.974371,33.480845]},"properties":{"brand":"Flock Safety"}},{"type":"Feature","geometry":{"type":"Point","coordinates":[-82.024151,33.447794]},"properties":{"brand":"Flock Safety"}},{"type":"Feature","geometry":{"type":"Point","coordinates":[-84.241297,33.882989]},"properties":{"brand":"Flock Safety"}},{"type":"Feature","geometry":{"type":"Point","coordinates":[-84.241354,33.883748]},"properties":{"brand":"Flock Safety"}},{"type":"Feature","geometry":{"type":"Point","coordinates":[-84.405639,33.820482]},"properties":{"brand":"Flock Safety"}},{"type":"Feature","geometry":{"type":"Point","coordinates":[-84.292304,34.044736]},"properties":{"brand":"Flock Safety"}},{"type":"Feature","geometry":{"type":"Point","coordinates":[-84.292592,34.045543]},"properties":{"brand":"Flock Safety"}},{"type":"Feature","geometry":{"type":"Point","coordinates":[-84.288895,34.047967]},"properties":{"brand":"Flock Safety"}},{"type":"Feature","geometry":{"type":"Point","coordinates":[-81.968844,35.033911]},"properties":{"brand":"Flock Safety"}},{"type":"Feature","geometry":{"type":"Point","coordinates":[-81.97043,35.034482]},"properties":{"brand":"Flock Safety"}},{"type":"Feature","geometry":{"type":"Point","coordinates":[-81.970542,35.034244]},"properties":{"brand":"Flock Safety"}},{"type":"Feature","geometry":{"type":"Point","coordinates":[-84.12159,33.879491]},"properties":{"brand":"Flock Safety"}},{"type":"Feature","geometry":{"type":"Point","coordinates":[-84.2809,33.791719]},"properties":{"brand":"Flock Safety"}},{"type":"Feature","geometry":{"type":"Point","coordinates":[-84.280845,33.791627]},"properties":{"brand":"Flock Safety"}},{"type":"Feature","geometry":{"type":"Point","coordinates":[-85.074065,33.546124]},"properties":{"brand":"Flock Safety"}},{"type":"Feature","geometry":{"type":"Point","coordinates":[-82.032329,33.420258]},"properties":{"brand":"Flock Safety"}},{"type":"Feature","geometry":{"type":"Point","coordinates":[-85.076557,35.049133]},"properties":{"brand":"Flock Safety"}},{"type":"Feature","geometry":{"type":"Point","coordinates":[-84.189883,33.86755]},"properties":{"brand":"Flock Safety"}},{"type":"Feature","geometry":{"type":"Point","coordinates":[-83.401286,33.961529]},"properties":{"brand":"Flock Safety"}},{"type":"Feature","geometry":{"type":"Point","coordinates":[-83.398446,33.962304]},"properties":{"brand":"Flock Safety"}},{"type":"Feature","geometry":{"type":"Point","coordinates":[-84.07495,34.162019]},"properties":{"brand":"Flock Safety"}},{"type":"Feature","geometry":{"type":"Point","coordinates":[-83.398497,33.96242]},"properties":{"brand":"Flock Safety"}},{"type":"Feature","geometry":{"type":"Point","coordinates":[-82.086174,34.895092]},"properties":{"brand":"Flock Safety"}},{"type":"Feature","geometry":{"type":"Point","coordinates":[-82.403352,34.896836]},"properties":{"brand":"Flock Safety"}},{"type":"Feature","geometry":{"type":"Point","coordinates":[-84.953205,32.544272]},"properties":{"brand":"Flock Safety"}},{"type":"Feature","geometry":{"type":"Point","coordinates":[-84.38411,33.781833]},"properties":{"brand":"Flock Safety"}},{"type":"Feature","geometry":{"type":"Point","coordinates":[-84.618777,33.859495]},"properties":{"brand":"Flock Safety"}},{"type":"Feature","geometry":{"type":"Point","coordinates":[-84.613894,33.855084]},"properties":{"brand":"Flock Safety"}},{"type":"Feature","geometry":{"type":"Point","coordinates":[-84.613695,33.855084]},"properties":{"brand":"Flock Safety"}},{"type":"Feature","geometry":{"type":"Point","coordinates":[-84.553854,33.296911]},"properties":{"brand":"Flock Safety"}},{"type":"Feature","geometry":{"type":"Point","coordinates":[-84.999056,33.613681]},"properties":{"brand":"Flock Safety"}},{"type":"Feature","geometry":{"type":"Point","coordinates":[-84.998653,33.614927]},"properties":{"brand":"Flock Safety"}},{"type":"Feature","geometry":{"type":"Point","coordinates":[-83.766014,33.948176]},"properties":{"brand":"Flock Safety"}},{"type":"Feature","geometry":{"type":"Point","coordinates":[-80.801023,34.121534]},"properties":{"brand":"Flock Safety"}},{"type":"Feature","geometry":{"type":"Point","coordinates":[-84.248937,33.803467]},"properties":{"brand":"Flock Safety"}},{"type":"Feature","geometry":{"type":"Point","coordinates":[-84.029608,34.035456]},"properties":{"brand":"Flock Safety"}},{"type":"Feature","geometry":{"type":"Point","coordinates":[-83.690654,32.847014]},"properties":{"brand":"Flock Safety"}},{"type":"Feature","geometry":{"type":"Point","coordinates":[-83.689474,32.847145]},"properties":{"brand":"Flock Safety"}},{"type":"Feature","geometry":{"type":"Point","coordinates":[-84.303477,33.754908]},"properties":{"brand":"Flock Safety"}},{"type":"Feature","geometry":{"type":"Point","coordinates":[-84.26697,33.77766]},"properties":{"brand":"Flock Safety"}},{"type":"Feature","geometry":{"type":"Point","coordinates":[-85.057982,33.58682]},"properties":{"brand":"Flock Safety"}},{"type":"Feature","geometry":{"type":"Point","coordinates":[-85.067203,33.591296]},"properties":{"brand":"Flock Safety"}},{"type":"Feature","geometry":{"type":"Point","coordinates":[-85.076477,33.542009]},"properties":{"brand":"Flock Safety"}},{"type":"Feature","geometry":{"type":"Point","coordinates":[-85.073045,33.555031]},"properties":{"brand":"Flock Safety"}},{"type":"Feature","geometry":{"type":"Point","coordinates":[-82.986791,34.688997]},"properties":{"brand":"Flock Safety"}},{"type":"Feature","geometry":{"type":"Point","coordinates":[-84.378025,33.919039]},"properties":{"brand":"Flock Safety"}},{"type":"Feature","geometry":{"type":"Point","coordinates":[-84.151151,34.03803]},"properties":{"brand":"Flock Safety"}},{"type":"Feature","geometry":{"type":"Point","coordinates":[-83.715115,33.975683]},"properties":{"brand":"Flock Safety"}},{"type":"Feature","geometry":{"type":"Point","coordinates":[-83.715939,33.976727]},"properties":{"brand":"Flock Safety"}},{"type":"Feature","geometry":{"type":"Point","coordinates":[-83.540639,32.812075]},"properties":{"brand":"Flock Safety"}},{"type":"Feature","geometry":{"type":"Point","coordinates":[-83.712941,32.821944]},"properties":{"brand":"Genetec"}},{"type":"Feature","geometry":{"type":"Point","coordinates":[-82.413284,34.786146]},"properties":{"brand":"Flock Safety"}},{"type":"Feature","geometry":{"type":"Point","coordinates":[-85.066388,33.580152]},"properties":{"brand":"Flock Safety"}},{"type":"Feature","geometry":{"type":"Point","coordinates":[-83.557414,32.841671]},"properties":{"brand":"Flock Safety"}},{"type":"Feature","geometry":{"type":"Point","coordinates":[-85.090209,35.014107]},"properties":{"brand":"Motorola Solutions"}},{"type":"Feature","geometry":{"type":"Point","coordinates":[-82.403459,34.891165]},"properties":{"brand":"Flock Safety"}},{"type":"Feature","geometry":{"type":"Point","coordinates":[-83.939035,33.881843]},"properties":{"brand":"Flock Safety"}},{"type":"Feature","geometry":{"type":"Point","coordinates":[-84.502445,33.58052]},"properties":{"brand":"Flock Safety"}},{"type":"Feature","geometry":{"type":"Point","coordinates":[-84.498457,33.578695]},"properties":{"brand":"Flock Safety"}},{"type":"Feature","geometry":{"type":"Point","coordinates":[-84.412119,33.601265]},"properties":{"brand":"Flock Safety"}},{"type":"Feature","geometry":{"type":"Point","coordinates":[-83.963115,33.902215]},"properties":{"brand":"Flock Safety"}},{"type":"Feature","geometry":{"type":"Point","coordinates":[-84.620076,33.614719]},"properties":{"brand":"Flock Safety"}},{"type":"Feature","geometry":{"type":"Point","coordinates":[-85.497444,34.021645]},"properties":{"brand":"Flock Safety"}},{"type":"Feature","geometry":{"type":"Point","coordinates":[-85.421755,34.083701]},"properties":{"brand":"Flock Safety"}},{"type":"Feature","geometry":{"type":"Point","coordinates":[-85.35575,34.252403]},"properties":{"brand":"Flock Safety"}},{"type":"Feature","geometry":{"type":"Point","coordinates":[-83.558039,33.94118]},"properties":{"brand":"Flock Safety"}},{"type":"Feature","geometry":{"type":"Point","coordinates":[-80.996693,34.918135]},"properties":{"brand":"Flock Safety"}},{"type":"Feature","geometry":{"type":"Point","coordinates":[-84.294042,33.751588]},"properties":{"brand":"Flock Safety"}},{"type":"Feature","geometry":{"type":"Point","coordinates":[-85.350501,34.116503]},"properties":{"brand":"Flock Safety"}},{"type":"Feature","geometry":{"type":"Point","coordinates":[-85.343743,34.26154]},"properties":{"brand":"Flock Safety"}},{"type":"Feature","geometry":{"type":"Point","coordinates":[-84.681968,33.402769]},"properties":{"brand":"Flock Safety"}},{"type":"Feature","geometry":{"type":"Point","coordinates":[-84.367501,33.844487]},"properties":{"brand":"Flock Safety"}},{"type":"Feature","geometry":{"type":"Point","coordinates":[-84.34163,33.784514]},"properties":{"brand":"Flock Safety"}},{"type":"Feature","geometry":{"type":"Point","coordinates":[-84.683503,33.408477]},"properties":{"brand":"Flock Safety"}},{"type":"Feature","geometry":{"type":"Point","coordinates":[-83.758749,33.992245]},"properties":{"brand":"Flock Safety"}},{"type":"Feature","geometry":{"type":"Point","coordinates":[-85.077942,33.594008]},"properties":{"brand":"Flock Safety"}},{"type":"Feature","geometry":{"type":"Point","coordinates":[-83.727973,34.006057]},"properties":{"brand":"Flock Safety"}},{"type":"Feature","geometry":{"type":"Point","coordinates":[-84.392022,33.771325]},"properties":{"brand":"Flock Safety"}},{"type":"Feature","geometry":{"type":"Point","coordinates":[-82.835353,34.670267]},"properties":{"brand":"Flock Safety"}},{"type":"Feature","geometry":{"type":"Point","coordinates":[-84.428431,33.664762]},"properties":{"brand":"Flock Safety"}},{"type":"Feature","geometry":{"type":"Point","coordinates":[-84.428669,33.665666]},"properties":{"brand":"Flock Safety"}},{"type":"Feature","geometry":{"type":"Point","coordinates":[-84.428343,33.664138]},"properties":{"brand":"Flock Safety"}},{"type":"Feature","geometry":{"type":"Point","coordinates":[-84.440906,33.669345]},"properties":{"brand":"Flock Safety"}},{"type":"Feature","geometry":{"type":"Point","coordinates":[-84.489188,34.440545]},"properties":{"brand":"Motorola Solutions"}},{"type":"Feature","geometry":{"type":"Point","coordinates":[-82.825569,34.673516]},"properties":{"brand":"Flock Safety"}},{"type":"Feature","geometry":{"type":"Point","coordinates":[-84.446466,33.608409]},"properties":{"brand":"Flock Safety"}},{"type":"Feature","geometry":{"type":"Point","coordinates":[-84.434259,33.604397]},"properties":{"brand":"Flock Safety"}},{"type":"Feature","geometry":{"type":"Point","coordinates":[-84.44667,33.608641]},"properties":{"brand":"Flock Safety"}},{"type":"Feature","geometry":{"type":"Point","coordinates":[-83.085952,32.526101]},"properties":{"brand":"Flock Safety"}},{"type":"Feature","geometry":{"type":"Point","coordinates":[-83.042736,32.560103]},"properties":{"brand":"Flock Safety"}},{"type":"Feature","geometry":{"type":"Point","coordinates":[-83.215317,32.998002]},"properties":{"brand":"Flock Safety"}},{"type":"Feature","geometry":{"type":"Point","coordinates":[-83.234007,33.022977]},"properties":{"brand":"Flock Safety"}},{"type":"Feature","geometry":{"type":"Point","coordinates":[-85.075264,33.590571]},"properties":{"brand":"Flock Safety"}},{"type":"Feature","geometry":{"type":"Point","coordinates":[-83.260601,33.084216]},"properties":{"brand":"Flock Safety"}},{"type":"Feature","geometry":{"type":"Point","coordinates":[-82.714375,33.727607]},"properties":{"brand":"Flock Safety"}},{"type":"Feature","geometry":{"type":"Point","coordinates":[-82.720577,33.725544]},"properties":{"brand":"Flock Safety"}},{"type":"Feature","geometry":{"type":"Point","coordinates":[-82.720607,33.724261]},"properties":{"brand":"Flock Safety"}},{"type":"Feature","geometry":{"type":"Point","coordinates":[-82.760531,33.723296]},"properties":{"brand":"Flock Safety"}},{"type":"Feature","geometry":{"type":"Point","coordinates":[-82.75205,33.73312]},"properties":{"brand":"Flock Safety"}},{"type":"Feature","geometry":{"type":"Point","coordinates":[-82.746621,33.737314]},"properties":{"brand":"Flock Safety"}},{"type":"Feature","geometry":{"type":"Point","coordinates":[-82.746752,33.745559]},"properties":{"brand":"Flock Safety"}},{"type":"Feature","geometry":{"type":"Point","coordinates":[-82.759633,33.744615]},"properties":{"brand":"Flock Safety"}},{"type":"Feature","geometry":{"type":"Point","coordinates":[-82.717203,33.727738]},"properties":{"brand":"Flock Safety"}},{"type":"Feature","geometry":{"type":"Point","coordinates":[-82.496534,33.506967]},"properties":{"brand":"Flock Safety"}},{"type":"Feature","geometry":{"type":"Point","coordinates":[-82.47264,33.475897]},"properties":{"brand":"Flock Safety"}},{"type":"Feature","geometry":{"type":"Point","coordinates":[-82.478541,33.458397]},"properties":{"brand":"Flock Safety"}},{"type":"Feature","geometry":{"type":"Point","coordinates":[-82.502072,33.513031]},"properties":{"brand":"Flock Safety"}},{"type":"Feature","geometry":{"type":"Point","coordinates":[-84.22037,34.065582]},"properties":{"brand":"Flock Safety"}},{"type":"Feature","geometry":{"type":"Point","coordinates":[-84.001233,33.927032]},"properties":{"brand":"Flock Safety"}},{"type":"Feature","geometry":{"type":"Point","coordinates":[-83.999549,33.927459]},"properties":{"brand":"Flock Safety"}},{"type":"Feature","geometry":{"type":"Point","coordinates":[-84.001878,33.925798]},"properties":{"brand":"Flock Safety"}},{"type":"Feature","geometry":{"type":"Point","coordinates":[-84.317939,33.793841]},"properties":{"brand":"Flock Safety"}},{"type":"Feature","geometry":{"type":"Point","coordinates":[-85.074071,33.543919]},"properties":{"brand":"Flock Safety"}},{"type":"Feature","geometry":{"type":"Point","coordinates":[-84.343493,33.982246]},"properties":{"brand":"Genetec"}},{"type":"Feature","geometry":{"type":"Point","coordinates":[-83.761787,34.104663]},"properties":{"brand":"Flock Safety"}},{"type":"Feature","geometry":{"type":"Point","coordinates":[-83.76194,34.10465]},"properties":{"brand":"Flock Safety"}},{"type":"Feature","geometry":{"type":"Point","coordinates":[-84.574445,33.959794]},"properties":{"brand":"Flock Safety"}},{"type":"Feature","geometry":{"type":"Point","coordinates":[-84.574468,33.959555]},"properties":{"brand":"Flock Safety"}},{"type":"Feature","geometry":{"type":"Point","coordinates":[-85.117589,33.561166]},"properties":{"brand":"Flock Safety"}},{"type":"Feature","geometry":{"type":"Point","coordinates":[-84.575184,33.959642]},"properties":{"brand":"Flock Safety"}},{"type":"Feature","geometry":{"type":"Point","coordinates":[-83.40076,33.958741]},"properties":{"brand":"Flock Safety"}},{"type":"Feature","geometry":{"type":"Point","coordinates":[-83.400728,33.95881]},"properties":{"brand":"Flock Safety"}},{"type":"Feature","geometry":{"type":"Point","coordinates":[-84.57278,34.002594]},"properties":{"brand":"Flock Safety"}},{"type":"Feature","geometry":{"type":"Point","coordinates":[-84.580847,33.995079]},"properties":{"brand":"Flock Safety"}},{"type":"Feature","geometry":{"type":"Point","coordinates":[-83.603348,32.591331]},"properties":{"brand":"Flock Safety"}},{"type":"Feature","geometry":{"type":"Point","coordinates":[-84.52918,33.619051]},"properties":{"brand":"Flock Safety"}},{"type":"Feature","geometry":{"type":"Point","coordinates":[-84.410602,33.780558]},"properties":{"brand":"Flock Safety"}},{"type":"Feature","geometry":{"type":"Point","coordinates":[-84.439126,33.614676]},"properties":{"brand":"Flock Safety"}},{"type":"Feature","geometry":{"type":"Point","coordinates":[-84.437746,33.61456]},"properties":{"brand":"Flock Safety"}},{"type":"Feature","geometry":{"type":"Point","coordinates":[-84.437394,33.615046]},"properties":{"brand":"Flock Safety"}},{"type":"Feature","geometry":{"type":"Point","coordinates":[-84.472861,33.619361]},"properties":{"brand":"Flock Safety"}},{"type":"Feature","geometry":{"type":"Point","coordinates":[-84.472778,33.619066]},"properties":{"brand":"Flock Safety"}},{"type":"Feature","geometry":{"type":"Point","coordinates":[-84.457412,33.616237]},"properties":{"brand":"Flock Safety"}},{"type":"Feature","geometry":{"type":"Point","coordinates":[-84.457428,33.615986]},"properties":{"brand":"Flock Safety"}},{"type":"Feature","geometry":{"type":"Point","coordinates":[-84.45457,33.64478]},"properties":{"brand":"Flock Safety"}},{"type":"Feature","geometry":{"type":"Point","coordinates":[-84.456721,33.643602]},"properties":{"brand":"Flock Safety"}},{"type":"Feature","geometry":{"type":"Point","coordinates":[-84.455045,33.643656]},"properties":{"brand":"Flock Safety"}},{"type":"Feature","geometry":{"type":"Point","coordinates":[-84.455029,33.643642]},"properties":{"brand":"Flock Safety"}},{"type":"Feature","geometry":{"type":"Point","coordinates":[-84.456453,33.643936]},"properties":{"brand":"Flock Safety"}},{"type":"Feature","geometry":{"type":"Point","coordinates":[-84.456812,33.641893]},"properties":{"brand":"Flock Safety"}},{"type":"Feature","geometry":{"type":"Point","coordinates":[-84.46238,33.649025]},"properties":{"brand":"Flock Safety"}},{"type":"Feature","geometry":{"type":"Point","coordinates":[-84.450405,33.645648]},"properties":{"brand":"Flock Safety"}},{"type":"Feature","geometry":{"type":"Point","coordinates":[-84.48858,33.652538]},"properties":{"brand":"Flock Safety"}},{"type":"Feature","geometry":{"type":"Point","coordinates":[-84.493238,33.654084]},"properties":{"brand":"Flock Safety"}},{"type":"Feature","geometry":{"type":"Point","coordinates":[-84.494279,33.655988]},"properties":{"brand":"Flock Safety"}},{"type":"Feature","geometry":{"type":"Point","coordinates":[-84.489444,33.650453]},"properties":{"brand":"Flock Safety"}},{"type":"Feature","geometry":{"type":"Point","coordinates":[-84.438756,33.618794]},"properties":{"brand":"Flock Safety"}},{"type":"Feature","geometry":{"type":"Point","coordinates":[-84.500507,33.613055]},"properties":{"brand":"Flock Safety"}},{"type":"Feature","geometry":{"type":"Point","coordinates":[-84.500187,33.613133]},"properties":{"brand":"Flock Safety"}},{"type":"Feature","geometry":{"type":"Point","coordinates":[-84.497038,33.593557]},"properties":{"brand":"Flock Safety"}},{"type":"Feature","geometry":{"type":"Point","coordinates":[-84.484001,33.606036]},"properties":{"brand":"Flock Safety"}},{"type":"Feature","geometry":{"type":"Point","coordinates":[-84.471428,33.606101]},"properties":{"brand":"Flock Safety"}},{"type":"Feature","geometry":{"type":"Point","coordinates":[-84.474263,33.614277]},"properties":{"brand":"Flock Safety"}},{"type":"Feature","geometry":{"type":"Point","coordinates":[-84.495973,33.593399]},"properties":{"brand":"Flock Safety"}},{"type":"Feature","geometry":{"type":"Point","coordinates":[-84.354516,33.576935]},"properties":{"brand":"Flock Safety"}},{"type":"Feature","geometry":{"type":"Point","coordinates":[-84.3537,33.577971]},"properties":{"brand":"Flock Safety"}},{"type":"Feature","geometry":{"type":"Point","coordinates":[-84.293459,34.003047]},"properties":{"brand":"Flock Safety"}},{"type":"Feature","geometry":{"type":"Point","coordinates":[-83.988178,34.529223]},"properties":{"brand":"Flock Safety"}},{"type":"Feature","geometry":{"type":"Point","coordinates":[-83.998678,33.927652]},"properties":{"brand":"Flock Safety"}},{"type":"Feature","geometry":{"type":"Point","coordinates":[-84.939863,34.126791]},"properties":{"brand":"Flock Safety"}},{"type":"Feature","geometry":{"type":"Point","coordinates":[-84.765567,34.118887]},"properties":{"brand":"Flock Safety"}},{"type":"Feature","geometry":{"type":"Point","coordinates":[-84.403127,33.768575]},"properties":{"brand":"Flock Safety"}},{"type":"Feature","geometry":{"type":"Point","coordinates":[-84.403315,33.769723]},"properties":{"brand":"Flock Safety"}},{"type":"Feature","geometry":{"type":"Point","coordinates":[-84.401542,33.768845]},"properties":{"brand":"Flock Safety"}},{"type":"Feature","geometry":{"type":"Point","coordinates":[-80.833934,34.930498]},"properties":{"brand":"Flock Safety"}},{"type":"Feature","geometry":{"type":"Point","coordinates":[-84.270211,33.738433]},"properties":{"brand":"Flock Safety"}},{"type":"Feature","geometry":{"type":"Point","coordinates":[-84.851014,33.711328]},"properties":{"brand":"Flock Safety"}},{"type":"Feature","geometry":{"type":"Point","coordinates":[-84.902478,33.641964]},"properties":{"brand":"Flock Safety"}},{"type":"Feature","geometry":{"type":"Point","coordinates":[-83.691684,32.530538]},"properties":{"brand":"Flock Safety"}},{"type":"Feature","geometry":{"type":"Point","coordinates":[-84.945738,33.639718]},"properties":{"brand":"Flock Safety"}},{"type":"Feature","geometry":{"type":"Point","coordinates":[-84.311167,33.642316]},"properties":{"brand":"Flock Safety"}},{"type":"Feature","geometry":{"type":"Point","coordinates":[-83.180892,34.481528]},"properties":{"brand":"Flock Safety"}},{"type":"Feature","geometry":{"type":"Point","coordinates":[-82.329737,34.850045]},"properties":{"brand":"Flock Safety"}},{"type":"Feature","geometry":{"type":"Point","coordinates":[-84.509077,33.950821]},"properties":{"brand":"Flock Safety"}},{"type":"Feature","geometry":{"type":"Point","coordinates":[-84.507769,33.951307]},"properties":{"brand":"Flock Safety"}},{"type":"Feature","geometry":{"type":"Point","coordinates":[-85.066974,33.59167]},"properties":{"brand":"Flock Safety"}},{"type":"Feature","geometry":{"type":"Point","coordinates":[-85.072472,33.568932]},"properties":{"brand":"Flock Safety"}},{"type":"Feature","geometry":{"type":"Point","coordinates":[-84.817133,33.444074]},"properties":{"brand":"Flock Safety"}},{"type":"Feature","geometry":{"type":"Point","coordinates":[-83.112773,34.442224]},"properties":{"brand":"Flock Safety"}},{"type":"Feature","geometry":{"type":"Point","coordinates":[-83.112364,34.44235]},"properties":{"brand":"Flock Safety"}},{"type":"Feature","geometry":{"type":"Point","coordinates":[-83.67739,32.554354]},"properties":{"brand":"Flock Safety"}},{"type":"Feature","geometry":{"type":"Point","coordinates":[-83.661889,32.56851]},"properties":{"brand":"Flock Safety"}},{"type":"Feature","geometry":{"type":"Point","coordinates":[-85.319249,34.260376]},"properties":{"brand":"Flock Safety"}},{"type":"Feature","geometry":{"type":"Point","coordinates":[-81.230161,33.907314]},"properties":{"brand":"Flock Safety"}},{"type":"Feature","geometry":{"type":"Point","coordinates":[-81.278101,33.900463]},"properties":{"brand":"Flock Safety"}},{"type":"Feature","geometry":{"type":"Point","coordinates":[-83.988349,34.063512]},"properties":{"brand":"Flock Safety"}},{"type":"Feature","geometry":{"type":"Point","coordinates":[-83.988349,34.064912]},"properties":{"brand":"Flock Safety"}},{"type":"Feature","geometry":{"type":"Point","coordinates":[-84.117076,34.11788]},"properties":{"brand":"Flock Safety"}},{"type":"Feature","geometry":{"type":"Point","coordinates":[-84.017188,34.099157]},"properties":{"brand":"Flock Safety"}},{"type":"Feature","geometry":{"type":"Point","coordinates":[-82.977638,34.69333]},"properties":{"brand":"Flock Safety"}},{"type":"Feature","geometry":{"type":"Point","coordinates":[-84.04916,34.026963]},"properties":{"brand":"Flock Safety"}},{"type":"Feature","geometry":{"type":"Point","coordinates":[-84.048242,34.027525]},"properties":{"brand":"Flock Safety"}},{"type":"Feature","geometry":{"type":"Point","coordinates":[-84.05232,34.024712]},"properties":{"brand":"Flock Safety"}},{"type":"Feature","geometry":{"type":"Point","coordinates":[-84.049354,34.026829]},"properties":{"brand":"Flock Safety"}},{"type":"Feature","geometry":{"type":"Point","coordinates":[-84.118851,34.421263]},"properties":{"brand":"Flock Safety"}},{"type":"Feature","geometry":{"type":"Point","coordinates":[-84.112608,34.417222]},"properties":{"brand":"Flock Safety"}},{"type":"Feature","geometry":{"type":"Point","coordinates":[-83.995922,33.945286]},"properties":{"brand":"Flock Safety"}},{"type":"Feature","geometry":{"type":"Point","coordinates":[-83.998379,33.948294]},"properties":{"brand":"Flock Safety"}},{"type":"Feature","geometry":{"type":"Point","coordinates":[-83.998116,33.948153]},"properties":{"brand":"Flock Safety"}},{"type":"Feature","geometry":{"type":"Point","coordinates":[-83.999263,33.950925]},"properties":{"brand":"Flock Safety"}},{"type":"Feature","geometry":{"type":"Point","coordinates":[-84.000828,33.949656]},"properties":{"brand":"Flock Safety"}},{"type":"Feature","geometry":{"type":"Point","coordinates":[-83.376472,33.956656]},"properties":{"brand":"Flock Safety"}},{"type":"Feature","geometry":{"type":"Point","coordinates":[-83.776556,33.919702]},"properties":{"brand":"Flock Safety"}},{"type":"Feature","geometry":{"type":"Point","coordinates":[-84.235137,33.864798]},"properties":{"brand":"Flock Safety"}},{"type":"Feature","geometry":{"type":"Point","coordinates":[-83.761621,33.940194]},"properties":{"brand":"Flock Safety"}},{"type":"Feature","geometry":{"type":"Point","coordinates":[-83.856407,33.885383]},"properties":{"brand":"Flock Safety"}},{"type":"Feature","geometry":{"type":"Point","coordinates":[-83.924301,33.888323]},"properties":{"brand":"Flock Safety"}},{"type":"Feature","geometry":{"type":"Point","coordinates":[-84.468754,33.895268]},"properties":{"brand":"Flock Safety"}},{"type":"Feature","geometry":{"type":"Point","coordinates":[-84.459955,33.911117]},"properties":{"brand":"Flock Safety"}},{"type":"Feature","geometry":{"type":"Point","coordinates":[-84.424123,34.025981]},"properties":{"brand":"Flock Safety"}},{"type":"Feature","geometry":{"type":"Point","coordinates":[-85.075803,33.569153]},"properties":{"brand":"Flock Safety"}},{"type":"Feature","geometry":{"type":"Point","coordinates":[-85.07696,33.568938]},"properties":{"brand":"Flock Safety"}},{"type":"Feature","geometry":{"type":"Point","coordinates":[-83.497507,33.563176]},"properties":{"brand":"Flock Safety"}},{"type":"Feature","geometry":{"type":"Point","coordinates":[-84.200974,33.848775]},"properties":{"brand":"Flock Safety"}},{"type":"Feature","geometry":{"type":"Point","coordinates":[-84.290925,33.717282]},"properties":{"brand":"Flock Safety"}},{"type":"Feature","geometry":{"type":"Point","coordinates":[-84.1862,34.013814]},"properties":{"brand":"Flock Safety"}},{"type":"Feature","geometry":{"type":"Point","coordinates":[-82.056678,34.939341]},"properties":{"brand":"Flock Safety"}},{"type":"Feature","geometry":{"type":"Point","coordinates":[-84.202133,33.724567]},"properties":{"brand":"Flock Safety"}},{"type":"Feature","geometry":{"type":"Point","coordinates":[-84.21547,33.718396]},"properties":{"brand":"Flock Safety"}},{"type":"Feature","geometry":{"type":"Point","coordinates":[-85.050952,33.732461]},"properties":{"brand":"Flock Safety"}},{"type":"Feature","geometry":{"type":"Point","coordinates":[-85.051534,33.732342]},"properties":{"brand":"Flock Safety"}},{"type":"Feature","geometry":{"type":"Point","coordinates":[-84.998989,33.737157]},"properties":{"brand":"Flock Safety"}},{"type":"Feature","geometry":{"type":"Point","coordinates":[-82.026856,33.521419]},"properties":{"brand":"Flock Safety"}},{"type":"Feature","geometry":{"type":"Point","coordinates":[-82.555019,34.938678]},"properties":{"brand":"Flock Safety"}},{"type":"Feature","geometry":{"type":"Point","coordinates":[-84.089549,34.031686]},"properties":{"brand":"Flock Safety"}},{"type":"Feature","geometry":{"type":"Point","coordinates":[-80.896181,34.179541]},"properties":{"brand":"Flock Safety"}},{"type":"Feature","geometry":{"type":"Point","coordinates":[-80.900333,34.1774]},"properties":{"brand":"Flock Safety"}},{"type":"Feature","geometry":{"type":"Point","coordinates":[-84.547453,33.299969]},"properties":{"brand":"Flock Safety"}},{"type":"Feature","geometry":{"type":"Point","coordinates":[-84.554283,33.301044]},"properties":{"brand":"Flock Safety"}},{"type":"Feature","geometry":{"type":"Point","coordinates":[-84.55396,33.30144]},"properties":{"brand":"Flock Safety"}},{"type":"Feature","geometry":{"type":"Point","coordinates":[-84.253524,34.02039]},"properties":{"brand":"Flock Safety"}},{"type":"Feature","geometry":{"type":"Point","coordinates":[-83.691288,32.551711]},"properties":{"brand":"Flock Safety"}},{"type":"Feature","geometry":{"type":"Point","coordinates":[-84.291966,33.549808]},"properties":{"brand":"Flock Safety"}},{"type":"Feature","geometry":{"type":"Point","coordinates":[-84.266378,33.527211]},"properties":{"brand":"Flock Safety"}},{"type":"Feature","geometry":{"type":"Point","coordinates":[-84.312748,33.582061]},"properties":{"brand":"Flock Safety"}},{"type":"Feature","geometry":{"type":"Point","coordinates":[-84.324746,33.580936]},"properties":{"brand":"Flock Safety"}},{"type":"Feature","geometry":{"type":"Point","coordinates":[-84.351218,33.591132]},"properties":{"brand":"Flock Safety"}},{"type":"Feature","geometry":{"type":"Point","coordinates":[-84.354508,33.587967]},"properties":{"brand":"Flock Safety"}},{"type":"Feature","geometry":{"type":"Point","coordinates":[-84.343054,33.569164]},"properties":{"brand":"Flock Safety"}},{"type":"Feature","geometry":{"type":"Point","coordinates":[-84.337764,33.596242]},"properties":{"brand":"Flock Safety"}},{"type":"Feature","geometry":{"type":"Point","coordinates":[-84.343225,33.593533]},"properties":{"brand":"Flock Safety"}},{"type":"Feature","geometry":{"type":"Point","coordinates":[-81.369968,34.242034]},"properties":{"brand":"Flock Safety"}},{"type":"Feature","geometry":{"type":"Point","coordinates":[-84.538525,34.108562]},"properties":{"brand":"Flock Safety"}},{"type":"Feature","geometry":{"type":"Point","coordinates":[-84.538177,34.108472]},"properties":{"brand":"Flock Safety"}},{"type":"Feature","geometry":{"type":"Point","coordinates":[-84.223165,33.847645]},"properties":{"brand":"Flock Safety"}},{"type":"Feature","geometry":{"type":"Point","coordinates":[-84.22299,33.845378]},"properties":{"brand":"Flock Safety"}},{"type":"Feature","geometry":{"type":"Point","coordinates":[-83.693664,32.786381]},"properties":{"brand":"Flock Safety"}},{"type":"Feature","geometry":{"type":"Point","coordinates":[-83.69399,32.786309]},"properties":{"brand":"Flock Safety"}},{"type":"Feature","geometry":{"type":"Point","coordinates":[-83.70732,32.794053]},"properties":{"brand":"Flock Safety"}},{"type":"Feature","geometry":{"type":"Point","coordinates":[-84.753432,33.924249]},"properties":{"brand":"Flock Safety"}},{"type":"Feature","geometry":{"type":"Point","coordinates":[-85.15093,35.036138]},"properties":{"brand":"Flock Safety"}},{"type":"Feature","geometry":{"type":"Point","coordinates":[-85.151272,35.035369]},"properties":{"brand":"Flock Safety"}},{"type":"Feature","geometry":{"type":"Point","coordinates":[-85.150195,35.035127]},"properties":{"brand":"Flock Safety"}},{"type":"Feature","geometry":{"type":"Point","coordinates":[-83.707297,32.805631]},"properties":{"brand":"Flock Safety"}},{"type":"Feature","geometry":{"type":"Point","coordinates":[-83.707535,32.805924]},"properties":{"brand":"Flock Safety"}},{"type":"Feature","geometry":{"type":"Point","coordinates":[-84.386092,33.993489]},"properties":{"brand":"Flock Safety"}},{"type":"Feature","geometry":{"type":"Point","coordinates":[-84.10035,33.994074]},"properties":{"brand":"Flock Safety"}},{"type":"Feature","geometry":{"type":"Point","coordinates":[-82.210804,34.914072]},"properties":{"brand":"Flock Safety"}},{"type":"Feature","geometry":{"type":"Point","coordinates":[-82.232215,34.925303]},"properties":{"brand":"Flock Safety"}},{"type":"Feature","geometry":{"type":"Point","coordinates":[-84.738275,33.832027]},"properties":{"brand":"Flock Safety"}},{"type":"Feature","geometry":{"type":"Point","coordinates":[-84.740241,33.83392]},"properties":{"brand":"Flock Safety"}},{"type":"Feature","geometry":{"type":"Point","coordinates":[-82.006815,33.44856]},"properties":{"brand":"Flock Safety"}},{"type":"Feature","geometry":{"type":"Point","coordinates":[-82.007435,33.454992]},"properties":{"brand":"Flock Safety"}},{"type":"Feature","geometry":{"type":"Point","coordinates":[-84.190604,34.023207]},"properties":{"brand":"Flock Safety"}},{"type":"Feature","geometry":{"type":"Point","coordinates":[-84.358031,33.843532]},"properties":{"brand":"Flock Safety"}},{"type":"Feature","geometry":{"type":"Point","coordinates":[-80.972682,34.179393]},"properties":{"brand":"Flock Safety"}},{"type":"Feature","geometry":{"type":"Point","coordinates":[-80.972673,34.181323]},"properties":{"brand":"Flock Safety"}},{"type":"Feature","geometry":{"type":"Point","coordinates":[-80.969816,34.180075]},"properties":{"brand":"Flock Safety"}},{"type":"Feature","geometry":{"type":"Point","coordinates":[-80.969804,34.180123]},"properties":{"brand":"Flock Safety"}},{"type":"Feature","geometry":{"type":"Point","coordinates":[-81.214739,34.218996]},"properties":{"brand":"Flock Safety"}},{"type":"Feature","geometry":{"type":"Point","coordinates":[-81.891657,34.5173]},"properties":{"brand":"Flock Safety"}},{"type":"Feature","geometry":{"type":"Point","coordinates":[-82.39485,34.793738]},"properties":{"brand":"Flock Safety"}},{"type":"Feature","geometry":{"type":"Point","coordinates":[-82.661782,34.744363]},"properties":{"brand":"Flock Safety"}},{"type":"Feature","geometry":{"type":"Point","coordinates":[-82.848114,34.681654]},"properties":{"brand":"Flock Safety"}},{"type":"Feature","geometry":{"type":"Point","coordinates":[-82.282449,34.714202]},"properties":{"brand":"Flock Safety"}},{"type":"Feature","geometry":{"type":"Point","coordinates":[-84.121197,33.879057]},"properties":{"brand":"Flock Safety"}},{"type":"Feature","geometry":{"type":"Point","coordinates":[-84.267588,33.754643]},"properties":{"brand":"Flock Safety"}},{"type":"Feature","geometry":{"type":"Point","coordinates":[-84.291206,33.7574]},"properties":{"brand":"Flock Safety"}},{"type":"Feature","geometry":{"type":"Point","coordinates":[-84.917379,33.484062]},"properties":{"brand":"Flock Safety"}},{"type":"Feature","geometry":{"type":"Point","coordinates":[-84.925221,33.505572]},"properties":{"brand":"Flock Safety"}},{"type":"Feature","geometry":{"type":"Point","coordinates":[-83.803062,34.088061]},"properties":{"brand":"Flock Safety"}},{"type":"Feature","geometry":{"type":"Point","coordinates":[-83.753992,33.992557]},"properties":{"brand":"Flock Safety"}},{"type":"Feature","geometry":{"type":"Point","coordinates":[-84.461206,33.89353]},"properties":{"brand":"Flock Safety"}},{"type":"Feature","geometry":{"type":"Point","coordinates":[-84.625098,33.463097]},"properties":{"brand":"Flock Safety"}},{"type":"Feature","geometry":{"type":"Point","coordinates":[-84.598706,33.392561]},"properties":{"brand":"Flock Safety"}},{"type":"Feature","geometry":{"type":"Point","coordinates":[-84.8476,33.357707]},"properties":{"brand":"Flock Safety"}},{"type":"Feature","geometry":{"type":"Point","coordinates":[-84.745086,33.528198]},"properties":{"brand":"Flock Safety"}},{"type":"Feature","geometry":{"type":"Point","coordinates":[-84.604833,33.443511]},"properties":{"brand":"Flock Safety"}},{"type":"Feature","geometry":{"type":"Point","coordinates":[-84.731367,33.512043]},"properties":{"brand":"Flock Safety"}},{"type":"Feature","geometry":{"type":"Point","coordinates":[-84.506892,33.46547]},"properties":{"brand":"Flock Safety"}},{"type":"Feature","geometry":{"type":"Point","coordinates":[-84.732654,33.520427]},"properties":{"brand":"Flock Safety"}},{"type":"Feature","geometry":{"type":"Point","coordinates":[-84.50702,33.465215]},"properties":{"brand":"Flock Safety"}},{"type":"Feature","geometry":{"type":"Point","coordinates":[-84.508772,33.468681]},"properties":{"brand":"Flock Safety"}},{"type":"Feature","geometry":{"type":"Point","coordinates":[-84.509079,33.467424]},"properties":{"brand":"Flock Safety"}},{"type":"Feature","geometry":{"type":"Point","coordinates":[-84.503233,33.465083]},"properties":{"brand":"Flock Safety"}},{"type":"Feature","geometry":{"type":"Point","coordinates":[-84.508545,33.468855]},"properties":{"brand":"Flock Safety"}},{"type":"Feature","geometry":{"type":"Point","coordinates":[-84.508448,33.472367]},"properties":{"brand":"Flock Safety"}},{"type":"Feature","geometry":{"type":"Point","coordinates":[-84.508663,33.472609]},"properties":{"brand":"Flock Safety"}},{"type":"Feature","geometry":{"type":"Point","coordinates":[-84.503351,33.465161]},"properties":{"brand":"Flock Safety"}},{"type":"Feature","geometry":{"type":"Point","coordinates":[-81.261303,34.009986]},"properties":{"brand":"Flock Safety"}},{"type":"Feature","geometry":{"type":"Point","coordinates":[-83.100027,34.448632]},"properties":{"brand":"Flock Safety"}},{"type":"Feature","geometry":{"type":"Point","coordinates":[-84.116251,34.052889]},"properties":{"brand":"Flock Safety"}},{"type":"Feature","geometry":{"type":"Point","coordinates":[-84.019164,33.874843]},"properties":{"brand":"Flock Safety"}},{"type":"Feature","geometry":{"type":"Point","coordinates":[-81.120644,34.00739]},"properties":{"brand":"Flock Safety"}},{"type":"Feature","geometry":{"type":"Point","coordinates":[-81.120521,34.007541]},"properties":{"brand":"Flock Safety"}},{"type":"Feature","geometry":{"type":"Point","coordinates":[-81.112789,34.004995]},"properties":{"brand":"Flock Safety"}},{"type":"Feature","geometry":{"type":"Point","coordinates":[-81.112785,34.004935]},"properties":{"brand":"Flock Safety"}},{"type":"Feature","geometry":{"type":"Point","coordinates":[-84.000557,33.983367]},"properties":{"brand":"Flock Safety"}},{"type":"Feature","geometry":{"type":"Point","coordinates":[-84.011999,33.98987]},"properties":{"brand":"Flock Safety"}},{"type":"Feature","geometry":{"type":"Point","coordinates":[-84.012361,34.008764]},"properties":{"brand":"Flock Safety"}},{"type":"Feature","geometry":{"type":"Point","coordinates":[-83.398634,33.95949]},"properties":{"brand":"Flock Safety"}},{"type":"Feature","geometry":{"type":"Point","coordinates":[-83.398729,33.959477]},"properties":{"brand":"Flock Safety"}},{"type":"Feature","geometry":{"type":"Point","coordinates":[-82.104831,33.450524]},"properties":{"brand":"Flock Safety"}},{"type":"Feature","geometry":{"type":"Point","coordinates":[-85.504074,32.557394]},"properties":{"brand":"Flock Safety"}},{"type":"Feature","geometry":{"type":"Point","coordinates":[-85.5047,32.557209]},"properties":{"brand":"Flock Safety"}},{"type":"Feature","geometry":{"type":"Point","coordinates":[-85.50478,32.556801]},"properties":{"brand":"Flock Safety"}},{"type":"Feature","geometry":{"type":"Point","coordinates":[-82.674396,34.567158]},"properties":{"brand":"Flock Safety"}},{"type":"Feature","geometry":{"type":"Point","coordinates":[-82.680776,34.529412]},"properties":{"brand":"Flock Safety"}},{"type":"Feature","geometry":{"type":"Point","coordinates":[-82.938408,34.686207]},"properties":{"brand":"Flock Safety"}},{"type":"Feature","geometry":{"type":"Point","coordinates":[-84.196983,34.022509]},"properties":{"brand":"Flock Safety"}},{"type":"Feature","geometry":{"type":"Point","coordinates":[-82.019625,33.476388]},"properties":{"brand":"Genetec"}},{"type":"Feature","geometry":{"type":"Point","coordinates":[-84.569456,33.85646]},"properties":{"brand":"Flock Safety"}},{"type":"Feature","geometry":{"type":"Point","coordinates":[-84.724941,33.881857]},"properties":{"brand":"Flock Safety"}},{"type":"Feature","geometry":{"type":"Point","coordinates":[-85.39889,32.564079]},"properties":{"brand":"Flock Safety"}},{"type":"Feature","geometry":{"type":"Point","coordinates":[-84.251942,33.738017]},"properties":{"brand":"Flock Safety"}},{"type":"Feature","geometry":{"type":"Point","coordinates":[-84.252067,33.737869]},"properties":{"brand":"Flock Safety"}},{"type":"Feature","geometry":{"type":"Point","coordinates":[-82.403467,34.862368]},"properties":{"brand":"Flock Safety"}},{"type":"Feature","geometry":{"type":"Point","coordinates":[-84.190074,33.365833]},"properties":{"brand":"Flock Safety"}},{"type":"Feature","geometry":{"type":"Point","coordinates":[-84.378129,33.583801]},"properties":{"brand":"Flock Safety"}},{"type":"Feature","geometry":{"type":"Point","coordinates":[-84.212238,34.099462]},"properties":{"brand":"Flock Safety"}},{"type":"Feature","geometry":{"type":"Point","coordinates":[-84.531022,33.873785]},"properties":{"brand":"Flock Safety"}},{"type":"Feature","geometry":{"type":"Point","coordinates":[-84.572075,33.368782]},"properties":{"brand":"Flock Safety"}},{"type":"Feature","geometry":{"type":"Point","coordinates":[-84.507724,33.451211]},"properties":{"brand":"Flock Safety"}},{"type":"Feature","geometry":{"type":"Point","coordinates":[-84.499178,33.883852]},"properties":{"brand":"Flock Safety"}},{"type":"Feature","geometry":{"type":"Point","coordinates":[-84.498439,33.88384]},"properties":{"brand":"Flock Safety"}},{"type":"Feature","geometry":{"type":"Point","coordinates":[-84.475729,33.88346]},"properties":{"brand":"Flock Safety"}},{"type":"Feature","geometry":{"type":"Point","coordinates":[-84.475719,33.883415]},"properties":{"brand":"Flock Safety"}},{"type":"Feature","geometry":{"type":"Point","coordinates":[-84.475896,33.883691]},"properties":{"brand":"Flock Safety"}},{"type":"Feature","geometry":{"type":"Point","coordinates":[-84.484095,33.883526]},"properties":{"brand":"Flock Safety"}},{"type":"Feature","geometry":{"type":"Point","coordinates":[-84.484099,33.883529]},"properties":{"brand":"Flock Safety"}},{"type":"Feature","geometry":{"type":"Point","coordinates":[-84.620252,34.021417]},"properties":{"brand":"Flock Safety"}},{"type":"Feature","geometry":{"type":"Point","coordinates":[-84.621978,34.026223]},"properties":{"brand":"Flock Safety"}},{"type":"Feature","geometry":{"type":"Point","coordinates":[-84.506282,34.22118]},"properties":{"brand":"Flock Safety"}},{"type":"Feature","geometry":{"type":"Point","coordinates":[-80.871673,33.478437]},"properties":{"brand":"Flock Safety"}},{"type":"Feature","geometry":{"type":"Point","coordinates":[-84.339056,33.853246]},"properties":{"brand":"Flock Safety"}},{"type":"Feature","geometry":{"type":"Point","coordinates":[-84.339079,33.844997]},"properties":{"brand":"Flock Safety"}},{"type":"Feature","geometry":{"type":"Point","coordinates":[-83.75986,34.104372]},"properties":{"brand":"Flock Safety"}},{"type":"Feature","geometry":{"type":"Point","coordinates":[-84.306247,34.03773]},"properties":{"brand":"Flock Safety"}},{"type":"Feature","geometry":{"type":"Point","coordinates":[-84.252381,34.046223]},"properties":{"brand":"Flock Safety"}},{"type":"Feature","geometry":{"type":"Point","coordinates":[-84.37483,33.822841]},"properties":{"brand":"Flock Safety"}},{"type":"Feature","geometry":{"type":"Point","coordinates":[-84.302392,33.960863]},"properties":{"brand":"Flock Safety"}},{"type":"Feature","geometry":{"type":"Point","coordinates":[-84.296643,33.920934]},"properties":{"brand":"Flock Safety"}},{"type":"Feature","geometry":{"type":"Point","coordinates":[-84.302803,33.957424]},"properties":{"brand":"Flock Safety"}},{"type":"Feature","geometry":{"type":"Point","coordinates":[-84.171647,34.121617]},"properties":{"brand":"Flock Safety"}},{"type":"Feature","geometry":{"type":"Point","coordinates":[-84.384143,33.756639]},"properties":{"brand":"Flock Safety"}},{"type":"Feature","geometry":{"type":"Point","coordinates":[-84.384369,33.756654]},"properties":{"brand":"Flock Safety"}},{"type":"Feature","geometry":{"type":"Point","coordinates":[-84.175349,33.988026]},"properties":{"brand":"Flock Safety"}},{"type":"Feature","geometry":{"type":"Point","coordinates":[-84.382213,33.754591]},"properties":{"brand":"Flock Safety"}},{"type":"Feature","geometry":{"type":"Point","coordinates":[-84.494026,33.867985]},"properties":{"brand":"Flock Safety"}},{"type":"Feature","geometry":{"type":"Point","coordinates":[-84.568722,33.407382]},"properties":{"brand":"Flock Safety"}},{"type":"Feature","geometry":{"type":"Point","coordinates":[-84.519469,33.447982]},"properties":{"brand":"Flock Safety"}},{"type":"Feature","geometry":{"type":"Point","coordinates":[-84.524045,33.446168]},"properties":{"brand":"Flock Safety"}},{"type":"Feature","geometry":{"type":"Point","coordinates":[-84.52414,33.446209]},"properties":{"brand":"Flock Safety"}},{"type":"Feature","geometry":{"type":"Point","coordinates":[-84.445485,33.472303]},"properties":{"brand":"Flock Safety"}},{"type":"Feature","geometry":{"type":"Point","coordinates":[-84.447786,33.471418]},"properties":{"brand":"Flock Safety"}},{"type":"Feature","geometry":{"type":"Point","coordinates":[-84.445551,33.472316]},"properties":{"brand":"Flock Safety"}},{"type":"Feature","geometry":{"type":"Point","coordinates":[-84.447743,33.471411]},"properties":{"brand":"Flock Safety"}},{"type":"Feature","geometry":{"type":"Point","coordinates":[-84.447206,33.471946]},"properties":{"brand":"Flock Safety"}},{"type":"Feature","geometry":{"type":"Point","coordinates":[-84.447206,33.471946]},"properties":{"brand":"Flock Safety"}},{"type":"Feature","geometry":{"type":"Point","coordinates":[-84.447206,33.471946]},"properties":{"brand":"Flock Safety"}},{"type":"Feature","geometry":{"type":"Point","coordinates":[-84.447206,33.471946]},"properties":{"brand":"Flock Safety"}},{"type":"Feature","geometry":{"type":"Point","coordinates":[-84.447206,33.471946]},"properties":{"brand":"Flock Safety"}},{"type":"Feature","geometry":{"type":"Point","coordinates":[-84.447192,33.471939]},"properties":{"brand":"Flock Safety"}},{"type":"Feature","geometry":{"type":"Point","coordinates":[-84.00818,34.093213]},"properties":{"brand":"Flock Safety"}},{"type":"Feature","geometry":{"type":"Point","coordinates":[-83.98879,34.065926]},"properties":{"brand":"Flock Safety"}},{"type":"Feature","geometry":{"type":"Point","coordinates":[-83.98941,34.065224]},"properties":{"brand":"Flock Safety"}},{"type":"Feature","geometry":{"type":"Point","coordinates":[-84.187854,34.015264]},"properties":{"brand":"Flock Safety"}},{"type":"Feature","geometry":{"type":"Point","coordinates":[-84.187772,34.015208]},"properties":{"brand":"Flock Safety"}},{"type":"Feature","geometry":{"type":"Point","coordinates":[-84.450228,33.462682]},"properties":{"brand":"Flock Safety"}},{"type":"Feature","geometry":{"type":"Point","coordinates":[-84.450261,33.46341]},"properties":{"brand":"Flock Safety"}},{"type":"Feature","geometry":{"type":"Point","coordinates":[-84.449869,33.449209]},"properties":{"brand":"Flock Safety"}},{"type":"Feature","geometry":{"type":"Point","coordinates":[-84.44358,33.412402]},"properties":{"brand":"Flock Safety"}},{"type":"Feature","geometry":{"type":"Point","coordinates":[-85.256053,33.524696]},"properties":{"brand":"Flock Safety"}},{"type":"Feature","geometry":{"type":"Point","coordinates":[-84.374306,33.79168]},"properties":{"brand":"Flock Safety"}},{"type":"Feature","geometry":{"type":"Point","coordinates":[-84.512418,33.87985]},"properties":{"brand":"Flock Safety"}},{"type":"Feature","geometry":{"type":"Point","coordinates":[-84.513919,33.88035]},"properties":{"brand":"Flock Safety"}},{"type":"Feature","geometry":{"type":"Point","coordinates":[-84.511776,33.880194]},"properties":{"brand":"Flock Safety"}},{"type":"Feature","geometry":{"type":"Point","coordinates":[-84.530288,33.874093]},"properties":{"brand":"Flock Safety"}},{"type":"Feature","geometry":{"type":"Point","coordinates":[-84.280097,33.920518]},"properties":{"brand":"Flock Safety"}},{"type":"Feature","geometry":{"type":"Point","coordinates":[-84.350394,33.715549]},"properties":{"brand":"Flock Safety"}},{"type":"Feature","geometry":{"type":"Point","coordinates":[-82.006646,34.897335]},"properties":{"brand":"Flock Safety"}},{"type":"Feature","geometry":{"type":"Point","coordinates":[-83.78616,33.974142]},"properties":{"brand":"Flock Safety"}},{"type":"Feature","geometry":{"type":"Point","coordinates":[-84.396342,33.808131]},"properties":{"brand":"Flock Safety"}},{"type":"Feature","geometry":{"type":"Point","coordinates":[-84.397798,33.808528]},"properties":{"brand":"Flock Safety"}},{"type":"Feature","geometry":{"type":"Point","coordinates":[-84.397857,33.808613]},"properties":{"brand":"Flock Safety"}},{"type":"Feature","geometry":{"type":"Point","coordinates":[-84.295207,34.009436]},"properties":{"brand":"Flock Safety"}},{"type":"Feature","geometry":{"type":"Point","coordinates":[-84.781076,33.882765]},"properties":{"brand":"Flock Safety"}},{"type":"Feature","geometry":{"type":"Point","coordinates":[-84.793062,33.910446]},"properties":{"brand":"Flock Safety"}},{"type":"Feature","geometry":{"type":"Point","coordinates":[-84.779698,33.90081]},"properties":{"brand":"Flock Safety"}},{"type":"Feature","geometry":{"type":"Point","coordinates":[-84.512647,33.880494]},"properties":{"brand":"Flock Safety"}},{"type":"Feature","geometry":{"type":"Point","coordinates":[-84.244023,33.814896]},"properties":{"brand":"Flock Safety"}},{"type":"Feature","geometry":{"type":"Point","coordinates":[-84.336912,33.75762]},"properties":{"brand":"Flock Safety"}},{"type":"Feature","geometry":{"type":"Point","coordinates":[-84.346645,33.758583]},"properties":{"brand":"Flock Safety"}},{"type":"Feature","geometry":{"type":"Point","coordinates":[-84.347601,33.758816]},"properties":{"brand":"Flock Safety"}},{"type":"Feature","geometry":{"type":"Point","coordinates":[-84.393581,33.809088]},"properties":{"brand":"Flock Safety"}},{"type":"Feature","geometry":{"type":"Point","coordinates":[-84.246247,33.817755]},"properties":{"brand":"Flock Safety"}},{"type":"Feature","geometry":{"type":"Point","coordinates":[-83.824492,32.89728]},"properties":{"brand":"Flock Safety"}},{"type":"Feature","geometry":{"type":"Point","coordinates":[-84.245419,33.817254]},"properties":{"brand":"Flock Safety"}},{"type":"Feature","geometry":{"type":"Point","coordinates":[-84.249177,33.829039]},"properties":{"brand":"Flock Safety"}},{"type":"Feature","geometry":{"type":"Point","coordinates":[-84.247358,33.831005]},"properties":{"brand":"Flock Safety"}},{"type":"Feature","geometry":{"type":"Point","coordinates":[-84.245311,33.817007]},"properties":{"brand":"Flock Safety"}},{"type":"Feature","geometry":{"type":"Point","coordinates":[-84.427432,33.840809]},"properties":{"brand":"Flock Safety"}},{"type":"Feature","geometry":{"type":"Point","coordinates":[-84.427475,33.840671]},"properties":{"brand":"Flock Safety"}},{"type":"Feature","geometry":{"type":"Point","coordinates":[-84.315409,33.915845]},"properties":{"brand":"Flock Safety"}},{"type":"Feature","geometry":{"type":"Point","coordinates":[-84.314722,33.920911]},"properties":{"brand":"Flock Safety"}},{"type":"Feature","geometry":{"type":"Point","coordinates":[-84.343051,34.037499]},"properties":{"brand":"Flock Safety"}},{"type":"Feature","geometry":{"type":"Point","coordinates":[-84.329503,34.023805]},"properties":{"brand":"Flock Safety"}},{"type":"Feature","geometry":{"type":"Point","coordinates":[-84.36378,33.935425]},"properties":{"brand":"Flock Safety"}},{"type":"Feature","geometry":{"type":"Point","coordinates":[-84.314167,33.921819]},"properties":{"brand":"Flock Safety"}},{"type":"Feature","geometry":{"type":"Point","coordinates":[-84.313509,33.919749]},"properties":{"brand":"Flock Safety"}},{"type":"Feature","geometry":{"type":"Point","coordinates":[-84.304945,33.919818]},"properties":{"brand":"Flock Safety"}},{"type":"Feature","geometry":{"type":"Point","coordinates":[-84.200808,33.841322]},"properties":{"brand":"Flock Safety"}},{"type":"Feature","geometry":{"type":"Point","coordinates":[-81.984136,33.471178]},"properties":{"brand":"Flock Safety"}},{"type":"Feature","geometry":{"type":"Point","coordinates":[-84.254299,33.974926]},"properties":{"brand":"Flock Safety"}},{"type":"Feature","geometry":{"type":"Point","coordinates":[-84.25438,33.974853]},"properties":{"brand":"Flock Safety"}},{"type":"Feature","geometry":{"type":"Point","coordinates":[-84.260006,33.982113]},"properties":{"brand":"Flock Safety"}},{"type":"Feature","geometry":{"type":"Point","coordinates":[-84.228104,33.978294]},"properties":{"brand":"Flock Safety"}},{"type":"Feature","geometry":{"type":"Point","coordinates":[-84.272491,33.954913]},"properties":{"brand":"Flock Safety"}},{"type":"Feature","geometry":{"type":"Point","coordinates":[-84.307478,33.962494]},"properties":{"brand":"Flock Safety"}},{"type":"Feature","geometry":{"type":"Point","coordinates":[-84.303752,33.959978]},"properties":{"brand":"Flock Safety"}},{"type":"Feature","geometry":{"type":"Point","coordinates":[-84.24899,33.960318]},"properties":{"brand":"Flock Safety"}},{"type":"Feature","geometry":{"type":"Point","coordinates":[-84.253478,33.973617]},"properties":{"brand":"Flock Safety"}},{"type":"Feature","geometry":{"type":"Point","coordinates":[-84.253502,33.973465]},"properties":{"brand":"Flock Safety"}},{"type":"Feature","geometry":{"type":"Point","coordinates":[-85.094194,33.575219]},"properties":{"brand":"Flock Safety"}},{"type":"Feature","geometry":{"type":"Point","coordinates":[-85.093993,33.575357]},"properties":{"brand":"Flock Safety"}},{"type":"Feature","geometry":{"type":"Point","coordinates":[-85.098742,33.579668]},"properties":{"brand":"Flock Safety"}},{"type":"Feature","geometry":{"type":"Point","coordinates":[-85.098645,33.579095]},"properties":{"brand":"Flock Safety"}},{"type":"Feature","geometry":{"type":"Point","coordinates":[-85.095333,33.575593]},"properties":{"brand":"Flock Safety"}},{"type":"Feature","geometry":{"type":"Point","coordinates":[-85.095171,33.575576]},"properties":{"brand":"Flock Safety"}},{"type":"Feature","geometry":{"type":"Point","coordinates":[-85.093792,33.571869]},"properties":{"brand":"Flock Safety"}},{"type":"Feature","geometry":{"type":"Point","coordinates":[-85.093935,33.572565]},"properties":{"brand":"Flock Safety"}},{"type":"Feature","geometry":{"type":"Point","coordinates":[-85.094645,33.571673]},"properties":{"brand":"Flock Safety"}},{"type":"Feature","geometry":{"type":"Point","coordinates":[-85.098929,33.570501]},"properties":{"brand":"Flock Safety"}},{"type":"Feature","geometry":{"type":"Point","coordinates":[-85.101812,33.569548]},"properties":{"brand":"Flock Safety"}},{"type":"Feature","geometry":{"type":"Point","coordinates":[-85.102096,33.569556]},"properties":{"brand":"Flock Safety"}},{"type":"Feature","geometry":{"type":"Point","coordinates":[-85.121608,33.582432]},"properties":{"brand":"Flock Safety"}},{"type":"Feature","geometry":{"type":"Point","coordinates":[-85.121515,33.581776]},"properties":{"brand":"Flock Safety"}},{"type":"Feature","geometry":{"type":"Point","coordinates":[-84.338012,33.971471]},"properties":{"brand":"Flock Safety"}},{"type":"Feature","geometry":{"type":"Point","coordinates":[-84.342769,33.969528]},"properties":{"brand":"Flock Safety"}},{"type":"Feature","geometry":{"type":"Point","coordinates":[-84.348226,33.960849]},"properties":{"brand":"Flock Safety"}},{"type":"Feature","geometry":{"type":"Point","coordinates":[-84.34959,33.959946]},"properties":{"brand":"Flock Safety"}},{"type":"Feature","geometry":{"type":"Point","coordinates":[-84.365613,33.955763]},"properties":{"brand":"Flock Safety"}},{"type":"Feature","geometry":{"type":"Point","coordinates":[-84.231516,33.807819]},"properties":{"brand":"Flock Safety"}},{"type":"Feature","geometry":{"type":"Point","coordinates":[-84.231641,33.807708]},"properties":{"brand":"Flock Safety"}},{"type":"Feature","geometry":{"type":"Point","coordinates":[-84.403202,33.943261]},"properties":{"brand":"Flock Safety"}},{"type":"Feature","geometry":{"type":"Point","coordinates":[-84.252826,34.021557]},"properties":{"brand":"Flock Safety"}},{"type":"Feature","geometry":{"type":"Point","coordinates":[-82.070668,33.51623]},"properties":{"brand":"Flock Safety"}},{"type":"Feature","geometry":{"type":"Point","coordinates":[-83.823939,32.897272]},"properties":{"brand":"Flock Safety"}},{"type":"Feature","geometry":{"type":"Point","coordinates":[-84.357921,33.956162]},"properties":{"brand":"Flock Safety"}},{"type":"Feature","geometry":{"type":"Point","coordinates":[-84.344524,33.95939]},"properties":{"brand":"Flock Safety"}},{"type":"Feature","geometry":{"type":"Point","coordinates":[-84.345579,33.969039]},"properties":{"brand":"Flock Safety"}},{"type":"Feature","geometry":{"type":"Point","coordinates":[-84.345633,33.969317]},"properties":{"brand":"Flock Safety"}},{"type":"Feature","geometry":{"type":"Point","coordinates":[-84.345757,33.969437]},"properties":{"brand":"Flock Safety"}},{"type":"Feature","geometry":{"type":"Point","coordinates":[-84.336212,33.970524]},"properties":{"brand":"Flock Safety"}},{"type":"Feature","geometry":{"type":"Point","coordinates":[-84.327345,33.967853]},"properties":{"brand":"Flock Safety"}},{"type":"Feature","geometry":{"type":"Point","coordinates":[-84.32365,33.967282]},"properties":{"brand":"Flock Safety"}},{"type":"Feature","geometry":{"type":"Point","coordinates":[-84.336659,33.951977]},"properties":{"brand":"Flock Safety"}},{"type":"Feature","geometry":{"type":"Point","coordinates":[-84.335822,33.95694]},"properties":{"brand":"Flock Safety"}},{"type":"Feature","geometry":{"type":"Point","coordinates":[-84.336451,33.959121]},"properties":{"brand":"Flock Safety"}},{"type":"Feature","geometry":{"type":"Point","coordinates":[-84.339169,33.970566]},"properties":{"brand":"Flock Safety"}},{"type":"Feature","geometry":{"type":"Point","coordinates":[-84.338775,33.968996]},"properties":{"brand":"Flock Safety"}},{"type":"Feature","geometry":{"type":"Point","coordinates":[-81.258227,33.983321]},"properties":{"brand":"Flock Safety"}},{"type":"Feature","geometry":{"type":"Point","coordinates":[-85.001584,33.971974]},"properties":{"brand":"Flock Safety"}},{"type":"Feature","geometry":{"type":"Point","coordinates":[-84.389705,33.93499]},"properties":{"brand":"Flock Safety"}},{"type":"Feature","geometry":{"type":"Point","coordinates":[-84.389128,33.936137]},"properties":{"brand":"Flock Safety"}},{"type":"Feature","geometry":{"type":"Point","coordinates":[-84.216333,33.967804]},"properties":{"brand":"Flock Safety"}},{"type":"Feature","geometry":{"type":"Point","coordinates":[-84.209004,33.968696]},"properties":{"brand":"Flock Safety"}},{"type":"Feature","geometry":{"type":"Point","coordinates":[-84.126704,33.947758]},"properties":{"brand":"Flock Safety"}},{"type":"Feature","geometry":{"type":"Point","coordinates":[-84.129265,33.951169]},"properties":{"brand":"Flock Safety"}},{"type":"Feature","geometry":{"type":"Point","coordinates":[-84.128449,33.95037]},"properties":{"brand":"Flock Safety"}},{"type":"Feature","geometry":{"type":"Point","coordinates":[-84.126623,33.946999]},"properties":{"brand":"Flock Safety"}},{"type":"Feature","geometry":{"type":"Point","coordinates":[-84.124462,33.944528]},"properties":{"brand":"Flock Safety"}},{"type":"Feature","geometry":{"type":"Point","coordinates":[-81.264753,34.008758]},"properties":{"brand":"Flock Safety"}},{"type":"Feature","geometry":{"type":"Point","coordinates":[-84.309613,33.871202]},"properties":{"brand":"Flock Safety"}},{"type":"Feature","geometry":{"type":"Point","coordinates":[-84.310835,33.871276]},"properties":{"brand":"Flock Safety"}},{"type":"Feature","geometry":{"type":"Point","coordinates":[-85.485014,32.606145]},"properties":{"brand":""}},{"type":"Feature","geometry":{"type":"Point","coordinates":[-82.001083,33.234529]},"properties":{"brand":"Flock Safety"}},{"type":"Feature","geometry":{"type":"Point","coordinates":[-81.955049,33.317952]},"properties":{"brand":"Flock Safety"}},{"type":"Feature","geometry":{"type":"Point","coordinates":[-81.955418,33.317837]},"properties":{"brand":"Flock Safety"}},{"type":"Feature","geometry":{"type":"Point","coordinates":[-84.524329,33.901522]},"properties":{"brand":"Flock Safety"}},{"type":"Feature","geometry":{"type":"Point","coordinates":[-84.521107,33.894539]},"properties":{"brand":"Flock Safety"}},{"type":"Feature","geometry":{"type":"Point","coordinates":[-84.580661,33.736043]},"properties":{"brand":""}},{"type":"Feature","geometry":{"type":"Point","coordinates":[-84.400014,34.014569]},"properties":{"brand":"Flock Safety"}},{"type":"Feature","geometry":{"type":"Point","coordinates":[-84.40015,34.015158]},"properties":{"brand":"Flock Safety"}},{"type":"Feature","geometry":{"type":"Point","coordinates":[-81.23109,33.960851]},"properties":{"brand":"Flock Safety"}},{"type":"Feature","geometry":{"type":"Point","coordinates":[-81.231912,33.962436]},"properties":{"brand":"Flock Safety"}},{"type":"Feature","geometry":{"type":"Point","coordinates":[-84.338107,33.954077]},"properties":{"brand":"Flock Safety"}},{"type":"Feature","geometry":{"type":"Point","coordinates":[-85.125444,34.096466]},"properties":{"brand":"Flock Safety"}},{"type":"Feature","geometry":{"type":"Point","coordinates":[-84.366881,33.79309]},"properties":{"brand":"Flock Safety"}},{"type":"Feature","geometry":{"type":"Point","coordinates":[-82.454551,34.643236]},"properties":{"brand":"Flock Safety"}},{"type":"Feature","geometry":{"type":"Point","coordinates":[-84.679301,33.864797]},"properties":{"brand":"Flock Safety"}},{"type":"Feature","geometry":{"type":"Point","coordinates":[-84.08866,33.984956]},"properties":{"brand":"Flock Safety"}},{"type":"Feature","geometry":{"type":"Point","coordinates":[-84.660525,33.952667]},"properties":{"brand":"Flock Safety"}},{"type":"Feature","geometry":{"type":"Point","coordinates":[-84.659026,33.95304]},"properties":{"brand":"Flock Safety"}},{"type":"Feature","geometry":{"type":"Point","coordinates":[-84.745402,33.881081]},"properties":{"brand":"Flock Safety"}},{"type":"Feature","geometry":{"type":"Point","coordinates":[-82.446622,34.830294]},"properties":{"brand":"Flock Safety"}},{"type":"Feature","geometry":{"type":"Point","coordinates":[-84.320792,33.789047]},"properties":{"brand":"Flock Safety"}},{"type":"Feature","geometry":{"type":"Point","coordinates":[-84.416511,33.881628]},"properties":{"brand":"Flock Safety"}},{"type":"Feature","geometry":{"type":"Point","coordinates":[-84.482766,33.863307]},"properties":{"brand":"Flock Safety"}},{"type":"Feature","geometry":{"type":"Point","coordinates":[-82.303851,33.266084]},"properties":{"brand":"Flock Safety"}},{"type":"Feature","geometry":{"type":"Point","coordinates":[-84.482798,33.863413]},"properties":{"brand":"Flock Safety"}},{"type":"Feature","geometry":{"type":"Point","coordinates":[-82.092367,33.507392]},"properties":{"brand":"Flock Safety"}},{"type":"Feature","geometry":{"type":"Point","coordinates":[-83.816553,34.126011]},"properties":{"brand":"Flock Safety"}},{"type":"Feature","geometry":{"type":"Point","coordinates":[-82.068088,33.497515]},"properties":{"brand":"Flock Safety"}},{"type":"Feature","geometry":{"type":"Point","coordinates":[-82.07861,33.492226]},"properties":{"brand":"Flock Safety"}},{"type":"Feature","geometry":{"type":"Point","coordinates":[-85.443998,34.254199]},"properties":{"brand":"Flock Safety"}},{"type":"Feature","geometry":{"type":"Point","coordinates":[-84.515687,33.887037]},"properties":{"brand":"Flock Safety"}},{"type":"Feature","geometry":{"type":"Point","coordinates":[-84.515693,33.887039]},"properties":{"brand":"Flock Safety"}},{"type":"Feature","geometry":{"type":"Point","coordinates":[-84.514168,33.883914]},"properties":{"brand":"Flock Safety"}},{"type":"Feature","geometry":{"type":"Point","coordinates":[-84.514448,33.88438]},"properties":{"brand":"Flock Safety"}},{"type":"Feature","geometry":{"type":"Point","coordinates":[-84.514569,33.883881]},"properties":{"brand":"Flock Safety"}},{"type":"Feature","geometry":{"type":"Point","coordinates":[-84.514635,33.884076]},"properties":{"brand":"Flock Safety"}},{"type":"Feature","geometry":{"type":"Point","coordinates":[-84.381351,33.896437]},"properties":{"brand":"Flock Safety"}},{"type":"Feature","geometry":{"type":"Point","coordinates":[-82.341284,34.819016]},"properties":{"brand":"Flock Safety"}},{"type":"Feature","geometry":{"type":"Point","coordinates":[-83.662929,32.83211]},"properties":{"brand":"Flock Safety"}},{"type":"Feature","geometry":{"type":"Point","coordinates":[-80.884287,33.472181]},"properties":{"brand":"Flock Safety"}},{"type":"Feature","geometry":{"type":"Point","coordinates":[-80.879718,33.481613]},"properties":{"brand":"Flock Safety"}},{"type":"Feature","geometry":{"type":"Point","coordinates":[-84.833636,33.881097]},"properties":{"brand":"Flock Safety"}},{"type":"Feature","geometry":{"type":"Point","coordinates":[-81.09713,33.804612]},"properties":{"brand":"Flock Safety"}},{"type":"Feature","geometry":{"type":"Point","coordinates":[-84.537793,33.894417]},"properties":{"brand":"Flock Safety"}},{"type":"Feature","geometry":{"type":"Point","coordinates":[-84.26947,33.764933]},"properties":{"brand":"Flock Safety"}},{"type":"Feature","geometry":{"type":"Point","coordinates":[-82.402003,34.851626]},"properties":{"brand":"Flock Safety"}},{"type":"Feature","geometry":{"type":"Point","coordinates":[-82.186535,33.430011]},"properties":{"brand":"Flock Safety"}},{"type":"Feature","geometry":{"type":"Point","coordinates":[-82.048159,33.428408]},"properties":{"brand":"Flock Safety"}},{"type":"Feature","geometry":{"type":"Point","coordinates":[-82.059957,33.484158]},"properties":{"brand":"Flock Safety"}},{"type":"Feature","geometry":{"type":"Point","coordinates":[-82.226587,34.938319]},"properties":{"brand":"Flock Safety"}},{"type":"Feature","geometry":{"type":"Point","coordinates":[-82.064829,33.452752]},"properties":{"brand":"Flock Safety"}},{"type":"Feature","geometry":{"type":"Point","coordinates":[-82.337609,34.814902]},"properties":{"brand":"Flock Safety"}},{"type":"Feature","geometry":{"type":"Point","coordinates":[-83.610831,32.848017]},"properties":{"brand":"Flock Safety"}},{"type":"Feature","geometry":{"type":"Point","coordinates":[-84.350957,33.538435]},"properties":{"brand":"Flock Safety"}},{"type":"Feature","geometry":{"type":"Point","coordinates":[-84.315902,33.544357]},"properties":{"brand":"Flock Safety"}},{"type":"Feature","geometry":{"type":"Point","coordinates":[-84.335689,33.747445]},"properties":{"brand":"Flock Safety"}},{"type":"Feature","geometry":{"type":"Point","coordinates":[-84.336445,33.747448]},"properties":{"brand":"Flock Safety"}},{"type":"Feature","geometry":{"type":"Point","coordinates":[-83.32457,33.940074]},"properties":{"brand":"Flock Safety"}},{"type":"Feature","geometry":{"type":"Point","coordinates":[-83.380301,32.858492]},"properties":{"brand":"Flock Safety"}},{"type":"Feature","geometry":{"type":"Point","coordinates":[-84.074636,33.836244]},"properties":{"brand":"Flock Safety"}},{"type":"Feature","geometry":{"type":"Point","coordinates":[-85.506544,32.592174]},"properties":{"brand":"Flock Safety"}},{"type":"Feature","geometry":{"type":"Point","coordinates":[-84.228418,33.978473]},"properties":{"brand":"Flock Safety"}},{"type":"Feature","geometry":{"type":"Point","coordinates":[-84.457133,34.465524]},"properties":{"brand":"Flock Safety"}},{"type":"Feature","geometry":{"type":"Point","coordinates":[-84.111614,34.176214]},"properties":{"brand":"Flock Safety"}},{"type":"Feature","geometry":{"type":"Point","coordinates":[-84.637217,33.772213]},"properties":{"brand":"Flock Safety"}},{"type":"Feature","geometry":{"type":"Point","coordinates":[-84.546394,33.87694]},"properties":{"brand":"Flock Safety"}},{"type":"Feature","geometry":{"type":"Point","coordinates":[-84.429557,33.801757]},"properties":{"brand":"Flock Safety"}},{"type":"Feature","geometry":{"type":"Point","coordinates":[-84.428198,33.801081]},"properties":{"brand":"Flock Safety"}},{"type":"Feature","geometry":{"type":"Point","coordinates":[-84.023273,34.458182]},"properties":{"brand":"Flock Safety"}},{"type":"Feature","geometry":{"type":"Point","coordinates":[-85.403981,32.638253]},"properties":{"brand":"Flock Safety"}},{"type":"Feature","geometry":{"type":"Point","coordinates":[-84.785984,34.153641]},"properties":{"brand":"Flock Safety"}},{"type":"Feature","geometry":{"type":"Point","coordinates":[-84.967544,34.491609]},"properties":{"brand":"Flock Safety"}},{"type":"Feature","geometry":{"type":"Point","coordinates":[-84.657347,33.798091]},"properties":{"brand":"Flock Safety"}},{"type":"Feature","geometry":{"type":"Point","coordinates":[-84.234076,34.032379]},"properties":{"brand":"Flock Safety"}},{"type":"Feature","geometry":{"type":"Point","coordinates":[-81.971065,33.46907]},"properties":{"brand":"Flock Safety"}},{"type":"Feature","geometry":{"type":"Point","coordinates":[-85.044059,33.593043]},"properties":{"brand":"Flock Safety"}},{"type":"Feature","geometry":{"type":"Point","coordinates":[-80.938589,33.69824]},"properties":{"brand":"Flock Safety"}},{"type":"Feature","geometry":{"type":"Point","coordinates":[-82.083189,33.507429]},"properties":{"brand":"Flock Safety"}},{"type":"Feature","geometry":{"type":"Point","coordinates":[-82.083562,33.507422]},"properties":{"brand":"Flock Safety"}},{"type":"Feature","geometry":{"type":"Point","coordinates":[-82.083362,33.502261]},"properties":{"brand":"Flock Safety"}},{"type":"Feature","geometry":{"type":"Point","coordinates":[-82.08127,33.498504]},"properties":{"brand":"Flock Safety"}},{"type":"Feature","geometry":{"type":"Point","coordinates":[-82.06834,33.497542]},"properties":{"brand":"Flock Safety"}},{"type":"Feature","geometry":{"type":"Point","coordinates":[-84.030631,33.844042]},"properties":{"brand":"Flock Safety"}},{"type":"Feature","geometry":{"type":"Point","coordinates":[-84.030499,33.843635]},"properties":{"brand":"Flock Safety"}},{"type":"Feature","geometry":{"type":"Point","coordinates":[-84.069472,33.836765]},"properties":{"brand":"Flock Safety"}},{"type":"Feature","geometry":{"type":"Point","coordinates":[-84.072947,33.836187]},"properties":{"brand":"Flock Safety"}},{"type":"Feature","geometry":{"type":"Point","coordinates":[-84.087725,33.831988]},"properties":{"brand":"Flock Safety"}},{"type":"Feature","geometry":{"type":"Point","coordinates":[-84.112292,33.823705]},"properties":{"brand":"Flock Safety"}},{"type":"Feature","geometry":{"type":"Point","coordinates":[-84.109684,33.824805]},"properties":{"brand":"Flock Safety"}},{"type":"Feature","geometry":{"type":"Point","coordinates":[-84.107223,33.824362]},"properties":{"brand":"Flock Safety"}},{"type":"Feature","geometry":{"type":"Point","coordinates":[-83.987434,33.949565]},"properties":{"brand":"Flock Safety"}},{"type":"Feature","geometry":{"type":"Point","coordinates":[-82.086202,33.471798]},"properties":{"brand":"Flock Safety"}},{"type":"Feature","geometry":{"type":"Point","coordinates":[-84.352603,33.901751]},"properties":{"brand":"Flock Safety"}},{"type":"Feature","geometry":{"type":"Point","coordinates":[-82.62561,34.817264]},"properties":{"brand":"Flock Safety"}},{"type":"Feature","geometry":{"type":"Point","coordinates":[-82.577206,34.824031]},"properties":{"brand":"Flock Safety"}},{"type":"Feature","geometry":{"type":"Point","coordinates":[-82.625608,34.817255]},"properties":{"brand":"Flock Safety"}},{"type":"Feature","geometry":{"type":"Point","coordinates":[-84.908367,32.518483]},"properties":{"brand":"Flock Safety"}},{"type":"Feature","geometry":{"type":"Point","coordinates":[-81.98494,33.467651]},"properties":{"brand":"Flock Safety"}},{"type":"Feature","geometry":{"type":"Point","coordinates":[-84.427077,33.804587]},"properties":{"brand":"Flock Safety"}},{"type":"Feature","geometry":{"type":"Point","coordinates":[-84.430941,33.802486]},"properties":{"brand":"Flock Safety"}},{"type":"Feature","geometry":{"type":"Point","coordinates":[-81.090344,33.838785]},"properties":{"brand":"Flock Safety"}},{"type":"Feature","geometry":{"type":"Point","coordinates":[-81.092887,33.837731]},"properties":{"brand":"Flock Safety"}},{"type":"Feature","geometry":{"type":"Point","coordinates":[-81.09621,33.838007]},"properties":{"brand":"Flock Safety"}},{"type":"Feature","geometry":{"type":"Point","coordinates":[-84.517665,33.894364]},"properties":{"brand":"Flock Safety"}},{"type":"Feature","geometry":{"type":"Point","coordinates":[-85.056522,33.607139]},"properties":{"brand":"Flock Safety"}},{"type":"Feature","geometry":{"type":"Point","coordinates":[-83.479497,33.86799]},"properties":{"brand":"Flock Safety"}},{"type":"Feature","geometry":{"type":"Point","coordinates":[-83.479681,33.867965]},"properties":{"brand":"Flock Safety"}},{"type":"Feature","geometry":{"type":"Point","coordinates":[-83.481225,33.866089]},"properties":{"brand":"Flock Safety"}},{"type":"Feature","geometry":{"type":"Point","coordinates":[-83.481403,33.865538]},"properties":{"brand":"Flock Safety"}},{"type":"Feature","geometry":{"type":"Point","coordinates":[-84.433782,33.805205]},"properties":{"brand":"Flock Safety"}},{"type":"Feature","geometry":{"type":"Point","coordinates":[-84.429613,33.806416]},"properties":{"brand":"Flock Safety"}},{"type":"Feature","geometry":{"type":"Point","coordinates":[-84.636906,33.925766]},"properties":{"brand":"Flock Safety"}},{"type":"Feature","geometry":{"type":"Point","coordinates":[-83.8455,33.988102]},"properties":{"brand":"Flock Safety"}},{"type":"Feature","geometry":{"type":"Point","coordinates":[-82.502557,33.512722]},"properties":{"brand":"Flock Safety"}},{"type":"Feature","geometry":{"type":"Point","coordinates":[-82.502566,33.510414]},"properties":{"brand":"Flock Safety"}},{"type":"Feature","geometry":{"type":"Point","coordinates":[-85.356796,33.747907]},"properties":{"brand":"Flock Safety"}},{"type":"Feature","geometry":{"type":"Point","coordinates":[-84.830151,33.921213]},"properties":{"brand":"Flock Safety"}},{"type":"Feature","geometry":{"type":"Point","coordinates":[-82.235642,34.949036]},"properties":{"brand":"Flock Safety"}},{"type":"Feature","geometry":{"type":"Point","coordinates":[-82.168335,34.954857]},"properties":{"brand":"Flock Safety"}},{"type":"Feature","geometry":{"type":"Point","coordinates":[-82.164001,34.955745]},"properties":{"brand":"Flock Safety"}},{"type":"Feature","geometry":{"type":"Point","coordinates":[-82.036882,33.451488]},"properties":{"brand":"Flock Safety"}},{"type":"Feature","geometry":{"type":"Point","coordinates":[-82.042891,33.456258]},"properties":{"brand":"Flock Safety"}},{"type":"Feature","geometry":{"type":"Point","coordinates":[-82.042887,33.456677]},"properties":{"brand":"Flock Safety"}},{"type":"Feature","geometry":{"type":"Point","coordinates":[-84.41744,33.746611]},"properties":{"brand":"Flock Safety"}},{"type":"Feature","geometry":{"type":"Point","coordinates":[-81.978805,33.471617]},"properties":{"brand":"Flock Safety"}},{"type":"Feature","geometry":{"type":"Point","coordinates":[-84.325441,33.7887]},"properties":{"brand":"Flock Safety"}},{"type":"Feature","geometry":{"type":"Point","coordinates":[-81.986949,33.468628]},"properties":{"brand":"Flock Safety"}},{"type":"Feature","geometry":{"type":"Point","coordinates":[-82.03194,33.469177]},"properties":{"brand":"Flock Safety"}},{"type":"Feature","geometry":{"type":"Point","coordinates":[-84.38421,33.754557]},"properties":{"brand":"Flock Safety"}},{"type":"Feature","geometry":{"type":"Point","coordinates":[-84.290813,32.919524]},"properties":{"brand":"Flock Safety"}},{"type":"Feature","geometry":{"type":"Point","coordinates":[-84.73801,33.379789]},"properties":{"brand":"Flock Safety"}},{"type":"Feature","geometry":{"type":"Point","coordinates":[-83.776862,34.043424]},"properties":{"brand":"Flock Safety"}},{"type":"Feature","geometry":{"type":"Point","coordinates":[-85.395187,34.266411]},"properties":{"brand":"Flock Safety"}},{"type":"Feature","geometry":{"type":"Point","coordinates":[-84.754124,33.893485]},"properties":{"brand":"Flock Safety"}},{"type":"Feature","geometry":{"type":"Point","coordinates":[-82.024297,33.102714]},"properties":{"brand":"Flock Safety"}},{"type":"Feature","geometry":{"type":"Point","coordinates":[-82.026031,33.086517]},"properties":{"brand":"Flock Safety"}},{"type":"Feature","geometry":{"type":"Point","coordinates":[-84.273528,34.291846]},"properties":{"brand":"Flock Safety"}},{"type":"Feature","geometry":{"type":"Point","coordinates":[-84.533316,34.102582]},"properties":{"brand":"Flock Safety"}},{"type":"Feature","geometry":{"type":"Point","coordinates":[-82.130578,33.378198]},"properties":{"brand":"Flock Safety"}},{"type":"Feature","geometry":{"type":"Point","coordinates":[-83.783722,33.928585]},"properties":{"brand":"Flock Safety"}},{"type":"Feature","geometry":{"type":"Point","coordinates":[-82.270575,34.860388]},"properties":{"brand":"Flock Safety"}},{"type":"Feature","geometry":{"type":"Point","coordinates":[-84.00444,33.907014]},"properties":{"brand":"Flock Safety"}},{"type":"Feature","geometry":{"type":"Point","coordinates":[-84.30299,33.758199]},"properties":{"brand":"Flock Safety"}},{"type":"Feature","geometry":{"type":"Point","coordinates":[-84.497934,33.815429]},"properties":{"brand":"Flock Safety"}},{"type":"Feature","geometry":{"type":"Point","coordinates":[-84.497746,33.815866]},"properties":{"brand":"Flock Safety"}},{"type":"Feature","geometry":{"type":"Point","coordinates":[-84.4973,33.816731]},"properties":{"brand":"Flock Safety"}},{"type":"Feature","geometry":{"type":"Point","coordinates":[-84.496615,33.817825]},"properties":{"brand":"Flock Safety"}},{"type":"Feature","geometry":{"type":"Point","coordinates":[-84.477469,34.686983]},"properties":{"brand":"Flock Safety"}},{"type":"Feature","geometry":{"type":"Point","coordinates":[-84.535868,33.30371]},"properties":{"brand":"Flock Safety"}},{"type":"Feature","geometry":{"type":"Point","coordinates":[-84.539745,34.553471]},"properties":{"brand":"Flock Safety"}},{"type":"Feature","geometry":{"type":"Point","coordinates":[-84.471588,33.882522]},"properties":{"brand":"Flock Safety"}},{"type":"Feature","geometry":{"type":"Point","coordinates":[-82.03806,33.511553]},"properties":{"brand":"Flock Safety"}},{"type":"Feature","geometry":{"type":"Point","coordinates":[-82.042189,33.510292]},"properties":{"brand":"Flock Safety"}},{"type":"Feature","geometry":{"type":"Point","coordinates":[-82.053359,33.505306]},"properties":{"brand":"Flock Safety"}},{"type":"Feature","geometry":{"type":"Point","coordinates":[-81.989507,33.427411]},"properties":{"brand":"Flock Safety"}},{"type":"Feature","geometry":{"type":"Point","coordinates":[-81.980762,33.441866]},"properties":{"brand":"Flock Safety"}},{"type":"Feature","geometry":{"type":"Point","coordinates":[-81.969779,33.461758]},"properties":{"brand":"Flock Safety"}},{"type":"Feature","geometry":{"type":"Point","coordinates":[-82.052915,33.452237]},"properties":{"brand":"Flock Safety"}},{"type":"Feature","geometry":{"type":"Point","coordinates":[-84.73108,33.886612]},"properties":{"brand":"Flock Safety"}},{"type":"Feature","geometry":{"type":"Point","coordinates":[-84.461275,34.251307]},"properties":{"brand":"Flock Safety"}},{"type":"Feature","geometry":{"type":"Point","coordinates":[-84.461275,34.251307]},"properties":{"brand":"Flock Safety"}},{"type":"Feature","geometry":{"type":"Point","coordinates":[-84.472098,34.249693]},"properties":{"brand":"Flock Safety"}},{"type":"Feature","geometry":{"type":"Point","coordinates":[-85.148457,35.035827]},"properties":{"brand":"Flock Safety"}},{"type":"Feature","geometry":{"type":"Point","coordinates":[-85.147945,35.036875]},"properties":{"brand":"Flock Safety"}},{"type":"Feature","geometry":{"type":"Point","coordinates":[-84.057568,33.84314]},"properties":{"brand":"Flock Safety"}},{"type":"Feature","geometry":{"type":"Point","coordinates":[-81.174772,33.911999]},"properties":{"brand":"Flock Safety"}},{"type":"Feature","geometry":{"type":"Point","coordinates":[-81.161449,33.950062]},"properties":{"brand":"Flock Safety"}},{"type":"Feature","geometry":{"type":"Point","coordinates":[-81.164589,33.911012]},"properties":{"brand":"Flock Safety"}},{"type":"Feature","geometry":{"type":"Point","coordinates":[-81.1648,33.910832]},"properties":{"brand":"Flock Safety"}},{"type":"Feature","geometry":{"type":"Point","coordinates":[-81.174508,33.912014]},"properties":{"brand":"Flock Safety"}},{"type":"Feature","geometry":{"type":"Point","coordinates":[-84.059402,33.839321]},"properties":{"brand":"Flock Safety"}},{"type":"Feature","geometry":{"type":"Point","coordinates":[-84.059394,33.83968]},"properties":{"brand":"Flock Safety"}},{"type":"Feature","geometry":{"type":"Point","coordinates":[-81.956491,33.47382]},"properties":{"brand":"Flock Safety"}},{"type":"Feature","geometry":{"type":"Point","coordinates":[-81.955553,33.473888]},"properties":{"brand":"Flock Safety"}},{"type":"Feature","geometry":{"type":"Point","coordinates":[-82.015922,33.470649]},"properties":{"brand":"Flock Safety"}},{"type":"Feature","geometry":{"type":"Point","coordinates":[-82.031305,33.468891]},"properties":{"brand":"Flock Safety"}},{"type":"Feature","geometry":{"type":"Point","coordinates":[-84.235849,33.790495]},"properties":{"brand":"Flock Safety"}},{"type":"Feature","geometry":{"type":"Point","coordinates":[-84.233953,33.795709]},"properties":{"brand":"Flock Safety"}},{"type":"Feature","geometry":{"type":"Point","coordinates":[-84.235786,33.792183]},"properties":{"brand":"Flock Safety"}},{"type":"Feature","geometry":{"type":"Point","coordinates":[-84.236334,33.795153]},"properties":{"brand":"Flock Safety"}},{"type":"Feature","geometry":{"type":"Point","coordinates":[-84.230672,33.796328]},"properties":{"brand":"Flock Safety"}},{"type":"Feature","geometry":{"type":"Point","coordinates":[-84.230625,33.795942]},"properties":{"brand":"Flock Safety"}},{"type":"Feature","geometry":{"type":"Point","coordinates":[-84.226906,33.795557]},"properties":{"brand":"Flock Safety"}},{"type":"Feature","geometry":{"type":"Point","coordinates":[-84.229834,33.795829]},"properties":{"brand":"Flock Safety"}},{"type":"Feature","geometry":{"type":"Point","coordinates":[-84.227572,33.795758]},"properties":{"brand":"Flock Safety"}},{"type":"Feature","geometry":{"type":"Point","coordinates":[-84.228118,33.796504]},"properties":{"brand":"Flock Safety"}},{"type":"Feature","geometry":{"type":"Point","coordinates":[-84.013346,33.880706]},"properties":{"brand":"Flock Safety"}},{"type":"Feature","geometry":{"type":"Point","coordinates":[-84.011826,33.881109]},"properties":{"brand":"Flock Safety"}},{"type":"Feature","geometry":{"type":"Point","coordinates":[-84.220577,33.799763]},"properties":{"brand":"Flock Safety"}},{"type":"Feature","geometry":{"type":"Point","coordinates":[-81.98333,33.469007]},"properties":{"brand":"Flock Safety"}},{"type":"Feature","geometry":{"type":"Point","coordinates":[-84.270024,33.920377]},"properties":{"brand":"Flock Safety"}},{"type":"Feature","geometry":{"type":"Point","coordinates":[-83.395463,34.864495]},"properties":{"brand":"Flock Safety"}},{"type":"Feature","geometry":{"type":"Point","coordinates":[-82.408206,34.823226]},"properties":{"brand":"Flock Safety"}},{"type":"Feature","geometry":{"type":"Point","coordinates":[-84.337686,33.781728]},"properties":{"brand":"Flock Safety"}},{"type":"Feature","geometry":{"type":"Point","coordinates":[-84.321812,33.795289]},"properties":{"brand":"Flock Safety"}},{"type":"Feature","geometry":{"type":"Point","coordinates":[-84.128886,34.175345]},"properties":{"brand":"Flock Safety"}},{"type":"Feature","geometry":{"type":"Point","coordinates":[-84.128894,34.17389]},"properties":{"brand":"Flock Safety"}},{"type":"Feature","geometry":{"type":"Point","coordinates":[-84.231163,33.81977]},"properties":{"brand":"Flock Safety"}},{"type":"Feature","geometry":{"type":"Point","coordinates":[-84.231292,33.820424]},"properties":{"brand":"Flock Safety"}},{"type":"Feature","geometry":{"type":"Point","coordinates":[-84.231114,33.820517]},"properties":{"brand":"Flock Safety"}},{"type":"Feature","geometry":{"type":"Point","coordinates":[-84.231507,33.820368]},"properties":{"brand":"Flock Safety"}},{"type":"Feature","geometry":{"type":"Point","coordinates":[-84.231749,33.822148]},"properties":{"brand":"Flock Safety"}},{"type":"Feature","geometry":{"type":"Point","coordinates":[-84.23205,33.822167]},"properties":{"brand":"Flock Safety"}},{"type":"Feature","geometry":{"type":"Point","coordinates":[-84.23275,33.823989]},"properties":{"brand":"Flock Safety"}},{"type":"Feature","geometry":{"type":"Point","coordinates":[-84.231512,33.822287]},"properties":{"brand":"Flock Safety"}},{"type":"Feature","geometry":{"type":"Point","coordinates":[-84.227254,33.81902]},"properties":{"brand":"Flock Safety"}},{"type":"Feature","geometry":{"type":"Point","coordinates":[-84.211001,33.818072]},"properties":{"brand":"Flock Safety"}},{"type":"Feature","geometry":{"type":"Point","coordinates":[-84.206373,33.811484]},"properties":{"brand":"Flock Safety"}},{"type":"Feature","geometry":{"type":"Point","coordinates":[-84.205464,33.806727]},"properties":{"brand":"Flock Safety"}},{"type":"Feature","geometry":{"type":"Point","coordinates":[-85.072451,33.572736]},"properties":{"brand":"Flock Safety"}},{"type":"Feature","geometry":{"type":"Point","coordinates":[-84.781013,33.885219]},"properties":{"brand":"Flock Safety"}},{"type":"Feature","geometry":{"type":"Point","coordinates":[-84.038681,34.005094]},"properties":{"brand":"Flock Safety"}},{"type":"Feature","geometry":{"type":"Point","coordinates":[-84.193484,33.803084]},"properties":{"brand":"Flock Safety"}},{"type":"Feature","geometry":{"type":"Point","coordinates":[-82.335229,34.857766]},"properties":{"brand":"Flock Safety"}},{"type":"Feature","geometry":{"type":"Point","coordinates":[-80.825975,35.008682]},"properties":{"brand":"Flock Safety"}},{"type":"Feature","geometry":{"type":"Point","coordinates":[-84.353557,33.891043]},"properties":{"brand":"Flock Safety"}},{"type":"Feature","geometry":{"type":"Point","coordinates":[-82.005987,33.316381]},"properties":{"brand":"Flock Safety"}},{"type":"Feature","geometry":{"type":"Point","coordinates":[-82.006014,33.316556]},"properties":{"brand":"Flock Safety"}},{"type":"Feature","geometry":{"type":"Point","coordinates":[-84.139402,33.87406]},"properties":{"brand":"Flock Safety"}},{"type":"Feature","geometry":{"type":"Point","coordinates":[-84.214429,33.853197]},"properties":{"brand":"Flock Safety"}},{"type":"Feature","geometry":{"type":"Point","coordinates":[-84.217818,33.856679]},"properties":{"brand":"Flock Safety"}},{"type":"Feature","geometry":{"type":"Point","coordinates":[-84.219254,33.88512]},"properties":{"brand":"Flock Safety"}},{"type":"Feature","geometry":{"type":"Point","coordinates":[-84.218522,33.88579]},"properties":{"brand":"Flock Safety"}},{"type":"Feature","geometry":{"type":"Point","coordinates":[-84.217943,33.853872]},"properties":{"brand":"Flock Safety"}},{"type":"Feature","geometry":{"type":"Point","coordinates":[-84.213698,33.85175]},"properties":{"brand":"Flock Safety"}},{"type":"Feature","geometry":{"type":"Point","coordinates":[-82.085771,33.34215]},"properties":{"brand":"Flock Safety"}},{"type":"Feature","geometry":{"type":"Point","coordinates":[-81.992379,33.475389]},"properties":{"brand":"Flock Safety"}},{"type":"Feature","geometry":{"type":"Point","coordinates":[-82.100089,33.38695]},"properties":{"brand":"Flock Safety"}},{"type":"Feature","geometry":{"type":"Point","coordinates":[-81.997402,33.476168]},"properties":{"brand":"Flock Safety"}},{"type":"Feature","geometry":{"type":"Point","coordinates":[-85.310525,34.920345]},"properties":{"brand":"Flock Safety"}},{"type":"Feature","geometry":{"type":"Point","coordinates":[-85.489139,32.603562]},"properties":{"brand":""}},{"type":"Feature","geometry":{"type":"Point","coordinates":[-84.13997,33.858874]},"properties":{"brand":"Flock Safety"}},{"type":"Feature","geometry":{"type":"Point","coordinates":[-84.601262,34.76998]},"properties":{"brand":"Flock Safety"}},{"type":"Feature","geometry":{"type":"Point","coordinates":[-83.833291,33.581014]},"properties":{"brand":"Flock Safety"}},{"type":"Feature","geometry":{"type":"Point","coordinates":[-83.831657,33.581407]},"properties":{"brand":"Flock Safety"}},{"type":"Feature","geometry":{"type":"Point","coordinates":[-84.601007,33.768675]},"properties":{"brand":"Flock Safety"}},{"type":"Feature","geometry":{"type":"Point","coordinates":[-84.601381,33.768238]},"properties":{"brand":"Flock Safety"}},{"type":"Feature","geometry":{"type":"Point","coordinates":[-84.668312,33.776355]},"properties":{"brand":"Flock Safety"}},{"type":"Feature","geometry":{"type":"Point","coordinates":[-84.668084,33.778657]},"properties":{"brand":"Flock Safety"}},{"type":"Feature","geometry":{"type":"Point","coordinates":[-84.752167,33.780607]},"properties":{"brand":"Flock Safety"}},{"type":"Feature","geometry":{"type":"Point","coordinates":[-84.527738,33.960637]},"properties":{"brand":"Flock Safety"}},{"type":"Feature","geometry":{"type":"Point","coordinates":[-84.333683,33.803523]},"properties":{"brand":"Flock Safety"}},{"type":"Feature","geometry":{"type":"Point","coordinates":[-82.195257,33.443178]},"properties":{"brand":"Flock Safety"}},{"type":"Feature","geometry":{"type":"Point","coordinates":[-84.684038,33.880741]},"properties":{"brand":"Flock Safety"}},{"type":"Feature","geometry":{"type":"Point","coordinates":[-84.686995,33.887925]},"properties":{"brand":"Flock Safety"}},{"type":"Feature","geometry":{"type":"Point","coordinates":[-84.676465,33.882598]},"properties":{"brand":"Flock Safety"}},{"type":"Feature","geometry":{"type":"Point","coordinates":[-84.712248,33.938173]},"properties":{"brand":"Flock Safety"}},{"type":"Feature","geometry":{"type":"Point","coordinates":[-84.685243,33.871174]},"properties":{"brand":"Flock Safety"}},{"type":"Feature","geometry":{"type":"Point","coordinates":[-84.722479,33.922825]},"properties":{"brand":"Flock Safety"}},{"type":"Feature","geometry":{"type":"Point","coordinates":[-84.722631,33.920944]},"properties":{"brand":"Flock Safety"}},{"type":"Feature","geometry":{"type":"Point","coordinates":[-83.729036,34.91895]},"properties":{"brand":"Flock Safety"}},{"type":"Feature","geometry":{"type":"Point","coordinates":[-83.754384,34.987381]},"properties":{"brand":"Flock Safety"}},{"type":"Feature","geometry":{"type":"Point","coordinates":[-84.371771,33.799595]},"properties":{"brand":"Flock Safety"}},{"type":"Feature","geometry":{"type":"Point","coordinates":[-84.372568,33.799376]},"properties":{"brand":"Flock Safety"}},{"type":"Feature","geometry":{"type":"Point","coordinates":[-83.823656,34.120023]},"properties":{"brand":"Flock Safety"}},{"type":"Feature","geometry":{"type":"Point","coordinates":[-83.825479,34.123812]},"properties":{"brand":"Flock Safety"}},{"type":"Feature","geometry":{"type":"Point","coordinates":[-83.823659,34.120022]},"properties":{"brand":"Flock Safety"}},{"type":"Feature","geometry":{"type":"Point","coordinates":[-83.825566,34.124492]},"properties":{"brand":"Flock Safety"}},{"type":"Feature","geometry":{"type":"Point","coordinates":[-83.638643,32.505802]},"properties":{"brand":"Flock Safety"}},{"type":"Feature","geometry":{"type":"Point","coordinates":[-83.638748,32.504289]},"properties":{"brand":"Flock Safety"}},{"type":"Feature","geometry":{"type":"Point","coordinates":[-83.662956,32.507554]},"properties":{"brand":"Flock Safety"}},{"type":"Feature","geometry":{"type":"Point","coordinates":[-81.979136,33.470587]},"properties":{"brand":"Flock Safety"}},{"type":"Feature","geometry":{"type":"Point","coordinates":[-82.017226,33.467567]},"properties":{"brand":"Flock Safety"}},{"type":"Feature","geometry":{"type":"Point","coordinates":[-82.017281,33.467328]},"properties":{"brand":"Flock Safety"}},{"type":"Feature","geometry":{"type":"Point","coordinates":[-81.984265,33.481348]},"properties":{"brand":"Flock Safety"}},{"type":"Feature","geometry":{"type":"Point","coordinates":[-82.005662,33.489146]},"properties":{"brand":"Flock Safety"}},{"type":"Feature","geometry":{"type":"Point","coordinates":[-82.00562,33.489029]},"properties":{"brand":"Flock Safety"}},{"type":"Feature","geometry":{"type":"Point","coordinates":[-81.996072,33.485314]},"properties":{"brand":"Flock Safety"}},{"type":"Feature","geometry":{"type":"Point","coordinates":[-84.348944,33.918625]},"properties":{"brand":"Flock Safety"}},{"type":"Feature","geometry":{"type":"Point","coordinates":[-84.310178,33.715276]},"properties":{"brand":"Flock Safety"}},{"type":"Feature","geometry":{"type":"Point","coordinates":[-81.975488,33.478587]},"properties":{"brand":"Flock Safety"}},{"type":"Feature","geometry":{"type":"Point","coordinates":[-81.981137,33.469761]},"properties":{"brand":"Flock Safety"}},{"type":"Feature","geometry":{"type":"Point","coordinates":[-81.983451,33.469056]},"properties":{"brand":"Flock Safety"}},{"type":"Feature","geometry":{"type":"Point","coordinates":[-81.991118,33.466018]},"properties":{"brand":"Leonardo"}},{"type":"Feature","geometry":{"type":"Point","coordinates":[-84.415377,33.755233]},"properties":{"brand":"Flock Safety"}},{"type":"Feature","geometry":{"type":"Point","coordinates":[-83.645755,32.59411]},"properties":{"brand":"Flock Safety"}},{"type":"Feature","geometry":{"type":"Point","coordinates":[-81.955906,34.535661]},"properties":{"brand":"Flock Safety"}},{"type":"Feature","geometry":{"type":"Point","coordinates":[-82.046188,33.446836]},"properties":{"brand":"Flock Safety"}},{"type":"Feature","geometry":{"type":"Point","coordinates":[-84.366962,33.793067]},"properties":{"brand":"Flock Safety"}},{"type":"Feature","geometry":{"type":"Point","coordinates":[-83.428004,33.869778]},"properties":{"brand":"Flock Safety"}},{"type":"Feature","geometry":{"type":"Point","coordinates":[-82.801846,34.697558]},"properties":{"brand":"Flock Safety"}},{"type":"Feature","geometry":{"type":"Point","coordinates":[-84.27413,33.901263]},"properties":{"brand":"Flock Safety"}},{"type":"Feature","geometry":{"type":"Point","coordinates":[-84.27309,33.900466]},"properties":{"brand":"Flock Safety"}},{"type":"Feature","geometry":{"type":"Point","coordinates":[-82.088264,33.411963]},"properties":{"brand":"Flock Safety"}},{"type":"Feature","geometry":{"type":"Point","coordinates":[-82.078298,33.417376]},"properties":{"brand":"Flock Safety"}},{"type":"Feature","geometry":{"type":"Point","coordinates":[-84.314808,33.845649]},"properties":{"brand":"Flock Safety"}},{"type":"Feature","geometry":{"type":"Point","coordinates":[-84.306789,33.844978]},"properties":{"brand":"Flock Safety"}},{"type":"Feature","geometry":{"type":"Point","coordinates":[-83.356674,33.966282]},"properties":{"brand":"Flock Safety"}},{"type":"Feature","geometry":{"type":"Point","coordinates":[-82.679171,34.535583]},"properties":{"brand":"Flock Safety"}},{"type":"Feature","geometry":{"type":"Point","coordinates":[-82.132234,33.440606]},"properties":{"brand":"Flock Safety"}},{"type":"Feature","geometry":{"type":"Point","coordinates":[-83.817694,34.050756]},"properties":{"brand":"Flock Safety"}},{"type":"Feature","geometry":{"type":"Point","coordinates":[-84.225825,33.509614]},"properties":{"brand":"Flock Safety"}},{"type":"Feature","geometry":{"type":"Point","coordinates":[-84.225997,33.509543]},"properties":{"brand":"Flock Safety"}},{"type":"Feature","geometry":{"type":"Point","coordinates":[-84.229003,33.511586]},"properties":{"brand":"Flock Safety"}},{"type":"Feature","geometry":{"type":"Point","coordinates":[-84.228865,33.511759]},"properties":{"brand":"Flock Safety"}},{"type":"Feature","geometry":{"type":"Point","coordinates":[-84.227261,33.508659]},"properties":{"brand":"Flock Safety"}},{"type":"Feature","geometry":{"type":"Point","coordinates":[-84.22749,33.508706]},"properties":{"brand":"Flock Safety"}},{"type":"Feature","geometry":{"type":"Point","coordinates":[-84.363246,34.019269]},"properties":{"brand":"Flock Safety"}},{"type":"Feature","geometry":{"type":"Point","coordinates":[-84.384045,33.762315]},"properties":{"brand":"Genetec"}},{"type":"Feature","geometry":{"type":"Point","coordinates":[-82.058764,33.470093]},"properties":{"brand":"Leonardo"}},{"type":"Feature","geometry":{"type":"Point","coordinates":[-81.122953,34.068903]},"properties":{"brand":"Flock Safety"}},{"type":"Feature","geometry":{"type":"Point","coordinates":[-84.002044,33.681942]},"properties":{"brand":"Flock Safety"}},{"type":"Feature","geometry":{"type":"Point","coordinates":[-83.867398,33.610459]},"properties":{"brand":"Flock Safety"}},{"type":"Feature","geometry":{"type":"Point","coordinates":[-83.867544,33.610382]},"properties":{"brand":"Flock Safety"}},{"type":"Feature","geometry":{"type":"Point","coordinates":[-81.990897,33.464916]},"properties":{"brand":"Flock Safety"}},{"type":"Feature","geometry":{"type":"Point","coordinates":[-81.981361,33.470124]},"properties":{"brand":"Flock Safety"}},{"type":"Feature","geometry":{"type":"Point","coordinates":[-84.002232,33.681907]},"properties":{"brand":"Flock Safety"}},{"type":"Feature","geometry":{"type":"Point","coordinates":[-85.504765,32.557105]},"properties":{"brand":"Flock Safety"}},{"type":"Feature","geometry":{"type":"Point","coordinates":[-81.974549,33.47616]},"properties":{"brand":"Flock Safety"}},{"type":"Feature","geometry":{"type":"Point","coordinates":[-82.022795,33.478207]},"properties":{"brand":"Leonardo"}},{"type":"Feature","geometry":{"type":"Point","coordinates":[-82.030007,33.485133]},"properties":{"brand":"Flock Safety"}},{"type":"Feature","geometry":{"type":"Point","coordinates":[-82.028948,33.508689]},"properties":{"brand":"Flock Safety"}},{"type":"Feature","geometry":{"type":"Point","coordinates":[-84.001117,33.679853]},"properties":{"brand":"Flock Safety"}},{"type":"Feature","geometry":{"type":"Point","coordinates":[-84.001028,33.680232]},"properties":{"brand":"Flock Safety"}},{"type":"Feature","geometry":{"type":"Point","coordinates":[-84.000121,33.680039]},"properties":{"brand":"Flock Safety"}},{"type":"Feature","geometry":{"type":"Point","coordinates":[-83.999975,33.68035]},"properties":{"brand":"Flock Safety"}},{"type":"Feature","geometry":{"type":"Point","coordinates":[-84.000066,33.68057]},"properties":{"brand":"Flock Safety"}},{"type":"Feature","geometry":{"type":"Point","coordinates":[-84.391935,33.771207]},"properties":{"brand":"Genetec"}},{"type":"Feature","geometry":{"type":"Point","coordinates":[-84.395949,33.771289]},"properties":{"brand":"Genetec"}},{"type":"Feature","geometry":{"type":"Point","coordinates":[-84.393713,33.776823]},"properties":{"brand":"Genetec"}},{"type":"Feature","geometry":{"type":"Point","coordinates":[-84.391993,33.776966]},"properties":{"brand":"Genetec"}},{"type":"Feature","geometry":{"type":"Point","coordinates":[-84.381896,33.772622]},"properties":{"brand":"Flock Safety"}},{"type":"Feature","geometry":{"type":"Point","coordinates":[-84.382004,33.771391]},"properties":{"brand":"Axon Enterprise"}},{"type":"Feature","geometry":{"type":"Point","coordinates":[-84.381817,33.771411]},"properties":{"brand":"Genetec"}},{"type":"Feature","geometry":{"type":"Point","coordinates":[-84.001801,33.67994]},"properties":{"brand":"Flock Safety"}},{"type":"Feature","geometry":{"type":"Point","coordinates":[-84.002186,33.679993]},"properties":{"brand":"Flock Safety"}},{"type":"Feature","geometry":{"type":"Point","coordinates":[-83.986341,33.668558]},"properties":{"brand":"Flock Safety"}},{"type":"Feature","geometry":{"type":"Point","coordinates":[-83.969525,33.640797]},"properties":{"brand":"Flock Safety"}},{"type":"Feature","geometry":{"type":"Point","coordinates":[-81.10864,34.039406]},"properties":{"brand":"Flock Safety"}},{"type":"Feature","geometry":{"type":"Point","coordinates":[-81.109024,34.041697]},"properties":{"brand":"Flock Safety"}},{"type":"Feature","geometry":{"type":"Point","coordinates":[-81.106832,34.044854]},"properties":{"brand":"Flock Safety"}},{"type":"Feature","geometry":{"type":"Point","coordinates":[-81.104124,34.043256]},"properties":{"brand":"Flock Safety"}},{"type":"Feature","geometry":{"type":"Point","coordinates":[-84.002822,33.679787]},"properties":{"brand":"Flock Safety"}},{"type":"Feature","geometry":{"type":"Point","coordinates":[-84.002926,33.679951]},"properties":{"brand":"Flock Safety"}},{"type":"Feature","geometry":{"type":"Point","coordinates":[-84.003649,33.680267]},"properties":{"brand":"Flock Safety"}},{"type":"Feature","geometry":{"type":"Point","coordinates":[-84.003305,33.68037]},"properties":{"brand":"Flock Safety"}},{"type":"Feature","geometry":{"type":"Point","coordinates":[-83.871998,33.564741]},"properties":{"brand":"Flock Safety"}},{"type":"Feature","geometry":{"type":"Point","coordinates":[-83.87153,33.565694]},"properties":{"brand":"Flock Safety"}},{"type":"Feature","geometry":{"type":"Point","coordinates":[-83.875379,33.605476]},"properties":{"brand":"Flock Safety"}},{"type":"Feature","geometry":{"type":"Point","coordinates":[-84.244713,33.845097]},"properties":{"brand":"Flock Safety"}},{"type":"Feature","geometry":{"type":"Point","coordinates":[-84.367394,33.795243]},"properties":{"brand":"Flock Safety"}},{"type":"Feature","geometry":{"type":"Point","coordinates":[-84.042508,33.859676]},"properties":{"brand":"Flock Safety"}},{"type":"Feature","geometry":{"type":"Point","coordinates":[-83.860744,33.527448]},"properties":{"brand":"Flock Safety"}},{"type":"Feature","geometry":{"type":"Point","coordinates":[-82.400833,34.853867]},"properties":{"brand":"Flock Safety"}},{"type":"Feature","geometry":{"type":"Point","coordinates":[-85.235874,34.272938]},"properties":{"brand":"Flock Safety"}},{"type":"Feature","geometry":{"type":"Point","coordinates":[-80.881939,34.185889]},"properties":{"brand":"Flock Safety"}},{"type":"Feature","geometry":{"type":"Point","coordinates":[-84.323074,33.797612]},"properties":{"brand":"Flock Safety"}},{"type":"Feature","geometry":{"type":"Point","coordinates":[-80.804227,35.017262]},"properties":{"brand":"Flock Safety"}},{"type":"Feature","geometry":{"type":"Point","coordinates":[-83.665454,33.627721]},"properties":{"brand":"Flock Safety"}},{"type":"Feature","geometry":{"type":"Point","coordinates":[-84.341756,33.771269]},"properties":{"brand":"Flock Safety"}},{"type":"Feature","geometry":{"type":"Point","coordinates":[-83.658118,33.62609]},"properties":{"brand":"Flock Safety"}},{"type":"Feature","geometry":{"type":"Point","coordinates":[-83.518762,33.73255]},"properties":{"brand":"Flock Safety"}},{"type":"Feature","geometry":{"type":"Point","coordinates":[-82.642103,34.490317]},"properties":{"brand":"Flock Safety"}},{"type":"Feature","geometry":{"type":"Point","coordinates":[-82.644462,34.50031]},"properties":{"brand":"Flock Safety"}},{"type":"Feature","geometry":{"type":"Point","coordinates":[-85.333815,34.983034]},"properties":{"brand":"Flock Safety"}},{"type":"Feature","geometry":{"type":"Point","coordinates":[-84.38945,33.86197]},"properties":{"brand":"Flock Safety"}},{"type":"Feature","geometry":{"type":"Point","coordinates":[-84.613103,33.492474]},"properties":{"brand":"Flock Safety"}},{"type":"Feature","geometry":{"type":"Point","coordinates":[-83.77683,33.926571]},"properties":{"brand":"Flock Safety"}},{"type":"Feature","geometry":{"type":"Point","coordinates":[-84.311013,33.764982]},"properties":{"brand":"Flock Safety"}},{"type":"Feature","geometry":{"type":"Point","coordinates":[-84.042428,33.859936]},"properties":{"brand":"Flock Safety"}},{"type":"Feature","geometry":{"type":"Point","coordinates":[-84.050178,33.901673]},"properties":{"brand":"Flock Safety"}},{"type":"Feature","geometry":{"type":"Point","coordinates":[-84.413901,33.899533]},"properties":{"brand":"Flock Safety"}},{"type":"Feature","geometry":{"type":"Point","coordinates":[-84.289055,34.001946]},"properties":{"brand":"Flock Safety"}},{"type":"Feature","geometry":{"type":"Point","coordinates":[-84.289105,34.001655]},"properties":{"brand":"Flock Safety"}},{"type":"Feature","geometry":{"type":"Point","coordinates":[-84.289355,34.001727]},"properties":{"brand":"Flock Safety"}},{"type":"Feature","geometry":{"type":"Point","coordinates":[-84.565059,33.367955]},"properties":{"brand":"Flock Safety"}},{"type":"Feature","geometry":{"type":"Point","coordinates":[-84.565059,33.367955]},"properties":{"brand":"Flock Safety"}},{"type":"Feature","geometry":{"type":"Point","coordinates":[-84.565059,33.367955]},"properties":{"brand":"Flock Safety"}},{"type":"Feature","geometry":{"type":"Point","coordinates":[-84.566546,33.370283]},"properties":{"brand":"Flock Safety"}},{"type":"Feature","geometry":{"type":"Point","coordinates":[-84.565059,33.367955]},"properties":{"brand":"Flock Safety"}},{"type":"Feature","geometry":{"type":"Point","coordinates":[-84.566546,33.370283]},"properties":{"brand":"Flock Safety"}},{"type":"Feature","geometry":{"type":"Point","coordinates":[-84.566546,33.370283]},"properties":{"brand":"Flock Safety"}},{"type":"Feature","geometry":{"type":"Point","coordinates":[-84.566546,33.370283]},"properties":{"brand":"Flock Safety"}},{"type":"Feature","geometry":{"type":"Point","coordinates":[-85.53745,32.540993]},"properties":{"brand":"Flock Safety"}},{"type":"Feature","geometry":{"type":"Point","coordinates":[-84.577082,33.919238]},"properties":{"brand":"Flock Safety"}},{"type":"Feature","geometry":{"type":"Point","coordinates":[-84.577518,33.921035]},"properties":{"brand":"Flock Safety"}},{"type":"Feature","geometry":{"type":"Point","coordinates":[-84.276325,34.116189]},"properties":{"brand":"Flock Safety"}},{"type":"Feature","geometry":{"type":"Point","coordinates":[-84.424665,34.025337]},"properties":{"brand":"Flock Safety"}},{"type":"Feature","geometry":{"type":"Point","coordinates":[-82.003841,33.398358]},"properties":{"brand":"Flock Safety"}},{"type":"Feature","geometry":{"type":"Point","coordinates":[-82.412551,34.857451]},"properties":{"brand":"Flock Safety"}},{"type":"Feature","geometry":{"type":"Point","coordinates":[-84.39906,33.582947]},"properties":{"brand":"Flock Safety"}},{"type":"Feature","geometry":{"type":"Point","coordinates":[-84.618256,34.022518]},"properties":{"brand":"Flock Safety"}},{"type":"Feature","geometry":{"type":"Point","coordinates":[-84.61794,34.024647]},"properties":{"brand":"Flock Safety"}},{"type":"Feature","geometry":{"type":"Point","coordinates":[-84.617437,34.024191]},"properties":{"brand":"Flock Safety"}},{"type":"Feature","geometry":{"type":"Point","coordinates":[-82.346567,34.830772]},"properties":{"brand":"Flock Safety"}},{"type":"Feature","geometry":{"type":"Point","coordinates":[-84.768717,34.020523]},"properties":{"brand":"Flock Safety"}},{"type":"Feature","geometry":{"type":"Point","coordinates":[-83.641577,32.616425]},"properties":{"brand":"Flock Safety"}},{"type":"Feature","geometry":{"type":"Point","coordinates":[-83.630747,32.618307]},"properties":{"brand":"Flock Safety"}},{"type":"Feature","geometry":{"type":"Point","coordinates":[-84.293164,33.348799]},"properties":{"brand":"Flock Safety"}},{"type":"Feature","geometry":{"type":"Point","coordinates":[-82.815107,34.586347]},"properties":{"brand":"Flock Safety"}},{"type":"Feature","geometry":{"type":"Point","coordinates":[-84.247363,33.683102]},"properties":{"brand":"Flock Safety"}},{"type":"Feature","geometry":{"type":"Point","coordinates":[-84.22747,33.680592]},"properties":{"brand":"Flock Safety"}},{"type":"Feature","geometry":{"type":"Point","coordinates":[-83.603354,32.593499]},"properties":{"brand":"Flock Safety"}},{"type":"Feature","geometry":{"type":"Point","coordinates":[-84.187546,33.677557]},"properties":{"brand":"Flock Safety"}},{"type":"Feature","geometry":{"type":"Point","coordinates":[-84.187414,33.677457]},"properties":{"brand":"Flock Safety"}},{"type":"Feature","geometry":{"type":"Point","coordinates":[-84.186015,33.676511]},"properties":{"brand":"Flock Safety"}},{"type":"Feature","geometry":{"type":"Point","coordinates":[-84.185866,33.676327]},"properties":{"brand":"Flock Safety"}},{"type":"Feature","geometry":{"type":"Point","coordinates":[-84.144175,33.673466]},"properties":{"brand":"Flock Safety"}},{"type":"Feature","geometry":{"type":"Point","coordinates":[-84.310961,33.910597]},"properties":{"brand":"Flock Safety"}},{"type":"Feature","geometry":{"type":"Point","coordinates":[-82.191118,33.587318]},"properties":{"brand":"Genetec"}},{"type":"Feature","geometry":{"type":"Point","coordinates":[-82.325399,34.837495]},"properties":{"brand":"Flock Safety"}},{"type":"Feature","geometry":{"type":"Point","coordinates":[-84.194791,33.730296]},"properties":{"brand":"Flock Safety"}},{"type":"Feature","geometry":{"type":"Point","coordinates":[-84.369049,33.947089]},"properties":{"brand":"Flock Safety"}},{"type":"Feature","geometry":{"type":"Point","coordinates":[-85.204934,34.990033]},"properties":{"brand":"Motorola Solutions"}},{"type":"Feature","geometry":{"type":"Point","coordinates":[-84.996144,33.333913]},"properties":{"brand":"Flock Safety"}},{"type":"Feature","geometry":{"type":"Point","coordinates":[-84.913469,33.353466]},"properties":{"brand":"Flock Safety"}},{"type":"Feature","geometry":{"type":"Point","coordinates":[-85.500794,32.583497]},"properties":{"brand":"Flock Safety"}},{"type":"Feature","geometry":{"type":"Point","coordinates":[-82.610901,34.504196]},"properties":{"brand":"Flock Safety"}},{"type":"Feature","geometry":{"type":"Point","coordinates":[-82.66187,34.510654]},"properties":{"brand":"Flock Safety"}},{"type":"Feature","geometry":{"type":"Point","coordinates":[-80.814815,34.991385]},"properties":{"brand":"Flock Safety"}},{"type":"Feature","geometry":{"type":"Point","coordinates":[-85.461304,32.532985]},"properties":{"brand":"Flock Safety"}},{"type":"Feature","geometry":{"type":"Point","coordinates":[-84.278205,33.887786]},"properties":{"brand":"Flock Safety"}},{"type":"Feature","geometry":{"type":"Point","coordinates":[-84.271394,33.882706]},"properties":{"brand":"Flock Safety"}},{"type":"Feature","geometry":{"type":"Point","coordinates":[-84.272582,33.885508]},"properties":{"brand":"Flock Safety"}},{"type":"Feature","geometry":{"type":"Point","coordinates":[-84.27659,33.895585]},"properties":{"brand":"Flock Safety"}},{"type":"Feature","geometry":{"type":"Point","coordinates":[-84.277167,33.900266]},"properties":{"brand":"Flock Safety"}},{"type":"Feature","geometry":{"type":"Point","coordinates":[-84.275718,33.901323]},"properties":{"brand":"Flock Safety"}},{"type":"Feature","geometry":{"type":"Point","coordinates":[-84.096623,34.027908]},"properties":{"brand":"Flock Safety"}},{"type":"Feature","geometry":{"type":"Point","coordinates":[-84.098174,34.032314]},"properties":{"brand":"Flock Safety"}},{"type":"Feature","geometry":{"type":"Point","coordinates":[-84.093925,34.029524]},"properties":{"brand":"Flock Safety"}},{"type":"Feature","geometry":{"type":"Point","coordinates":[-83.744018,32.612046]},"properties":{"brand":"Flock Safety"}},{"type":"Feature","geometry":{"type":"Point","coordinates":[-82.123965,34.935735]},"properties":{"brand":"Flock Safety"}},{"type":"Feature","geometry":{"type":"Point","coordinates":[-82.283039,34.933442]},"properties":{"brand":"Flock Safety"}},{"type":"Feature","geometry":{"type":"Point","coordinates":[-84.080584,33.834599]},"properties":{"brand":"Flock Safety"}},{"type":"Feature","geometry":{"type":"Point","coordinates":[-84.068824,33.838139]},"properties":{"brand":"Flock Safety"}},{"type":"Feature","geometry":{"type":"Point","coordinates":[-84.26806,33.754829]},"properties":{"brand":"Flock Safety"}},{"type":"Feature","geometry":{"type":"Point","coordinates":[-84.291678,33.74699]},"properties":{"brand":"Flock Safety"}},{"type":"Feature","geometry":{"type":"Point","coordinates":[-84.299149,33.770443]},"properties":{"brand":"Flock Safety"}},{"type":"Feature","geometry":{"type":"Point","coordinates":[-84.55239,33.855429]},"properties":{"brand":"Flock Safety"}},{"type":"Feature","geometry":{"type":"Point","coordinates":[-85.439483,32.604561]},"properties":{"brand":"Flock Safety"}},{"type":"Feature","geometry":{"type":"Point","coordinates":[-85.449161,32.608846]},"properties":{"brand":"Flock Safety"}},{"type":"Feature","geometry":{"type":"Point","coordinates":[-84.535957,33.386174]},"properties":{"brand":"Flock Safety"}},{"type":"Feature","geometry":{"type":"Point","coordinates":[-82.065798,33.46689]},"properties":{"brand":"Flock Safety"}},{"type":"Feature","geometry":{"type":"Point","coordinates":[-82.013064,33.438599]},"properties":{"brand":"Flock Safety"}},{"type":"Feature","geometry":{"type":"Point","coordinates":[-83.904003,33.326682]},"properties":{"brand":"Flock Safety"}},{"type":"Feature","geometry":{"type":"Point","coordinates":[-83.444503,34.17302]},"properties":{"brand":"Flock Safety"}},{"type":"Feature","geometry":{"type":"Point","coordinates":[-84.421974,33.809745]},"properties":{"brand":"Flock Safety"}},{"type":"Feature","geometry":{"type":"Point","coordinates":[-84.422068,33.80983]},"properties":{"brand":"Flock Safety"}},{"type":"Feature","geometry":{"type":"Point","coordinates":[-84.425637,33.811129]},"properties":{"brand":"Flock Safety"}},{"type":"Feature","geometry":{"type":"Point","coordinates":[-84.425469,33.811068]},"properties":{"brand":"Flock Safety"}},{"type":"Feature","geometry":{"type":"Point","coordinates":[-84.423662,33.810534]},"properties":{"brand":"Flock Safety"}},{"type":"Feature","geometry":{"type":"Point","coordinates":[-84.21804,34.040863]},"properties":{"brand":"Flock Safety"}},{"type":"Feature","geometry":{"type":"Point","coordinates":[-84.218176,34.040723]},"properties":{"brand":"Flock Safety"}},{"type":"Feature","geometry":{"type":"Point","coordinates":[-85.319527,35.017491]},"properties":{"brand":"Flock Safety"}},{"type":"Feature","geometry":{"type":"Point","coordinates":[-85.319839,35.017554]},"properties":{"brand":"Flock Safety"}},{"type":"Feature","geometry":{"type":"Point","coordinates":[-85.317714,35.016346]},"properties":{"brand":"Flock Safety"}},{"type":"Feature","geometry":{"type":"Point","coordinates":[-85.317733,35.016428]},"properties":{"brand":"Flock Safety"}},{"type":"Feature","geometry":{"type":"Point","coordinates":[-82.051564,33.452886]},"properties":{"brand":"Flock Safety"}},{"type":"Feature","geometry":{"type":"Point","coordinates":[-84.066396,34.31196]},"properties":{"brand":"Flock Safety"}},{"type":"Feature","geometry":{"type":"Point","coordinates":[-85.186914,35.044687]},"properties":{"brand":"Motorola Solutions"}},{"type":"Feature","geometry":{"type":"Point","coordinates":[-81.32626,34.177106]},"properties":{"brand":"Flock Safety"}},{"type":"Feature","geometry":{"type":"Point","coordinates":[-81.03326,34.02658]},"properties":{"brand":"Flock Safety"}},{"type":"Feature","geometry":{"type":"Point","coordinates":[-85.14797,35.036875]},"properties":{"brand":"Flock Safety"}},{"type":"Feature","geometry":{"type":"Point","coordinates":[-85.148483,35.035914]},"properties":{"brand":"Flock Safety"}},{"type":"Feature","geometry":{"type":"Point","coordinates":[-85.147361,35.034715]},"properties":{"brand":"Flock Safety"}},{"type":"Feature","geometry":{"type":"Point","coordinates":[-81.030225,34.026433]},"properties":{"brand":"Flock Safety"}},{"type":"Feature","geometry":{"type":"Point","coordinates":[-80.939508,33.959535]},"properties":{"brand":"Flock Safety"}},{"type":"Feature","geometry":{"type":"Point","coordinates":[-81.030307,34.029545]},"properties":{"brand":"Flock Safety"}},{"type":"Feature","geometry":{"type":"Point","coordinates":[-85.480717,32.533676]},"properties":{"brand":"Flock Safety"}},{"type":"Feature","geometry":{"type":"Point","coordinates":[-80.848265,33.503557]},"properties":{"brand":"Flock Safety"}},{"type":"Feature","geometry":{"type":"Point","coordinates":[-82.502595,35.021365]},"properties":{"brand":"Flock Safety"}},{"type":"Feature","geometry":{"type":"Point","coordinates":[-84.469445,33.883664]},"properties":{"brand":"Flock Safety"}},{"type":"Feature","geometry":{"type":"Point","coordinates":[-81.877883,34.466349]},"properties":{"brand":"Flock Safety"}},{"type":"Feature","geometry":{"type":"Point","coordinates":[-84.376422,33.837156]},"properties":{"brand":"Flock Safety"}},{"type":"Feature","geometry":{"type":"Point","coordinates":[-84.368869,33.838951]},"properties":{"brand":"Flock Safety"}},{"type":"Feature","geometry":{"type":"Point","coordinates":[-84.381589,33.836966]},"properties":{"brand":"Flock Safety"}},{"type":"Feature","geometry":{"type":"Point","coordinates":[-84.39206,33.772073]},"properties":{"brand":"Genetec"}},{"type":"Feature","geometry":{"type":"Point","coordinates":[-84.390734,33.772399]},"properties":{"brand":"Genetec"}},{"type":"Feature","geometry":{"type":"Point","coordinates":[-84.43181,33.848724]},"properties":{"brand":"Flock Safety"}},{"type":"Feature","geometry":{"type":"Point","coordinates":[-82.337259,34.852752]},"properties":{"brand":"Flock Safety"}},{"type":"Feature","geometry":{"type":"Point","coordinates":[-84.382567,33.853401]},"properties":{"brand":"Flock Safety"}},{"type":"Feature","geometry":{"type":"Point","coordinates":[-84.382809,33.85319]},"properties":{"brand":"Flock Safety"}},{"type":"Feature","geometry":{"type":"Point","coordinates":[-84.383026,33.854614]},"properties":{"brand":"Flock Safety"}},{"type":"Feature","geometry":{"type":"Point","coordinates":[-84.407484,33.794]},"properties":{"brand":"Genetec"}},{"type":"Feature","geometry":{"type":"Point","coordinates":[-84.380408,33.864916]},"properties":{"brand":"Flock Safety"}},{"type":"Feature","geometry":{"type":"Point","coordinates":[-84.381347,33.868706]},"properties":{"brand":"Flock Safety"}},{"type":"Feature","geometry":{"type":"Point","coordinates":[-84.407484,33.794]},"properties":{"brand":"Flock Safety"}},{"type":"Feature","geometry":{"type":"Point","coordinates":[-84.357961,33.854235]},"properties":{"brand":"Flock Safety"}},{"type":"Feature","geometry":{"type":"Point","coordinates":[-84.357866,33.87634]},"properties":{"brand":"Flock Safety"}},{"type":"Feature","geometry":{"type":"Point","coordinates":[-84.365066,33.852823]},"properties":{"brand":"Flock Safety"}},{"type":"Feature","geometry":{"type":"Point","coordinates":[-84.355042,33.883634]},"properties":{"brand":"Flock Safety"}},{"type":"Feature","geometry":{"type":"Point","coordinates":[-84.383397,33.832873]},"properties":{"brand":"Flock Safety"}},{"type":"Feature","geometry":{"type":"Point","coordinates":[-84.385113,33.831316]},"properties":{"brand":"Flock Safety"}},{"type":"Feature","geometry":{"type":"Point","coordinates":[-84.367369,33.827761]},"properties":{"brand":"Flock Safety"}},{"type":"Feature","geometry":{"type":"Point","coordinates":[-84.367022,33.827917]},"properties":{"brand":"Flock Safety"}},{"type":"Feature","geometry":{"type":"Point","coordinates":[-84.373842,33.812749]},"properties":{"brand":"Flock Safety"}},{"type":"Feature","geometry":{"type":"Point","coordinates":[-84.367073,33.805421]},"properties":{"brand":"Flock Safety"}},{"type":"Feature","geometry":{"type":"Point","coordinates":[-84.364501,33.808384]},"properties":{"brand":"Flock Safety"}},{"type":"Feature","geometry":{"type":"Point","coordinates":[-83.984961,34.529078]},"properties":{"brand":"Flock Safety"}},{"type":"Feature","geometry":{"type":"Point","coordinates":[-84.350966,33.96634]},"properties":{"brand":"Flock Safety"}},{"type":"Feature","geometry":{"type":"Point","coordinates":[-84.371289,33.944393]},"properties":{"brand":"Flock Safety"}},{"type":"Feature","geometry":{"type":"Point","coordinates":[-84.371289,33.944393]},"properties":{"brand":"Flock Safety"}},{"type":"Feature","geometry":{"type":"Point","coordinates":[-84.354695,33.96291]},"properties":{"brand":"Flock Safety"}},{"type":"Feature","geometry":{"type":"Point","coordinates":[-84.37047,33.945314]},"properties":{"brand":"Flock Safety"}},{"type":"Feature","geometry":{"type":"Point","coordinates":[-84.481462,33.18202]},"properties":{"brand":"Flock Safety"}},{"type":"Feature","geometry":{"type":"Point","coordinates":[-84.489153,33.256683]},"properties":{"brand":"Flock Safety"}},{"type":"Feature","geometry":{"type":"Point","coordinates":[-84.34564,33.920347]},"properties":{"brand":"Flock Safety"}},{"type":"Feature","geometry":{"type":"Point","coordinates":[-84.345289,33.920692]},"properties":{"brand":"Flock Safety"}},{"type":"Feature","geometry":{"type":"Point","coordinates":[-84.520747,33.950695]},"properties":{"brand":"Flock Safety"}},{"type":"Feature","geometry":{"type":"Point","coordinates":[-84.513328,33.950609]},"properties":{"brand":"Flock Safety"}},{"type":"Feature","geometry":{"type":"Point","coordinates":[-84.389629,33.797935]},"properties":{"brand":"Flock Safety"}},{"type":"Feature","geometry":{"type":"Point","coordinates":[-84.112264,33.823696]},"properties":{"brand":"Flock Safety"}},{"type":"Feature","geometry":{"type":"Point","coordinates":[-84.20215,33.835192]},"properties":{"brand":"Flock Safety"}},{"type":"Feature","geometry":{"type":"Point","coordinates":[-84.304463,33.784342]},"properties":{"brand":"Flock Safety"}},{"type":"Feature","geometry":{"type":"Point","coordinates":[-83.919164,33.777149]},"properties":{"brand":"Flock Safety"}},{"type":"Feature","geometry":{"type":"Point","coordinates":[-83.995693,34.053067]},"properties":{"brand":"Flock Safety"}},{"type":"Feature","geometry":{"type":"Point","coordinates":[-83.995765,34.053556]},"properties":{"brand":"Flock Safety"}},{"type":"Feature","geometry":{"type":"Point","coordinates":[-83.995503,34.05347]},"properties":{"brand":"Flock Safety"}},{"type":"Feature","geometry":{"type":"Point","coordinates":[-83.482661,33.945772]},"properties":{"brand":"Flock Safety"}},{"type":"Feature","geometry":{"type":"Point","coordinates":[-83.480663,33.945505]},"properties":{"brand":"Flock Safety"}},{"type":"Feature","geometry":{"type":"Point","coordinates":[-83.395675,33.963459]},"properties":{"brand":"Flock Safety"}},{"type":"Feature","geometry":{"type":"Point","coordinates":[-81.221182,33.973797]},"properties":{"brand":"Flock Safety"}},{"type":"Feature","geometry":{"type":"Point","coordinates":[-84.416153,33.799279]},"properties":{"brand":"Flock Safety"}},{"type":"Feature","geometry":{"type":"Point","coordinates":[-84.4159,33.799539]},"properties":{"brand":"Flock Safety"}},{"type":"Feature","geometry":{"type":"Point","coordinates":[-84.41679,33.79971]},"properties":{"brand":"Flock Safety"}},{"type":"Feature","geometry":{"type":"Point","coordinates":[-84.412866,33.806024]},"properties":{"brand":"Flock Safety"}},{"type":"Feature","geometry":{"type":"Point","coordinates":[-84.569156,34.029397]},"properties":{"brand":"Flock Safety"}},{"type":"Feature","geometry":{"type":"Point","coordinates":[-84.52834,34.020889]},"properties":{"brand":"Flock Safety"}},{"type":"Feature","geometry":{"type":"Point","coordinates":[-84.526119,34.025429]},"properties":{"brand":"Flock Safety"}},{"type":"Feature","geometry":{"type":"Point","coordinates":[-83.997546,33.789169]},"properties":{"brand":"Flock Safety"}},{"type":"Feature","geometry":{"type":"Point","coordinates":[-83.987703,33.77573]},"properties":{"brand":"Flock Safety"}},{"type":"Feature","geometry":{"type":"Point","coordinates":[-83.982342,33.777613]},"properties":{"brand":"Flock Safety"}},{"type":"Feature","geometry":{"type":"Point","coordinates":[-84.364533,33.956947]},"properties":{"brand":"Flock Safety"}},{"type":"Feature","geometry":{"type":"Point","coordinates":[-84.365379,33.959079]},"properties":{"brand":"Flock Safety"}},{"type":"Feature","geometry":{"type":"Point","coordinates":[-82.611714,34.799982]},"properties":{"brand":"Flock Safety"}},{"type":"Feature","geometry":{"type":"Point","coordinates":[-85.147397,35.034692]},"properties":{"brand":"Flock Safety"}},{"type":"Feature","geometry":{"type":"Point","coordinates":[-84.357197,33.834475]},"properties":{"brand":"Flock Safety"}},{"type":"Feature","geometry":{"type":"Point","coordinates":[-84.577104,34.087584]},"properties":{"brand":"Flock Safety"}},{"type":"Feature","geometry":{"type":"Point","coordinates":[-81.03299,34.029632]},"properties":{"brand":"Flock Safety"}},{"type":"Feature","geometry":{"type":"Point","coordinates":[-84.498554,33.896264]},"properties":{"brand":"Flock Safety"}},{"type":"Feature","geometry":{"type":"Point","coordinates":[-81.03462,34.029032]},"properties":{"brand":"Flock Safety"}},{"type":"Feature","geometry":{"type":"Point","coordinates":[-81.031739,34.029641]},"properties":{"brand":"Flock Safety"}},{"type":"Feature","geometry":{"type":"Point","coordinates":[-81.033291,34.029633]},"properties":{"brand":"Flock Safety"}},{"type":"Feature","geometry":{"type":"Point","coordinates":[-81.034969,34.026815]},"properties":{"brand":"Flock Safety"}},{"type":"Feature","geometry":{"type":"Point","coordinates":[-84.451125,34.211613]},"properties":{"brand":"Flock Safety"}},{"type":"Feature","geometry":{"type":"Point","coordinates":[-84.499295,33.896222]},"properties":{"brand":"Flock Safety"}},{"type":"Feature","geometry":{"type":"Point","coordinates":[-84.420218,34.18176]},"properties":{"brand":"Flock Safety"}},{"type":"Feature","geometry":{"type":"Point","coordinates":[-82.091778,34.984362]},"properties":{"brand":"Flock Safety"}},{"type":"Feature","geometry":{"type":"Point","coordinates":[-82.09199,34.984199]},"properties":{"brand":"Flock Safety"}},{"type":"Feature","geometry":{"type":"Point","coordinates":[-81.990811,33.469819]},"properties":{"brand":"Flock Safety"}},{"type":"Feature","geometry":{"type":"Point","coordinates":[-81.990832,33.46984]},"properties":{"brand":"Flock Safety"}},{"type":"Feature","geometry":{"type":"Point","coordinates":[-84.489393,33.448771]},"properties":{"brand":"Flock Safety"}},{"type":"Feature","geometry":{"type":"Point","coordinates":[-84.51116,33.450591]},"properties":{"brand":"Flock Safety"}},{"type":"Feature","geometry":{"type":"Point","coordinates":[-84.30034,33.773489]},"properties":{"brand":"Flock Safety"}},{"type":"Feature","geometry":{"type":"Point","coordinates":[-81.981136,33.471306]},"properties":{"brand":"Flock Safety"}},{"type":"Feature","geometry":{"type":"Point","coordinates":[-81.981073,33.471165]},"properties":{"brand":"Flock Safety"}},{"type":"Feature","geometry":{"type":"Point","coordinates":[-84.227843,33.768959]},"properties":{"brand":"Flock Safety"}},{"type":"Feature","geometry":{"type":"Point","coordinates":[-83.464604,33.906041]},"properties":{"brand":"Flock Safety"}},{"type":"Feature","geometry":{"type":"Point","coordinates":[-84.430313,33.893786]},"properties":{"brand":"Flock Safety"}},{"type":"Feature","geometry":{"type":"Point","coordinates":[-84.429533,33.907823]},"properties":{"brand":"Flock Safety"}},{"type":"Feature","geometry":{"type":"Point","coordinates":[-84.427943,33.901801]},"properties":{"brand":"Flock Safety"}},{"type":"Feature","geometry":{"type":"Point","coordinates":[-84.39004,34.359723]},"properties":{"brand":"Flock Safety"}},{"type":"Feature","geometry":{"type":"Point","coordinates":[-84.742933,33.397349]},"properties":{"brand":"Flock Safety"}},{"type":"Feature","geometry":{"type":"Point","coordinates":[-84.746897,33.394869]},"properties":{"brand":"Flock Safety"}},{"type":"Feature","geometry":{"type":"Point","coordinates":[-84.893035,33.678596]},"properties":{"brand":"Flock Safety"}},{"type":"Feature","geometry":{"type":"Point","coordinates":[-84.808191,33.730398]},"properties":{"brand":"Flock Safety"}},{"type":"Feature","geometry":{"type":"Point","coordinates":[-84.777887,33.742161]},"properties":{"brand":"Flock Safety"}},{"type":"Feature","geometry":{"type":"Point","coordinates":[-84.396912,34.442564]},"properties":{"brand":"Flock Safety"}},{"type":"Feature","geometry":{"type":"Point","coordinates":[-85.31926,35.018564]},"properties":{"brand":"Flock Safety"}},{"type":"Feature","geometry":{"type":"Point","coordinates":[-85.319202,35.018593]},"properties":{"brand":"Flock Safety"}},{"type":"Feature","geometry":{"type":"Point","coordinates":[-84.243908,34.172549]},"properties":{"brand":"Flock Safety"}},{"type":"Feature","geometry":{"type":"Point","coordinates":[-81.874682,34.977834]},"properties":{"brand":"Flock Safety"}},{"type":"Feature","geometry":{"type":"Point","coordinates":[-80.882468,34.084412]},"properties":{"brand":"Flock Safety"}},{"type":"Feature","geometry":{"type":"Point","coordinates":[-85.396894,34.284881]},"properties":{"brand":"Flock Safety"}},{"type":"Feature","geometry":{"type":"Point","coordinates":[-84.547074,34.428947]},"properties":{"brand":"Flock Safety"}},{"type":"Feature","geometry":{"type":"Point","coordinates":[-84.828201,33.385946]},"properties":{"brand":"Flock Safety"}},{"type":"Feature","geometry":{"type":"Point","coordinates":[-84.338674,33.919158]},"properties":{"brand":"Flock Safety"}},{"type":"Feature","geometry":{"type":"Point","coordinates":[-84.339796,33.920653]},"properties":{"brand":"Flock Safety"}},{"type":"Feature","geometry":{"type":"Point","coordinates":[-84.256035,33.77262]},"properties":{"brand":"Flock Safety"}},{"type":"Feature","geometry":{"type":"Point","coordinates":[-84.248128,33.76158]},"properties":{"brand":"Flock Safety"}},{"type":"Feature","geometry":{"type":"Point","coordinates":[-84.209623,34.015888]},"properties":{"brand":"Axon"}},{"type":"Feature","geometry":{"type":"Point","coordinates":[-82.679623,34.548598]},"properties":{"brand":"Flock Safety"}},{"type":"Feature","geometry":{"type":"Point","coordinates":[-85.447801,32.607303]},"properties":{"brand":"Flock Safety"}},{"type":"Feature","geometry":{"type":"Point","coordinates":[-84.225235,33.763639]},"properties":{"brand":"Flock Safety"}},{"type":"Feature","geometry":{"type":"Point","coordinates":[-82.048144,33.399722]},"properties":{"brand":"Flock Safety"}},{"type":"Feature","geometry":{"type":"Point","coordinates":[-82.074451,33.371732]},"properties":{"brand":"Flock Safety"}},{"type":"Feature","geometry":{"type":"Point","coordinates":[-82.073484,33.373115]},"properties":{"brand":"Flock Safety"}},{"type":"Feature","geometry":{"type":"Point","coordinates":[-82.027792,33.419579]},"properties":{"brand":"Flock Safety"}},{"type":"Feature","geometry":{"type":"Point","coordinates":[-84.872656,34.18682]},"properties":{"brand":"Flock Safety"}},{"type":"Feature","geometry":{"type":"Point","coordinates":[-84.195613,33.787458]},"properties":{"brand":"Flock Safety"}},{"type":"Feature","geometry":{"type":"Point","coordinates":[-84.214573,33.770134]},"properties":{"brand":"Flock Safety"}},{"type":"Feature","geometry":{"type":"Point","coordinates":[-84.489173,33.255978]},"properties":{"brand":"Flock Safety"}},{"type":"Feature","geometry":{"type":"Point","coordinates":[-84.48932,33.257254]},"properties":{"brand":"Flock Safety"}},{"type":"Feature","geometry":{"type":"Point","coordinates":[-84.482881,33.193885]},"properties":{"brand":"Flock Safety"}},{"type":"Feature","geometry":{"type":"Point","coordinates":[-84.481438,33.181991]},"properties":{"brand":"Flock Safety"}},{"type":"Feature","geometry":{"type":"Point","coordinates":[-82.151192,34.972618]},"properties":{"brand":"Flock Safety"}},{"type":"Feature","geometry":{"type":"Point","coordinates":[-82.347556,34.830451]},"properties":{"brand":"Flock Safety"}},{"type":"Feature","geometry":{"type":"Point","coordinates":[-84.185502,33.79215]},"properties":{"brand":"Flock Safety"}},{"type":"Feature","geometry":{"type":"Point","coordinates":[-84.429668,33.895309]},"properties":{"brand":"Flock Safety"}},{"type":"Feature","geometry":{"type":"Point","coordinates":[-84.4117,33.876635]},"properties":{"brand":"Flock Safety"}},{"type":"Feature","geometry":{"type":"Point","coordinates":[-84.403327,33.859894]},"properties":{"brand":"Flock Safety"}},{"type":"Feature","geometry":{"type":"Point","coordinates":[-84.383026,33.854614]},"properties":{"brand":"Flock Safety"}},{"type":"Feature","geometry":{"type":"Point","coordinates":[-84.382833,33.853172]},"properties":{"brand":"Flock Safety"}},{"type":"Feature","geometry":{"type":"Point","coordinates":[-84.382567,33.853401]},"properties":{"brand":"Flock Safety"}},{"type":"Feature","geometry":{"type":"Point","coordinates":[-84.376425,33.837125]},"properties":{"brand":"Flock Safety"}},{"type":"Feature","geometry":{"type":"Point","coordinates":[-84.376425,33.837125]},"properties":{"brand":"Genetec"}},{"type":"Feature","geometry":{"type":"Point","coordinates":[-82.313166,33.414767]},"properties":{"brand":"Flock Safety"}},{"type":"Feature","geometry":{"type":"Point","coordinates":[-84.316601,33.791514]},"properties":{"brand":"Flock Safety"}},{"type":"Feature","geometry":{"type":"Point","coordinates":[-84.599804,33.39776]},"properties":{"brand":"Flock Safety"}},{"type":"Feature","geometry":{"type":"Point","coordinates":[-84.599608,33.399474]},"properties":{"brand":"Flock Safety"}},{"type":"Feature","geometry":{"type":"Point","coordinates":[-84.599608,33.399474]},"properties":{"brand":"Flock Safety"}},{"type":"Feature","geometry":{"type":"Point","coordinates":[-84.599608,33.399474]},"properties":{"brand":"Flock Safety"}},{"type":"Feature","geometry":{"type":"Point","coordinates":[-84.599608,33.399474]},"properties":{"brand":"Flock Safety"}},{"type":"Feature","geometry":{"type":"Point","coordinates":[-84.57998,34.036504]},"properties":{"brand":"Flock Safety"}},{"type":"Feature","geometry":{"type":"Point","coordinates":[-84.535823,33.95048]},"properties":{"brand":"Flock Safety"}},{"type":"Feature","geometry":{"type":"Point","coordinates":[-84.553908,33.970272]},"properties":{"brand":"Flock Safety"}},{"type":"Feature","geometry":{"type":"Point","coordinates":[-84.550734,33.970345]},"properties":{"brand":"Flock Safety"}},{"type":"Feature","geometry":{"type":"Point","coordinates":[-84.489011,34.659717]},"properties":{"brand":"Flock Safety"}},{"type":"Feature","geometry":{"type":"Point","coordinates":[-84.464585,34.611121]},"properties":{"brand":"Flock Safety"}},{"type":"Feature","geometry":{"type":"Point","coordinates":[-84.551537,33.773669]},"properties":{"brand":"Flock Safety"}},{"type":"Feature","geometry":{"type":"Point","coordinates":[-84.551749,33.773765]},"properties":{"brand":"Flock Safety"}},{"type":"Feature","geometry":{"type":"Point","coordinates":[-80.816813,34.942009]},"properties":{"brand":"Flock Safety"}},{"type":"Feature","geometry":{"type":"Point","coordinates":[-84.473032,33.881287]},"properties":{"brand":"Flock Safety"}},{"type":"Feature","geometry":{"type":"Point","coordinates":[-84.477313,33.874292]},"properties":{"brand":"Flock Safety"}},{"type":"Feature","geometry":{"type":"Point","coordinates":[-84.4775,33.874281]},"properties":{"brand":"Flock Safety"}},{"type":"Feature","geometry":{"type":"Point","coordinates":[-84.31056,33.759232]},"properties":{"brand":"Flock Safety"}},{"type":"Feature","geometry":{"type":"Point","coordinates":[-84.1856,34.162581]},"properties":{"brand":"Flock Safety"}},{"type":"Feature","geometry":{"type":"Point","coordinates":[-84.187528,34.161312]},"properties":{"brand":"Flock Safety"}},{"type":"Feature","geometry":{"type":"Point","coordinates":[-84.053943,33.979241]},"properties":{"brand":"Flock Safety"}},{"type":"Feature","geometry":{"type":"Point","coordinates":[-84.309546,33.753712]},"properties":{"brand":"Flock Safety"}},{"type":"Feature","geometry":{"type":"Point","coordinates":[-85.051329,35.044129]},"properties":{"brand":"Flock Safety"}},{"type":"Feature","geometry":{"type":"Point","coordinates":[-84.263358,34.093181]},"properties":{"brand":"Flock Safety"}},{"type":"Feature","geometry":{"type":"Point","coordinates":[-80.884237,33.522188]},"properties":{"brand":"Flock Safety"}},{"type":"Feature","geometry":{"type":"Point","coordinates":[-84.207071,34.015227]},"properties":{"brand":"Axon Enterprise"}},{"type":"Feature","geometry":{"type":"Point","coordinates":[-84.199611,34.011487]},"properties":{"brand":"Axon Enterprise"}},{"type":"Feature","geometry":{"type":"Point","coordinates":[-84.762359,33.3606]},"properties":{"brand":"Flock Safety"}},{"type":"Feature","geometry":{"type":"Point","coordinates":[-82.866326,34.650341]},"properties":{"brand":"Flock Safety"}},{"type":"Feature","geometry":{"type":"Point","coordinates":[-81.952617,33.459649]},"properties":{"brand":"Flock Safety"}},{"type":"Feature","geometry":{"type":"Point","coordinates":[-81.035703,33.985174]},"properties":{"brand":"Flock Safety"}},{"type":"Feature","geometry":{"type":"Point","coordinates":[-84.366859,34.075798]},"properties":{"brand":"Flock Safety"}},{"type":"Feature","geometry":{"type":"Point","coordinates":[-82.070472,33.517204]},"properties":{"brand":"Flock Safety"}},{"type":"Feature","geometry":{"type":"Point","coordinates":[-82.068714,33.517076]},"properties":{"brand":"Flock Safety"}},{"type":"Feature","geometry":{"type":"Point","coordinates":[-82.734842,33.756679]},"properties":{"brand":"Flock Safety"}},{"type":"Feature","geometry":{"type":"Point","coordinates":[-82.731689,33.744267]},"properties":{"brand":"Flock Safety"}},{"type":"Feature","geometry":{"type":"Point","coordinates":[-85.243255,34.001801]},"properties":{"brand":"Flock Safety"}},{"type":"Feature","geometry":{"type":"Point","coordinates":[-85.244904,34.002258]},"properties":{"brand":"Flock Safety"}},{"type":"Feature","geometry":{"type":"Point","coordinates":[-85.091171,33.607228]},"properties":{"brand":"Flock Safety"}},{"type":"Feature","geometry":{"type":"Point","coordinates":[-85.090504,33.606924]},"properties":{"brand":"Flock Safety"}},{"type":"Feature","geometry":{"type":"Point","coordinates":[-85.093282,33.561996]},"properties":{"brand":"Flock Safety"}},{"type":"Feature","geometry":{"type":"Point","coordinates":[-80.939533,33.959556]},"properties":{"brand":"Flock Safety"}},{"type":"Feature","geometry":{"type":"Point","coordinates":[-81.033292,34.026537]},"properties":{"brand":"Flock Safety"}},{"type":"Feature","geometry":{"type":"Point","coordinates":[-81.0303,34.029522]},"properties":{"brand":"Flock Safety"}},{"type":"Feature","geometry":{"type":"Point","coordinates":[-81.030231,34.026432]},"properties":{"brand":"Flock Safety"}},{"type":"Feature","geometry":{"type":"Point","coordinates":[-84.358553,33.781974]},"properties":{"brand":"Flock Safety"}},{"type":"Feature","geometry":{"type":"Point","coordinates":[-84.343084,33.794431]},"properties":{"brand":"Flock Safety"}},{"type":"Feature","geometry":{"type":"Point","coordinates":[-84.329483,33.787826]},"properties":{"brand":"Flock Safety"}},{"type":"Feature","geometry":{"type":"Point","coordinates":[-84.329575,33.787949]},"properties":{"brand":"Flock Safety"}},{"type":"Feature","geometry":{"type":"Point","coordinates":[-84.305769,33.795131]},"properties":{"brand":"Flock Safety"}},{"type":"Feature","geometry":{"type":"Point","coordinates":[-84.307608,33.798525]},"properties":{"brand":"Flock Safety"}},{"type":"Feature","geometry":{"type":"Point","coordinates":[-84.30754,33.798248]},"properties":{"brand":"Flock Safety"}},{"type":"Feature","geometry":{"type":"Point","coordinates":[-84.026381,33.879424]},"properties":{"brand":"Flock Safety"}},{"type":"Feature","geometry":{"type":"Point","coordinates":[-84.029823,33.885537]},"properties":{"brand":"Flock Safety"}},{"type":"Feature","geometry":{"type":"Point","coordinates":[-84.01916,33.876566]},"properties":{"brand":"Flock Safety"}},{"type":"Feature","geometry":{"type":"Point","coordinates":[-84.023592,33.876293]},"properties":{"brand":"Flock Safety"}},{"type":"Feature","geometry":{"type":"Point","coordinates":[-84.023567,33.876595]},"properties":{"brand":"Flock Safety"}},{"type":"Feature","geometry":{"type":"Point","coordinates":[-84.021391,33.875635]},"properties":{"brand":"Flock Safety"}},{"type":"Feature","geometry":{"type":"Point","coordinates":[-84.021529,33.87569]},"properties":{"brand":"Flock Safety"}},{"type":"Feature","geometry":{"type":"Point","coordinates":[-84.019402,33.876456]},"properties":{"brand":"Flock Safety"}},{"type":"Feature","geometry":{"type":"Point","coordinates":[-84.024706,33.878001]},"properties":{"brand":"Flock Safety"}},{"type":"Feature","geometry":{"type":"Point","coordinates":[-82.333276,33.685366]},"properties":{"brand":"Flock Safety"}},{"type":"Feature","geometry":{"type":"Point","coordinates":[-81.354717,34.166886]},"properties":{"brand":"Flock Safety"}},{"type":"Feature","geometry":{"type":"Point","coordinates":[-81.354718,34.166881]},"properties":{"brand":"Flock Safety"}},{"type":"Feature","geometry":{"type":"Point","coordinates":[-81.327027,34.176576]},"properties":{"brand":"Flock Safety"}},{"type":"Feature","geometry":{"type":"Point","coordinates":[-84.29101,33.793739]},"properties":{"brand":"Flock Safety"}},{"type":"Feature","geometry":{"type":"Point","coordinates":[-84.284167,33.791837]},"properties":{"brand":"Flock Safety"}},{"type":"Feature","geometry":{"type":"Point","coordinates":[-84.28593,33.792349]},"properties":{"brand":"Flock Safety"}},{"type":"Feature","geometry":{"type":"Point","coordinates":[-82.55689,33.43267]},"properties":{"brand":"Flock Safety"}},{"type":"Feature","geometry":{"type":"Point","coordinates":[-84.640524,33.931961]},"properties":{"brand":"Flock Safety"}},{"type":"Feature","geometry":{"type":"Point","coordinates":[-84.263746,34.293181]},"properties":{"brand":"Flock Safety"}},{"type":"Feature","geometry":{"type":"Point","coordinates":[-85.143463,34.977862]},"properties":{"brand":"Flock Safety"}},{"type":"Feature","geometry":{"type":"Point","coordinates":[-85.170584,35.003654]},"properties":{"brand":"Motorola Solutions"}},{"type":"Feature","geometry":{"type":"Point","coordinates":[-85.170584,35.003654]},"properties":{"brand":"Motorola Solutions"}},{"type":"Feature","geometry":{"type":"Point","coordinates":[-85.0319,33.830578]},"properties":{"brand":"Flock Safety"}},{"type":"Feature","geometry":{"type":"Point","coordinates":[-84.99542,33.839533]},"properties":{"brand":"Flock Safety"}},{"type":"Feature","geometry":{"type":"Point","coordinates":[-84.52043,33.894058]},"properties":{"brand":"Flock Safety"}},{"type":"Feature","geometry":{"type":"Point","coordinates":[-81.110745,33.979066]},"properties":{"brand":"Flock Safety"}},{"type":"Feature","geometry":{"type":"Point","coordinates":[-82.934557,32.537106]},"properties":{"brand":"Flock Safety"}},{"type":"Feature","geometry":{"type":"Point","coordinates":[-84.591056,33.44113]},"properties":{"brand":"Motorola Solutions"}},{"type":"Feature","geometry":{"type":"Point","coordinates":[-84.485756,33.903255]},"properties":{"brand":"Motorola Solutions"}},{"type":"Feature","geometry":{"type":"Point","coordinates":[-84.001552,33.112176]},"properties":{"brand":"Flock Safety"}},{"type":"Feature","geometry":{"type":"Point","coordinates":[-84.34312,33.826873]},"properties":{"brand":"Flock Safety"}},{"type":"Feature","geometry":{"type":"Point","coordinates":[-84.88895,34.357184]},"properties":{"brand":"Motorola Solutions"}},{"type":"Feature","geometry":{"type":"Point","coordinates":[-85.204948,34.990029]},"properties":{"brand":"Flock Safety"}},{"type":"Feature","geometry":{"type":"Point","coordinates":[-82.043728,34.937417]},"properties":{"brand":"Leonardo"}},{"type":"Feature","geometry":{"type":"Point","coordinates":[-82.477458,33.457967]},"properties":{"brand":"Flock Safety"}},{"type":"Feature","geometry":{"type":"Point","coordinates":[-82.086332,33.444836]},"properties":{"brand":"Flock Safety"}},{"type":"Feature","geometry":{"type":"Point","coordinates":[-82.081217,33.420701]},"properties":{"brand":"Flock Safety"}},{"type":"Feature","geometry":{"type":"Point","coordinates":[-85.290777,33.474662]},"properties":{"brand":"Flock Safety"}},{"type":"Feature","geometry":{"type":"Point","coordinates":[-82.104498,33.48615]},"properties":{"brand":"Flock Safety"}},{"type":"Feature","geometry":{"type":"Point","coordinates":[-81.111456,34.019409]},"properties":{"brand":"Flock Safety"}},{"type":"Feature","geometry":{"type":"Point","coordinates":[-82.335858,33.419998]},"properties":{"brand":"Flock Safety"}},{"type":"Feature","geometry":{"type":"Point","coordinates":[-85.167606,34.237782]},"properties":{"brand":"Flock Safety"}},{"type":"Feature","geometry":{"type":"Point","coordinates":[-85.177754,34.239224]},"properties":{"brand":"Flock Safety"}},{"type":"Feature","geometry":{"type":"Point","coordinates":[-85.224878,34.179573]},"properties":{"brand":"Flock Safety"}},{"type":"Feature","geometry":{"type":"Point","coordinates":[-85.211614,34.284839]},"properties":{"brand":"Flock Safety"}},{"type":"Feature","geometry":{"type":"Point","coordinates":[-85.210252,34.284852]},"properties":{"brand":"Flock Safety"}},{"type":"Feature","geometry":{"type":"Point","coordinates":[-83.640913,33.158555]},"properties":{"brand":"Flock Safety"}},{"type":"Feature","geometry":{"type":"Point","coordinates":[-84.287166,33.861207]},"properties":{"brand":"Flock Safety"}},{"type":"Feature","geometry":{"type":"Point","coordinates":[-84.290253,33.862429]},"properties":{"brand":"Flock Safety"}},{"type":"Feature","geometry":{"type":"Point","coordinates":[-84.366564,33.776048]},"properties":{"brand":"Flock Safety"}},{"type":"Feature","geometry":{"type":"Point","coordinates":[-84.367295,33.775868]},"properties":{"brand":"Flock Safety"}},{"type":"Feature","geometry":{"type":"Point","coordinates":[-83.433761,33.199071]},"properties":{"brand":"Flock Safety"}},{"type":"Feature","geometry":{"type":"Point","coordinates":[-83.30648,33.75805]},"properties":{"brand":"Flock Safety"}},{"type":"Feature","geometry":{"type":"Point","coordinates":[-80.847555,34.71665]},"properties":{"brand":"Flock Safety"}},{"type":"Feature","geometry":{"type":"Point","coordinates":[-84.206474,34.031088]},"properties":{"brand":""}},{"type":"Feature","geometry":{"type":"Point","coordinates":[-84.206312,34.031076]},"properties":{"brand":""}},{"type":"Feature","geometry":{"type":"Point","coordinates":[-80.850495,33.501912]},"properties":{"brand":"Flock Safety"}},{"type":"Feature","geometry":{"type":"Point","coordinates":[-81.026156,34.610375]},"properties":{"brand":"Flock Safety"}},{"type":"Feature","geometry":{"type":"Point","coordinates":[-81.057097,34.928415]},"properties":{"brand":"Flock Safety"}},{"type":"Feature","geometry":{"type":"Point","coordinates":[-84.239755,34.048865]},"properties":{"brand":""}},{"type":"Feature","geometry":{"type":"Point","coordinates":[-84.242945,34.048445]},"properties":{"brand":""}},{"type":"Feature","geometry":{"type":"Point","coordinates":[-84.246328,34.048027]},"properties":{"brand":""}},{"type":"Feature","geometry":{"type":"Point","coordinates":[-84.262238,34.04825]},"properties":{"brand":""}},{"type":"Feature","geometry":{"type":"Point","coordinates":[-84.252517,34.046017]},"properties":{"brand":""}},{"type":"Feature","geometry":{"type":"Point","coordinates":[-84.252672,34.046208]},"properties":{"brand":""}},{"type":"Feature","geometry":{"type":"Point","coordinates":[-84.267575,34.050249]},"properties":{"brand":""}},{"type":"Feature","geometry":{"type":"Point","coordinates":[-84.513185,33.950578]},"properties":{"brand":"Flock Safety"}},{"type":"Feature","geometry":{"type":"Point","coordinates":[-84.117368,33.964679]},"properties":{"brand":"Flock Safety"}},{"type":"Feature","geometry":{"type":"Point","coordinates":[-84.333431,33.74759]},"properties":{"brand":"Flock Safety"}},{"type":"Feature","geometry":{"type":"Point","coordinates":[-84.198442,34.023837]},"properties":{"brand":""}},{"type":"Feature","geometry":{"type":"Point","coordinates":[-84.974922,32.855944]},"properties":{"brand":"Flock Safety"}},{"type":"Feature","geometry":{"type":"Point","coordinates":[-84.196003,34.021902]},"properties":{"brand":""}},{"type":"Feature","geometry":{"type":"Point","coordinates":[-84.195989,34.021894]},"properties":{"brand":""}},{"type":"Feature","geometry":{"type":"Point","coordinates":[-84.264199,34.063928]},"properties":{"brand":""}},{"type":"Feature","geometry":{"type":"Point","coordinates":[-84.190653,34.018657]},"properties":{"brand":""}},{"type":"Feature","geometry":{"type":"Point","coordinates":[-84.977044,32.856259]},"properties":{"brand":"Flock Safety"}},{"type":"Feature","geometry":{"type":"Point","coordinates":[-84.260759,34.068746]},"properties":{"brand":""}},{"type":"Feature","geometry":{"type":"Point","coordinates":[-84.284971,34.048852]},"properties":{"brand":""}},{"type":"Feature","geometry":{"type":"Point","coordinates":[-84.032942,33.66357]},"properties":{"brand":"Flock Safety"}},{"type":"Feature","geometry":{"type":"Point","coordinates":[-84.027874,33.665359]},"properties":{"brand":"Flock Safety"}},{"type":"Feature","geometry":{"type":"Point","coordinates":[-84.025882,33.644928]},"properties":{"brand":"Flock Safety"}},{"type":"Feature","geometry":{"type":"Point","coordinates":[-84.347625,33.758937]},"properties":{"brand":"Flock Safety"}},{"type":"Feature","geometry":{"type":"Point","coordinates":[-84.419183,33.730984]},"properties":{"brand":"Flock Safety"}},{"type":"Feature","geometry":{"type":"Point","coordinates":[-84.417661,33.730206]},"properties":{"brand":"Flock Safety"}},{"type":"Feature","geometry":{"type":"Point","coordinates":[-84.417713,33.730283]},"properties":{"brand":"Flock Safety"}},{"type":"Feature","geometry":{"type":"Point","coordinates":[-84.421198,33.732115]},"properties":{"brand":"Flock Safety"}},{"type":"Feature","geometry":{"type":"Point","coordinates":[-84.421836,33.732475]},"properties":{"brand":"Flock Safety"}},{"type":"Feature","geometry":{"type":"Point","coordinates":[-84.423128,33.733118]},"properties":{"brand":"Flock Safety"}},{"type":"Feature","geometry":{"type":"Point","coordinates":[-84.979648,32.557987]},"properties":{"brand":"Flock Safety"}},{"type":"Feature","geometry":{"type":"Point","coordinates":[-84.429856,33.73707]},"properties":{"brand":"Flock Safety"}},{"type":"Feature","geometry":{"type":"Point","coordinates":[-84.429148,33.736554]},"properties":{"brand":"Flock Safety"}},{"type":"Feature","geometry":{"type":"Point","coordinates":[-84.426843,33.735346]},"properties":{"brand":"Flock Safety"}},{"type":"Feature","geometry":{"type":"Point","coordinates":[-84.429941,33.7372]},"properties":{"brand":"Flock Safety"}},{"type":"Feature","geometry":{"type":"Point","coordinates":[-84.501245,33.918146]},"properties":{"brand":"Flock Safety"}},{"type":"Feature","geometry":{"type":"Point","coordinates":[-84.501245,33.918146]},"properties":{"brand":"Flock Safety"}},{"type":"Feature","geometry":{"type":"Point","coordinates":[-84.395817,33.742082]},"properties":{"brand":"Flock Safety"}},{"type":"Feature","geometry":{"type":"Point","coordinates":[-84.143651,34.253887]},"properties":{"brand":"Flock Safety"}},{"type":"Feature","geometry":{"type":"Point","coordinates":[-80.980047,34.214303]},"properties":{"brand":"RichlandCountySheriffDepartment"}},{"type":"Feature","geometry":{"type":"Point","coordinates":[-84.26275,33.900126]},"properties":{"brand":"Flock Safety"}},{"type":"Feature","geometry":{"type":"Point","coordinates":[-84.351286,33.813408]},"properties":{"brand":"Flock Safety"}},{"type":"Feature","geometry":{"type":"Point","coordinates":[-84.338331,33.813961]},"properties":{"brand":"Flock Safety"}},{"type":"Feature","geometry":{"type":"Point","coordinates":[-84.341308,33.814947]},"properties":{"brand":"Flock Safety"}},{"type":"Feature","geometry":{"type":"Point","coordinates":[-83.372655,33.957633]},"properties":{"brand":"Flock Safety"}},{"type":"Feature","geometry":{"type":"Point","coordinates":[-84.589362,34.121199]},"properties":{"brand":"Flock Safety"}},{"type":"Feature","geometry":{"type":"Point","coordinates":[-84.335436,33.81551]},"properties":{"brand":"Flock Safety"}},{"type":"Feature","geometry":{"type":"Point","coordinates":[-84.427436,33.735722]},"properties":{"brand":"Flock Safety"}},{"type":"Feature","geometry":{"type":"Point","coordinates":[-84.395817,33.742082]},"properties":{"brand":"Flock Safety"}},{"type":"Feature","geometry":{"type":"Point","coordinates":[-84.50108,33.656412]},"properties":{"brand":"Flock Safety"}},{"type":"Feature","geometry":{"type":"Point","coordinates":[-84.501675,33.655405]},"properties":{"brand":"Flock Safety"}},{"type":"Feature","geometry":{"type":"Point","coordinates":[-84.063479,33.203903]},"properties":{"brand":"Flock Safety"}},{"type":"Feature","geometry":{"type":"Point","coordinates":[-84.231555,33.785806]},"properties":{"brand":"Flock Safety"}},{"type":"Feature","geometry":{"type":"Point","coordinates":[-84.35748,33.839753]},"properties":{"brand":"Flock Safety"}},{"type":"Feature","geometry":{"type":"Point","coordinates":[-84.882806,34.783129]},"properties":{"brand":"Flock Safety"}},{"type":"Feature","geometry":{"type":"Point","coordinates":[-82.518189,33.443883]},"properties":{"brand":"Flock Safety"}},{"type":"Feature","geometry":{"type":"Point","coordinates":[-83.407298,33.967194]},"properties":{"brand":"Flock Safety"}},{"type":"Feature","geometry":{"type":"Point","coordinates":[-84.911872,33.798807]},"properties":{"brand":"Flock Safety"}},{"type":"Feature","geometry":{"type":"Point","coordinates":[-84.920035,33.801959]},"properties":{"brand":"Flock Safety"}},{"type":"Feature","geometry":{"type":"Point","coordinates":[-85.078694,33.578739]},"properties":{"brand":"Flock Safety"}},{"type":"Feature","geometry":{"type":"Point","coordinates":[-84.408436,33.592572]},"properties":{"brand":"Flock Safety"}},{"type":"Feature","geometry":{"type":"Point","coordinates":[-84.419096,33.583187]},"properties":{"brand":"Flock Safety"}},{"type":"Feature","geometry":{"type":"Point","coordinates":[-83.851228,33.689289]},"properties":{"brand":"Flock Safety"}},{"type":"Feature","geometry":{"type":"Point","coordinates":[-83.867324,33.638311]},"properties":{"brand":"Flock Safety"}},{"type":"Feature","geometry":{"type":"Point","coordinates":[-83.867226,33.625852]},"properties":{"brand":"Flock Safety"}},{"type":"Feature","geometry":{"type":"Point","coordinates":[-82.5206,34.818997]},"properties":{"brand":"Flock Safety"}},{"type":"Feature","geometry":{"type":"Point","coordinates":[-82.520615,34.819027]},"properties":{"brand":"Flock Safety"}},{"type":"Feature","geometry":{"type":"Point","coordinates":[-82.403677,34.831625]},"properties":{"brand":"Flock Safety"}},{"type":"Feature","geometry":{"type":"Point","coordinates":[-82.429159,34.854224]},"properties":{"brand":"Flock Safety"}},{"type":"Feature","geometry":{"type":"Point","coordinates":[-84.254838,33.786771]},"properties":{"brand":""}},{"type":"Feature","geometry":{"type":"Point","coordinates":[-84.074182,33.835137]},"properties":{"brand":"Flock Safety"}},{"type":"Feature","geometry":{"type":"Point","coordinates":[-84.073416,33.83547]},"properties":{"brand":"Flock Safety"}},{"type":"Feature","geometry":{"type":"Point","coordinates":[-84.116442,34.133242]},"properties":{"brand":"Flock Safety"}},{"type":"Feature","geometry":{"type":"Point","coordinates":[-84.105498,34.161553]},"properties":{"brand":"Flock Safety"}},{"type":"Feature","geometry":{"type":"Point","coordinates":[-85.172808,35.026283]},"properties":{"brand":"Flock Safety"}},{"type":"Feature","geometry":{"type":"Point","coordinates":[-82.665049,34.516085]},"properties":{"brand":"Flock Safety"}},{"type":"Feature","geometry":{"type":"Point","coordinates":[-84.529628,34.075543]},"properties":{"brand":"Flock Safety"}},{"type":"Feature","geometry":{"type":"Point","coordinates":[-85.049299,34.019752]},"properties":{"brand":"Flock Safety"}},{"type":"Feature","geometry":{"type":"Point","coordinates":[-84.785554,33.902351]},"properties":{"brand":"Flock Safety"}},{"type":"Feature","geometry":{"type":"Point","coordinates":[-84.644429,33.797576]},"properties":{"brand":"Flock Safety"}},{"type":"Feature","geometry":{"type":"Point","coordinates":[-84.647926,33.799356]},"properties":{"brand":"Flock Safety"}},{"type":"Feature","geometry":{"type":"Point","coordinates":[-82.465471,33.363762]},"properties":{"brand":"Flock Safety"}},{"type":"Feature","geometry":{"type":"Point","coordinates":[-84.269324,34.057117]},"properties":{"brand":"Flock Safety"}},{"type":"Feature","geometry":{"type":"Point","coordinates":[-80.851225,33.504862]},"properties":{"brand":"Flock Safety"}},{"type":"Feature","geometry":{"type":"Point","coordinates":[-85.208841,34.286668]},"properties":{"brand":"Flock Safety"}},{"type":"Feature","geometry":{"type":"Point","coordinates":[-84.130454,33.880944]},"properties":{"brand":"Flock Safety"}},{"type":"Feature","geometry":{"type":"Point","coordinates":[-82.466026,33.365022]},"properties":{"brand":"Flock Safety"}},{"type":"Feature","geometry":{"type":"Point","coordinates":[-84.60331,33.773232]},"properties":{"brand":"Flock Safety"}},{"type":"Feature","geometry":{"type":"Point","coordinates":[-85.160662,34.206823]},"properties":{"brand":"Flock Safety"}},{"type":"Feature","geometry":{"type":"Point","coordinates":[-85.160662,34.206823]},"properties":{"brand":"Flock Safety"}},{"type":"Feature","geometry":{"type":"Point","coordinates":[-83.707618,32.815176]},"properties":{"brand":"Flock Safety"}},{"type":"Feature","geometry":{"type":"Point","coordinates":[-84.318419,33.815459]},"properties":{"brand":"Flock Safety"}},{"type":"Feature","geometry":{"type":"Point","coordinates":[-84.527874,34.068877]},"properties":{"brand":"Flock Safety"}},{"type":"Feature","geometry":{"type":"Point","coordinates":[-84.49138,33.920303]},"properties":{"brand":"Flock Safety"}},{"type":"Feature","geometry":{"type":"Point","coordinates":[-84.491054,33.920188]},"properties":{"brand":"Flock Safety"}},{"type":"Feature","geometry":{"type":"Point","coordinates":[-84.162666,33.895838]},"properties":{"brand":"Flock Safety"}},{"type":"Feature","geometry":{"type":"Point","coordinates":[-84.188139,33.866777]},"properties":{"brand":"Flock Safety"}},{"type":"Feature","geometry":{"type":"Point","coordinates":[-84.493362,33.654519]},"properties":{"brand":"Flock Safety"}},{"type":"Feature","geometry":{"type":"Point","coordinates":[-83.48621,33.926169]},"properties":{"brand":"Flock Safety"}},{"type":"Feature","geometry":{"type":"Point","coordinates":[-84.051891,33.685283]},"properties":{"brand":"Flock Safety"}},{"type":"Feature","geometry":{"type":"Point","coordinates":[-84.151698,33.94908]},"properties":{"brand":"Flock Safety"}},{"type":"Feature","geometry":{"type":"Point","coordinates":[-84.032239,33.686136]},"properties":{"brand":"Flock Safety"}},{"type":"Feature","geometry":{"type":"Point","coordinates":[-84.025166,33.683441]},"properties":{"brand":"Flock Safety"}},{"type":"Feature","geometry":{"type":"Point","coordinates":[-84.020291,33.673842]},"properties":{"brand":"Flock Safety"}},{"type":"Feature","geometry":{"type":"Point","coordinates":[-84.02322,33.668828]},"properties":{"brand":"Flock Safety"}},{"type":"Feature","geometry":{"type":"Point","coordinates":[-84.02674,33.667943]},"properties":{"brand":"Flock Safety"}},{"type":"Feature","geometry":{"type":"Point","coordinates":[-84.039498,33.673908]},"properties":{"brand":"Flock Safety"}},{"type":"Feature","geometry":{"type":"Point","coordinates":[-84.06027,33.681375]},"properties":{"brand":"Flock Safety"}},{"type":"Feature","geometry":{"type":"Point","coordinates":[-84.001787,33.682442]},"properties":{"brand":"Flock Safety"}},{"type":"Feature","geometry":{"type":"Point","coordinates":[-84.060957,33.683548]},"properties":{"brand":"Flock Safety"}},{"type":"Feature","geometry":{"type":"Point","coordinates":[-84.034876,33.667222]},"properties":{"brand":"Flock Safety"}},{"type":"Feature","geometry":{"type":"Point","coordinates":[-83.999135,33.688261]},"properties":{"brand":"Flock Safety"}},{"type":"Feature","geometry":{"type":"Point","coordinates":[-84.004332,33.712606]},"properties":{"brand":"Flock Safety"}},{"type":"Feature","geometry":{"type":"Point","coordinates":[-83.996716,33.663344]},"properties":{"brand":"Flock Safety"}},{"type":"Feature","geometry":{"type":"Point","coordinates":[-83.987258,33.670367]},"properties":{"brand":"Flock Safety"}},{"type":"Feature","geometry":{"type":"Point","coordinates":[-84.003048,33.654666]},"properties":{"brand":"Flock Safety"}},{"type":"Feature","geometry":{"type":"Point","coordinates":[-83.99946,33.65013]},"properties":{"brand":"Flock Safety"}},{"type":"Feature","geometry":{"type":"Point","coordinates":[-84.005469,33.650835]},"properties":{"brand":"Flock Safety"}},{"type":"Feature","geometry":{"type":"Point","coordinates":[-84.007576,33.652163]},"properties":{"brand":"Flock Safety"}},{"type":"Feature","geometry":{"type":"Point","coordinates":[-84.008661,33.653144]},"properties":{"brand":"Flock Safety"}},{"type":"Feature","geometry":{"type":"Point","coordinates":[-84.02166,33.644335]},"properties":{"brand":"Flock Safety"}},{"type":"Feature","geometry":{"type":"Point","coordinates":[-84.011383,33.642803]},"properties":{"brand":"Flock Safety"}},{"type":"Feature","geometry":{"type":"Point","coordinates":[-84.006527,33.640974]},"properties":{"brand":"Flock Safety"}},{"type":"Feature","geometry":{"type":"Point","coordinates":[-84.000518,33.638019]},"properties":{"brand":"Flock Safety"}},{"type":"Feature","geometry":{"type":"Point","coordinates":[-84.040405,33.649483]},"properties":{"brand":"Flock Safety"}},{"type":"Feature","geometry":{"type":"Point","coordinates":[-83.98571,33.641442]},"properties":{"brand":"Flock Safety"}},{"type":"Feature","geometry":{"type":"Point","coordinates":[-83.981589,33.632595]},"properties":{"brand":"Flock Safety"}},{"type":"Feature","geometry":{"type":"Point","coordinates":[-84.167665,33.878314]},"properties":{"brand":"Flock Safety"}},{"type":"Feature","geometry":{"type":"Point","coordinates":[-84.167502,33.878887]},"properties":{"brand":"Flock Safety"}},{"type":"Feature","geometry":{"type":"Point","coordinates":[-84.035944,33.664656]},"properties":{"brand":"Flock Safety"}},{"type":"Feature","geometry":{"type":"Point","coordinates":[-84.041032,33.6408]},"properties":{"brand":"Flock Safety"}},{"type":"Feature","geometry":{"type":"Point","coordinates":[-84.037944,33.64832]},"properties":{"brand":"Flock Safety"}},{"type":"Feature","geometry":{"type":"Point","coordinates":[-84.156958,33.88824]},"properties":{"brand":"Flock Safety"}},{"type":"Feature","geometry":{"type":"Point","coordinates":[-84.044376,33.649447]},"properties":{"brand":"Flock Safety"}},{"type":"Feature","geometry":{"type":"Point","coordinates":[-84.014824,33.629897]},"properties":{"brand":"Flock Safety"}},{"type":"Feature","geometry":{"type":"Point","coordinates":[-84.073433,33.691876]},"properties":{"brand":"Flock Safety"}},{"type":"Feature","geometry":{"type":"Point","coordinates":[-84.072382,33.697379]},"properties":{"brand":"Flock Safety"}},{"type":"Feature","geometry":{"type":"Point","coordinates":[-84.291272,33.739008]},"properties":{"brand":"Flock Safety"}},{"type":"Feature","geometry":{"type":"Point","coordinates":[-84.082737,33.949932]},"properties":{"brand":"Flock Safety"}},{"type":"Feature","geometry":{"type":"Point","coordinates":[-84.443675,34.193284]},"properties":{"brand":"Flock Safety"}},{"type":"Feature","geometry":{"type":"Point","coordinates":[-84.229065,33.997358]},"properties":{"brand":"Flock Safety"}},{"type":"Feature","geometry":{"type":"Point","coordinates":[-83.955392,34.092009]},"properties":{"brand":"Flock Safety"}},{"type":"Feature","geometry":{"type":"Point","coordinates":[-84.235076,33.737488]},"properties":{"brand":"Flock Safety"}},{"type":"Feature","geometry":{"type":"Point","coordinates":[-84.23165,33.737441]},"properties":{"brand":"Flock Safety"}},{"type":"Feature","geometry":{"type":"Point","coordinates":[-84.228987,33.737034]},"properties":{"brand":"Flock Safety"}},{"type":"Feature","geometry":{"type":"Point","coordinates":[-84.135663,33.898988]},"properties":{"brand":"Flock Safety"}},{"type":"Feature","geometry":{"type":"Point","coordinates":[-81.99838,34.942278]},"properties":{"brand":"Motorola Solutions"}},{"type":"Feature","geometry":{"type":"Point","coordinates":[-83.545498,34.544364]},"properties":{"brand":"Flock Safety"}},{"type":"Feature","geometry":{"type":"Point","coordinates":[-84.384164,33.759621]},"properties":{"brand":"Flock Safety"}},{"type":"Feature","geometry":{"type":"Point","coordinates":[-80.954715,34.103981]},"properties":{"brand":"Flock Safety"}},{"type":"Feature","geometry":{"type":"Point","coordinates":[-80.934014,34.086575]},"properties":{"brand":"Flock Safety"}},{"type":"Feature","geometry":{"type":"Point","coordinates":[-80.941721,34.080566]},"properties":{"brand":"Flock Safety"}},{"type":"Feature","geometry":{"type":"Point","coordinates":[-81.05784,34.029533]},"properties":{"brand":"Flock Safety"}},{"type":"Feature","geometry":{"type":"Point","coordinates":[-81.080522,34.041168]},"properties":{"brand":"Flock Safety"}},{"type":"Feature","geometry":{"type":"Point","coordinates":[-81.080448,34.041262]},"properties":{"brand":"Flock Safety"}},{"type":"Feature","geometry":{"type":"Point","coordinates":[-82.502592,33.483529]},"properties":{"brand":"Flock Safety"}},{"type":"Feature","geometry":{"type":"Point","coordinates":[-84.130944,33.987393]},"properties":{"brand":"Flock Safety"}},{"type":"Feature","geometry":{"type":"Point","coordinates":[-84.008842,33.881832]},"properties":{"brand":"Flock Safety"}},{"type":"Feature","geometry":{"type":"Point","coordinates":[-83.812926,34.106458]},"properties":{"brand":"Flock Safety"}},{"type":"Feature","geometry":{"type":"Point","coordinates":[-83.812559,34.104678]},"properties":{"brand":"Flock Safety"}},{"type":"Feature","geometry":{"type":"Point","coordinates":[-83.813264,34.105062]},"properties":{"brand":"Flock Safety"}},{"type":"Feature","geometry":{"type":"Point","coordinates":[-83.813614,34.106394]},"properties":{"brand":"Flock Safety"}},{"type":"Feature","geometry":{"type":"Point","coordinates":[-82.199566,33.485946]},"properties":{"brand":"Genetec"}},{"type":"Feature","geometry":{"type":"Point","coordinates":[-82.199678,33.485779]},"properties":{"brand":"Genetec"}},{"type":"Feature","geometry":{"type":"Point","coordinates":[-84.333214,33.265803]},"properties":{"brand":"Flock Safety"}},{"type":"Feature","geometry":{"type":"Point","coordinates":[-84.4254,33.282878]},"properties":{"brand":"Flock Safety"}},{"type":"Feature","geometry":{"type":"Point","coordinates":[-84.314504,33.842684]},"properties":{"brand":"Flock Safety"}},{"type":"Feature","geometry":{"type":"Point","coordinates":[-84.312113,33.85766]},"properties":{"brand":"Flock Safety"}},{"type":"Feature","geometry":{"type":"Point","coordinates":[-84.311566,33.858414]},"properties":{"brand":"Flock Safety"}},{"type":"Feature","geometry":{"type":"Point","coordinates":[-84.315495,33.846144]},"properties":{"brand":"Flock Safety"}},{"type":"Feature","geometry":{"type":"Point","coordinates":[-84.315609,33.845552]},"properties":{"brand":"Flock Safety"}},{"type":"Feature","geometry":{"type":"Point","coordinates":[-84.319995,33.76299]},"properties":{"brand":"Flock Safety"}},{"type":"Feature","geometry":{"type":"Point","coordinates":[-81.956962,33.472097]},"properties":{"brand":"Flock Safety"}},{"type":"Feature","geometry":{"type":"Point","coordinates":[-80.843124,32.681688]},"properties":{"brand":"Flock Safety"}},{"type":"Feature","geometry":{"type":"Point","coordinates":[-84.376359,33.750105]},"properties":{"brand":"Flock Safety"}},{"type":"Feature","geometry":{"type":"Point","coordinates":[-84.340871,33.846256]},"properties":{"brand":"Flock Safety"}},{"type":"Feature","geometry":{"type":"Point","coordinates":[-84.340276,33.845456]},"properties":{"brand":"Flock Safety"}},{"type":"Feature","geometry":{"type":"Point","coordinates":[-84.341425,33.846634]},"properties":{"brand":"Flock Safety"}},{"type":"Feature","geometry":{"type":"Point","coordinates":[-84.348718,33.848579]},"properties":{"brand":"Flock Safety"}},{"type":"Feature","geometry":{"type":"Point","coordinates":[-84.343502,33.838528]},"properties":{"brand":"Flock Safety"}},{"type":"Feature","geometry":{"type":"Point","coordinates":[-80.894335,34.18967]},"properties":{"brand":"Flock Safety"}},{"type":"Feature","geometry":{"type":"Point","coordinates":[-80.98345,34.023583]},"properties":{"brand":"Motorola Solutions"}},{"type":"Feature","geometry":{"type":"Point","coordinates":[-83.92923,34.049346]},"properties":{"brand":"Flock Safety"}},{"type":"Feature","geometry":{"type":"Point","coordinates":[-84.094843,33.868706]},"properties":{"brand":"Flock Safety"}},{"type":"Feature","geometry":{"type":"Point","coordinates":[-84.094054,33.867992]},"properties":{"brand":"Flock Safety"}},{"type":"Feature","geometry":{"type":"Point","coordinates":[-84.093071,33.868331]},"properties":{"brand":"Flock Safety"}},{"type":"Feature","geometry":{"type":"Point","coordinates":[-84.093299,33.867959]},"properties":{"brand":"Flock Safety"}},{"type":"Feature","geometry":{"type":"Point","coordinates":[-84.110963,33.827037]},"properties":{"brand":"Flock Safety"}},{"type":"Feature","geometry":{"type":"Point","coordinates":[-84.277945,34.110009]},"properties":{"brand":"Flock Safety"}},{"type":"Feature","geometry":{"type":"Point","coordinates":[-84.234379,33.893442]},"properties":{"brand":"Flock Safety"}},{"type":"Feature","geometry":{"type":"Point","coordinates":[-84.240412,33.895255]},"properties":{"brand":"Flock Safety"}},{"type":"Feature","geometry":{"type":"Point","coordinates":[-82.688505,34.46169]},"properties":{"brand":"Flock Safety"}},{"type":"Feature","geometry":{"type":"Point","coordinates":[-84.339083,33.844766]},"properties":{"brand":"Flock Safety"}},{"type":"Feature","geometry":{"type":"Point","coordinates":[-84.339083,33.844766]},"properties":{"brand":"Flock Safety"}},{"type":"Feature","geometry":{"type":"Point","coordinates":[-84.227438,33.890461]},"properties":{"brand":"Flock Safety"}},{"type":"Feature","geometry":{"type":"Point","coordinates":[-84.226592,33.888795]},"properties":{"brand":"Flock Safety"}},{"type":"Feature","geometry":{"type":"Point","coordinates":[-84.343067,33.836836]},"properties":{"brand":"Flock Safety"}},{"type":"Feature","geometry":{"type":"Point","coordinates":[-84.342364,33.836086]},"properties":{"brand":"Flock Safety"}},{"type":"Feature","geometry":{"type":"Point","coordinates":[-84.221064,33.884622]},"properties":{"brand":"Flock Safety"}},{"type":"Feature","geometry":{"type":"Point","coordinates":[-84.345297,33.842712]},"properties":{"brand":"Flock Safety"}},{"type":"Feature","geometry":{"type":"Point","coordinates":[-84.083255,33.905915]},"properties":{"brand":"Flock Safety"}},{"type":"Feature","geometry":{"type":"Point","coordinates":[-84.35364,33.848239]},"properties":{"brand":"Flock Safety"}},{"type":"Feature","geometry":{"type":"Point","coordinates":[-84.270045,33.74189]},"properties":{"brand":"Flock Safety"}},{"type":"Feature","geometry":{"type":"Point","coordinates":[-84.036144,33.853432]},"properties":{"brand":"Flock Safety"}},{"type":"Feature","geometry":{"type":"Point","coordinates":[-83.850197,34.085145]},"properties":{"brand":"Flock Safety"}},{"type":"Feature","geometry":{"type":"Point","coordinates":[-84.213806,33.733213]},"properties":{"brand":"Flock Safety"}},{"type":"Feature","geometry":{"type":"Point","coordinates":[-84.250735,33.89563]},"properties":{"brand":"Flock Safety"}},{"type":"Feature","geometry":{"type":"Point","coordinates":[-83.878233,33.804385]},"properties":{"brand":"Flock Safety"}},{"type":"Feature","geometry":{"type":"Point","coordinates":[-83.878491,33.804514]},"properties":{"brand":"Flock Safety"}},{"type":"Feature","geometry":{"type":"Point","coordinates":[-83.876309,33.805248]},"properties":{"brand":"Flock Safety"}},{"type":"Feature","geometry":{"type":"Point","coordinates":[-83.876505,33.805285]},"properties":{"brand":"Flock Safety"}},{"type":"Feature","geometry":{"type":"Point","coordinates":[-84.473072,34.68518]},"properties":{"brand":"Flock Safety"}},{"type":"Feature","geometry":{"type":"Point","coordinates":[-84.230084,33.681309]},"properties":{"brand":"Flock Safety"}},{"type":"Feature","geometry":{"type":"Point","coordinates":[-84.697649,34.44156]},"properties":{"brand":"Genetec"}},{"type":"Feature","geometry":{"type":"Point","coordinates":[-82.174434,34.88883]},"properties":{"brand":"Flock Safety"}},{"type":"Feature","geometry":{"type":"Point","coordinates":[-84.112349,33.823133]},"properties":{"brand":"Flock Safety"}},{"type":"Feature","geometry":{"type":"Point","coordinates":[-84.281854,33.729615]},"properties":{"brand":"Flock Safety"}},{"type":"Feature","geometry":{"type":"Point","coordinates":[-84.310379,33.719824]},"properties":{"brand":"Flock Safety"}},{"type":"Feature","geometry":{"type":"Point","coordinates":[-84.078361,33.973618]},"properties":{"brand":"Flock Safety"}},{"type":"Feature","geometry":{"type":"Point","coordinates":[-81.304599,33.985582]},"properties":{"brand":"Flock Safety"}},{"type":"Feature","geometry":{"type":"Point","coordinates":[-81.949035,33.466761]},"properties":{"brand":"Flock Safety"}},{"type":"Feature","geometry":{"type":"Point","coordinates":[-81.949199,33.466609]},"properties":{"brand":"Flock Safety"}},{"type":"Feature","geometry":{"type":"Point","coordinates":[-83.691393,34.395455]},"properties":{"brand":"Flock Safety"}},{"type":"Feature","geometry":{"type":"Point","coordinates":[-84.131557,33.842249]},"properties":{"brand":"Flock Safety"}},{"type":"Feature","geometry":{"type":"Point","coordinates":[-84.131104,33.868486]},"properties":{"brand":"Flock Safety"}},{"type":"Feature","geometry":{"type":"Point","coordinates":[-83.906277,34.068274]},"properties":{"brand":"Flock Safety"}},{"type":"Feature","geometry":{"type":"Point","coordinates":[-83.87855,34.076964]},"properties":{"brand":"Flock Safety"}},{"type":"Feature","geometry":{"type":"Point","coordinates":[-82.025999,33.38826]},"properties":{"brand":"Flock Safety"}},{"type":"Feature","geometry":{"type":"Point","coordinates":[-82.00762,33.413922]},"properties":{"brand":"Flock Safety"}},{"type":"Feature","geometry":{"type":"Point","coordinates":[-84.170281,34.098352]},"properties":{"brand":""}},{"type":"Feature","geometry":{"type":"Point","coordinates":[-84.150212,34.116873]},"properties":{"brand":""}},{"type":"Feature","geometry":{"type":"Point","coordinates":[-84.146548,34.119216]},"properties":{"brand":""}},{"type":"Feature","geometry":{"type":"Point","coordinates":[-84.00659,34.529473]},"properties":{"brand":"Flock Safety"}},{"type":"Feature","geometry":{"type":"Point","coordinates":[-83.874555,34.38853]},"properties":{"brand":"Flock Safety"}},{"type":"Feature","geometry":{"type":"Point","coordinates":[-81.373928,34.083679]},"properties":{"brand":"Flock Safety"}},{"type":"Feature","geometry":{"type":"Point","coordinates":[-84.529531,34.097033]},"properties":{"brand":"Flock Safety"}},{"type":"Feature","geometry":{"type":"Point","coordinates":[-84.299251,33.891809]},"properties":{"brand":"Flock Safety"}},{"type":"Feature","geometry":{"type":"Point","coordinates":[-80.877623,33.513042]},"properties":{"brand":"Motorola Solutions"}},{"type":"Feature","geometry":{"type":"Point","coordinates":[-80.885666,33.523654]},"properties":{"brand":"Flock Safety"}},{"type":"Feature","geometry":{"type":"Point","coordinates":[-84.587919,32.987299]},"properties":{"brand":"Flock Safety"}},{"type":"Feature","geometry":{"type":"Point","coordinates":[-83.3714,33.950836]},"properties":{"brand":"Flock Safety"}},{"type":"Feature","geometry":{"type":"Point","coordinates":[-83.38375,33.959317]},"properties":{"brand":"Flock Safety"}},{"type":"Feature","geometry":{"type":"Point","coordinates":[-84.027839,34.11316]},"properties":{"brand":"Flock Safety"}},{"type":"Feature","geometry":{"type":"Point","coordinates":[-84.027935,34.113186]},"properties":{"brand":"Flock Safety"}},{"type":"Feature","geometry":{"type":"Point","coordinates":[-82.929675,32.534887]},"properties":{"brand":"Flock Safety"}},{"type":"Feature","geometry":{"type":"Point","coordinates":[-82.943199,32.528525]},"properties":{"brand":"Flock Safety"}},{"type":"Feature","geometry":{"type":"Point","coordinates":[-82.95053,32.534145]},"properties":{"brand":"Flock Safety"}},{"type":"Feature","geometry":{"type":"Point","coordinates":[-83.062304,32.532106]},"properties":{"brand":"Flock Safety"}},{"type":"Feature","geometry":{"type":"Point","coordinates":[-84.119872,33.823233]},"properties":{"brand":"Flock Safety"}},{"type":"Feature","geometry":{"type":"Point","coordinates":[-83.954952,33.057162]},"properties":{"brand":"Flock Safety"}},{"type":"Feature","geometry":{"type":"Point","coordinates":[-84.960508,34.477774]},"properties":{"brand":"Flock Safety"}},{"type":"Feature","geometry":{"type":"Point","coordinates":[-84.861942,32.868793]},"properties":{"brand":"Flock Safety"}},{"type":"Feature","geometry":{"type":"Point","coordinates":[-82.579087,34.824577]},"properties":{"brand":"Flock Safety"}},{"type":"Feature","geometry":{"type":"Point","coordinates":[-81.661935,33.845379]},"properties":{"brand":"Flock Safety"}},{"type":"Feature","geometry":{"type":"Point","coordinates":[-81.65203,33.846207]},"properties":{"brand":"Flock Safety"}},{"type":"Feature","geometry":{"type":"Point","coordinates":[-81.659727,33.845456]},"properties":{"brand":"Flock Safety"}},{"type":"Feature","geometry":{"type":"Point","coordinates":[-81.648132,33.846675]},"properties":{"brand":"Flock Safety"}},{"type":"Feature","geometry":{"type":"Point","coordinates":[-84.188134,34.101245]},"properties":{"brand":"Flock Safety"}},{"type":"Feature","geometry":{"type":"Point","coordinates":[-84.180832,34.096367]},"properties":{"brand":"Flock Safety"}},{"type":"Feature","geometry":{"type":"Point","coordinates":[-84.183331,34.090939]},"properties":{"brand":"Flock Safety"}},{"type":"Feature","geometry":{"type":"Point","coordinates":[-84.242197,33.848615]},"properties":{"brand":"Flock Safety"}},{"type":"Feature","geometry":{"type":"Point","coordinates":[-83.850403,33.626576]},"properties":{"brand":"Flock Safety"}},{"type":"Feature","geometry":{"type":"Point","coordinates":[-83.850393,33.626671]},"properties":{"brand":"Flock Safety"}},{"type":"Feature","geometry":{"type":"Point","coordinates":[-83.865074,33.626924]},"properties":{"brand":"Flock Safety"}},{"type":"Feature","geometry":{"type":"Point","coordinates":[-81.253219,35.023463]},"properties":{"brand":"Flock Safety"}},{"type":"Feature","geometry":{"type":"Point","coordinates":[-84.171001,33.811171]},"properties":{"brand":"Flock Safety"}},{"type":"Feature","geometry":{"type":"Point","coordinates":[-84.178594,33.810389]},"properties":{"brand":"Flock Safety"}},{"type":"Feature","geometry":{"type":"Point","coordinates":[-84.171001,33.811171]},"properties":{"brand":"Flock Safety"}},{"type":"Feature","geometry":{"type":"Point","coordinates":[-85.226102,35.005982]},"properties":{"brand":"Flock Safety"}},{"type":"Feature","geometry":{"type":"Point","coordinates":[-85.226102,35.005982]},"properties":{"brand":"Flock Safety"}},{"type":"Feature","geometry":{"type":"Point","coordinates":[-82.483694,34.699415]},"properties":{"brand":"Motorola Solutions"}},{"type":"Feature","geometry":{"type":"Point","coordinates":[-82.485195,34.69995]},"properties":{"brand":"Motorola Solutions"}},{"type":"Feature","geometry":{"type":"Point","coordinates":[-84.227501,33.908651]},"properties":{"brand":"Flock Safety"}},{"type":"Feature","geometry":{"type":"Point","coordinates":[-84.21045,33.895214]},"properties":{"brand":"Flock Safety"}},{"type":"Feature","geometry":{"type":"Point","coordinates":[-84.23622,33.905012]},"properties":{"brand":"Flock Safety"}},{"type":"Feature","geometry":{"type":"Point","coordinates":[-84.092184,32.880241]},"properties":{"brand":"Flock Safety"}},{"type":"Feature","geometry":{"type":"Point","coordinates":[-84.131711,32.917048]},"properties":{"brand":"Flock Safety"}},{"type":"Feature","geometry":{"type":"Point","coordinates":[-84.089663,32.880241]},"properties":{"brand":"Flock Safety"}},{"type":"Feature","geometry":{"type":"Point","coordinates":[-84.111505,34.418153]},"properties":{"brand":"Flock Safety"}},{"type":"Feature","geometry":{"type":"Point","coordinates":[-84.7329,33.396078]},"properties":{"brand":"Flock Safety"}},{"type":"Feature","geometry":{"type":"Point","coordinates":[-84.732683,33.395852]},"properties":{"brand":"Flock Safety"}},{"type":"Feature","geometry":{"type":"Point","coordinates":[-84.732678,33.395371]},"properties":{"brand":"Flock Safety"}},{"type":"Feature","geometry":{"type":"Point","coordinates":[-84.732678,33.395371]},"properties":{"brand":"Flock Safety"}},{"type":"Feature","geometry":{"type":"Point","coordinates":[-84.738767,33.378874]},"properties":{"brand":"Flock Safety"}},{"type":"Feature","geometry":{"type":"Point","coordinates":[-84.523213,33.866008]},"properties":{"brand":"Flock Safety"}},{"type":"Feature","geometry":{"type":"Point","coordinates":[-84.523213,33.866008]},"properties":{"brand":"Flock Safety"}},{"type":"Feature","geometry":{"type":"Point","coordinates":[-82.949302,32.541111]},"properties":{"brand":"Flock Safety"}},{"type":"Feature","geometry":{"type":"Point","coordinates":[-83.983078,33.931087]},"properties":{"brand":"Flock Safety"}},{"type":"Feature","geometry":{"type":"Point","coordinates":[-84.572066,33.291835]},"properties":{"brand":"Flock Safety"}},{"type":"Feature","geometry":{"type":"Point","coordinates":[-81.978742,33.484778]},"properties":{"brand":"Flock Safety"}},{"type":"Feature","geometry":{"type":"Point","coordinates":[-84.371971,33.760299]},"properties":{"brand":"Genetec"}},{"type":"Feature","geometry":{"type":"Point","coordinates":[-84.520374,33.894592]},"properties":{"brand":"Flock Safety"}},{"type":"Feature","geometry":{"type":"Point","coordinates":[-84.242683,33.848235]},"properties":{"brand":"Flock Safety"}},{"type":"Feature","geometry":{"type":"Point","coordinates":[-80.901533,34.172384]},"properties":{"brand":"Flock Safety"}},{"type":"Feature","geometry":{"type":"Point","coordinates":[-84.288217,34.070677]},"properties":{"brand":"Flock Safety"}},{"type":"Feature","geometry":{"type":"Point","coordinates":[-84.288323,34.070738]},"properties":{"brand":"Flock Safety"}},{"type":"Feature","geometry":{"type":"Point","coordinates":[-84.367754,33.85102]},"properties":{"brand":"Flock Safety"}},{"type":"Feature","geometry":{"type":"Point","coordinates":[-84.367755,33.85097]},"properties":{"brand":"Flock Safety"}},{"type":"Feature","geometry":{"type":"Point","coordinates":[-84.367504,33.850539]},"properties":{"brand":"Flock Safety"}},{"type":"Feature","geometry":{"type":"Point","coordinates":[-84.36759,33.850526]},"properties":{"brand":"Flock Safety"}},{"type":"Feature","geometry":{"type":"Point","coordinates":[-84.210067,33.894194]},"properties":{"brand":"Flock Safety"}},{"type":"Feature","geometry":{"type":"Point","coordinates":[-84.219219,33.882515]},"properties":{"brand":"Flock Safety"}},{"type":"Feature","geometry":{"type":"Point","coordinates":[-83.765272,34.127416]},"properties":{"brand":"Flock Safety"}},{"type":"Feature","geometry":{"type":"Point","coordinates":[-83.925597,33.946265]},"properties":{"brand":"Flock Safety"}},{"type":"Feature","geometry":{"type":"Point","coordinates":[-83.466781,33.78976]},"properties":{"brand":"Flock Safety"}},{"type":"Feature","geometry":{"type":"Point","coordinates":[-82.502582,35.021059]},"properties":{"brand":"Flock Safety"}},{"type":"Feature","geometry":{"type":"Point","coordinates":[-84.492574,34.656672]},"properties":{"brand":"Flock Safety"}},{"type":"Feature","geometry":{"type":"Point","coordinates":[-84.803119,33.911066]},"properties":{"brand":"Flock Safety"}},{"type":"Feature","geometry":{"type":"Point","coordinates":[-83.566697,33.893545]},"properties":{"brand":"Flock Safety"}},{"type":"Feature","geometry":{"type":"Point","coordinates":[-84.130727,33.84084]},"properties":{"brand":"Flock Safety"}},{"type":"Feature","geometry":{"type":"Point","coordinates":[-84.124836,33.826604]},"properties":{"brand":"Flock Safety"}},{"type":"Feature","geometry":{"type":"Point","coordinates":[-84.119142,33.824907]},"properties":{"brand":"Flock Safety"}},{"type":"Feature","geometry":{"type":"Point","coordinates":[-84.118831,33.825478]},"properties":{"brand":"Flock Safety"}},{"type":"Feature","geometry":{"type":"Point","coordinates":[-83.749287,33.789371]},"properties":{"brand":"Flock Safety"}},{"type":"Feature","geometry":{"type":"Point","coordinates":[-84.321762,32.915964]},"properties":{"brand":"Flock Safety"}},{"type":"Feature","geometry":{"type":"Point","coordinates":[-84.330833,32.911613]},"properties":{"brand":"Flock Safety"}},{"type":"Feature","geometry":{"type":"Point","coordinates":[-85.479115,32.607387]},"properties":{"brand":"Flock Safety"}},{"type":"Feature","geometry":{"type":"Point","coordinates":[-84.344058,33.042983]},"properties":{"brand":"Flock Safety"}},{"type":"Feature","geometry":{"type":"Point","coordinates":[-84.290272,33.910669]},"properties":{"brand":"Flock Safety"}},{"type":"Feature","geometry":{"type":"Point","coordinates":[-84.482772,33.012671]},"properties":{"brand":"Flock Safety"}},{"type":"Feature","geometry":{"type":"Point","coordinates":[-84.502982,32.998866]},"properties":{"brand":"Flock Safety"}},{"type":"Feature","geometry":{"type":"Point","coordinates":[-84.499633,32.982874]},"properties":{"brand":"Flock Safety"}},{"type":"Feature","geometry":{"type":"Point","coordinates":[-84.363146,32.905726]},"properties":{"brand":"Flock Safety"}},{"type":"Feature","geometry":{"type":"Point","coordinates":[-84.355684,32.900865]},"properties":{"brand":"Flock Safety"}},{"type":"Feature","geometry":{"type":"Point","coordinates":[-84.201287,32.990107]},"properties":{"brand":"Flock Safety"}},{"type":"Feature","geometry":{"type":"Point","coordinates":[-82.196314,33.449852]},"properties":{"brand":"Flock Safety"}},{"type":"Feature","geometry":{"type":"Point","coordinates":[-82.206512,33.453637]},"properties":{"brand":"Genetec"}},{"type":"Feature","geometry":{"type":"Point","coordinates":[-82.207901,33.454095]},"properties":{"brand":"Genetec"}},{"type":"Feature","geometry":{"type":"Point","coordinates":[-82.207688,33.454392]},"properties":{"brand":"Genetec"}},{"type":"Feature","geometry":{"type":"Point","coordinates":[-83.48083,33.614639]},"properties":{"brand":"Flock Safety"}},{"type":"Feature","geometry":{"type":"Point","coordinates":[-84.651031,33.76643]},"properties":{"brand":"Flock Safety"}},{"type":"Feature","geometry":{"type":"Point","coordinates":[-84.651263,33.766801]},"properties":{"brand":"Flock Safety"}},{"type":"Feature","geometry":{"type":"Point","coordinates":[-84.652882,33.770499]},"properties":{"brand":"Flock Safety"}},{"type":"Feature","geometry":{"type":"Point","coordinates":[-85.192785,34.966533]},"properties":{"brand":"Flock Safety"}},{"type":"Feature","geometry":{"type":"Point","coordinates":[-83.534894,34.536587]},"properties":{"brand":"Flock Safety"}},{"type":"Feature","geometry":{"type":"Point","coordinates":[-83.533777,34.537658]},"properties":{"brand":"Flock Safety"}},{"type":"Feature","geometry":{"type":"Point","coordinates":[-83.534724,34.534703]},"properties":{"brand":"Flock Safety"}},{"type":"Feature","geometry":{"type":"Point","coordinates":[-84.298434,33.895059]},"properties":{"brand":"Flock Safety"}},{"type":"Feature","geometry":{"type":"Point","coordinates":[-84.298434,33.895059]},"properties":{"brand":"Flock Safety"}},{"type":"Feature","geometry":{"type":"Point","coordinates":[-84.967478,33.041684]},"properties":{"brand":"Motorola Solutions"}},{"type":"Feature","geometry":{"type":"Point","coordinates":[-84.213769,33.842964]},"properties":{"brand":"Flock Safety"}},{"type":"Feature","geometry":{"type":"Point","coordinates":[-83.753973,34.618787]},"properties":{"brand":"Flock Safety"}},{"type":"Feature","geometry":{"type":"Point","coordinates":[-84.20962,33.893492]},"properties":{"brand":"Flock Safety"}},{"type":"Feature","geometry":{"type":"Point","coordinates":[-84.208235,33.913776]},"properties":{"brand":"Flock Safety"}},{"type":"Feature","geometry":{"type":"Point","coordinates":[-84.21159,33.921863]},"properties":{"brand":"Flock Safety"}},{"type":"Feature","geometry":{"type":"Point","coordinates":[-82.075495,33.377325]},"properties":{"brand":"Flock Safety"}},{"type":"Feature","geometry":{"type":"Point","coordinates":[-82.100294,33.387623]},"properties":{"brand":"Flock Safety"}},{"type":"Feature","geometry":{"type":"Point","coordinates":[-83.560048,32.543196]},"properties":{"brand":"Flock Safety"}},{"type":"Feature","geometry":{"type":"Point","coordinates":[-84.304483,33.955982]},"properties":{"brand":"Flock Safety"}},{"type":"Feature","geometry":{"type":"Point","coordinates":[-83.374371,32.590544]},"properties":{"brand":"Flock Safety"}},{"type":"Feature","geometry":{"type":"Point","coordinates":[-80.958027,35.005845]},"properties":{"brand":"Flock Safety"}},{"type":"Feature","geometry":{"type":"Point","coordinates":[-84.99807,34.791257]},"properties":{"brand":"Flock Safety"}},{"type":"Feature","geometry":{"type":"Point","coordinates":[-84.998906,34.789169]},"properties":{"brand":"Flock Safety"}},{"type":"Feature","geometry":{"type":"Point","coordinates":[-84.292965,33.857704]},"properties":{"brand":"Flock Safety"}},{"type":"Feature","geometry":{"type":"Point","coordinates":[-84.292394,33.862485]},"properties":{"brand":"Flock Safety"}},{"type":"Feature","geometry":{"type":"Point","coordinates":[-85.307639,32.788085]},"properties":{"brand":"Flock Safety"}},{"type":"Feature","geometry":{"type":"Point","coordinates":[-82.267683,34.939772]},"properties":{"brand":"Flock Safety"}},{"type":"Feature","geometry":{"type":"Point","coordinates":[-82.173688,34.95838]},"properties":{"brand":"Flock Safety"}},{"type":"Feature","geometry":{"type":"Point","coordinates":[-85.006466,33.879979]},"properties":{"brand":"Flock Safety"}},{"type":"Feature","geometry":{"type":"Point","coordinates":[-84.885777,33.91403]},"properties":{"brand":"Flock Safety"}},{"type":"Feature","geometry":{"type":"Point","coordinates":[-84.041488,34.013729]},"properties":{"brand":"Flock Safety"}},{"type":"Feature","geometry":{"type":"Point","coordinates":[-80.947746,34.061391]},"properties":{"brand":"Flock Safety"}},{"type":"Feature","geometry":{"type":"Point","coordinates":[-80.951153,34.059975]},"properties":{"brand":"Flock Safety"}},{"type":"Feature","geometry":{"type":"Point","coordinates":[-84.291988,33.862298]},"properties":{"brand":"Flock Safety"}},{"type":"Feature","geometry":{"type":"Point","coordinates":[-84.291982,33.862298]},"properties":{"brand":"Flock Safety"}},{"type":"Feature","geometry":{"type":"Point","coordinates":[-84.271181,33.942073]},"properties":{"brand":"Flock Safety"}},{"type":"Feature","geometry":{"type":"Point","coordinates":[-80.950506,34.987547]},"properties":{"brand":"Flock Safety"}},{"type":"Feature","geometry":{"type":"Point","coordinates":[-84.652711,33.770613]},"properties":{"brand":"Flock Safety"}},{"type":"Feature","geometry":{"type":"Point","coordinates":[-85.076414,33.544355]},"properties":{"brand":"Flock Safety"}},{"type":"Feature","geometry":{"type":"Point","coordinates":[-81.968001,34.925775]},"properties":{"brand":"Flock Safety"}},{"type":"Feature","geometry":{"type":"Point","coordinates":[-82.225162,34.939188]},"properties":{"brand":"Flock Safety"}},{"type":"Feature","geometry":{"type":"Point","coordinates":[-81.947333,34.937164]},"properties":{"brand":"Flock Safety"}},{"type":"Feature","geometry":{"type":"Point","coordinates":[-84.457494,34.681467]},"properties":{"brand":"Flock Safety"}},{"type":"Feature","geometry":{"type":"Point","coordinates":[-85.077053,33.549445]},"properties":{"brand":"Flock Safety"}},{"type":"Feature","geometry":{"type":"Point","coordinates":[-80.873923,34.130532]},"properties":{"brand":"Flock Safety"}},{"type":"Feature","geometry":{"type":"Point","coordinates":[-80.898242,34.178237]},"properties":{"brand":"Flock Safety"}},{"type":"Feature","geometry":{"type":"Point","coordinates":[-84.287365,33.862795]},"properties":{"brand":"Flock Safety"}},{"type":"Feature","geometry":{"type":"Point","coordinates":[-82.094182,34.936499]},"properties":{"brand":"Flock Safety"}},{"type":"Feature","geometry":{"type":"Point","coordinates":[-82.098473,34.928396]},"properties":{"brand":"Flock Safety"}},{"type":"Feature","geometry":{"type":"Point","coordinates":[-85.079227,33.265357]},"properties":{"brand":"Flock Safety"}},{"type":"Feature","geometry":{"type":"Point","coordinates":[-84.89986,33.181434]},"properties":{"brand":"Flock Safety"}},{"type":"Feature","geometry":{"type":"Point","coordinates":[-84.288009,34.062101]},"properties":{"brand":"Flock Safety"}},{"type":"Feature","geometry":{"type":"Point","coordinates":[-84.287943,34.062222]},"properties":{"brand":"Flock Safety"}},{"type":"Feature","geometry":{"type":"Point","coordinates":[-82.376729,32.620637]},"properties":{"brand":"Flock Safety"}},{"type":"Feature","geometry":{"type":"Point","coordinates":[-82.365613,32.586685]},"properties":{"brand":"Flock Safety"}},{"type":"Feature","geometry":{"type":"Point","coordinates":[-85.077733,33.61796]},"properties":{"brand":"Flock Safety"}},{"type":"Feature","geometry":{"type":"Point","coordinates":[-82.358667,32.576659]},"properties":{"brand":"Flock Safety"}},{"type":"Feature","geometry":{"type":"Point","coordinates":[-82.363335,32.641534]},"properties":{"brand":"Flock Safety"}},{"type":"Feature","geometry":{"type":"Point","coordinates":[-84.486521,33.980375]},"properties":{"brand":"Flock Safety"}},{"type":"Feature","geometry":{"type":"Point","coordinates":[-84.026495,33.667664]},"properties":{"brand":"Flock Safety"}},{"type":"Feature","geometry":{"type":"Point","coordinates":[-84.168637,34.153086]},"properties":{"brand":"Flock Safety"}},{"type":"Feature","geometry":{"type":"Point","coordinates":[-84.152331,34.151069]},"properties":{"brand":"Flock Safety"}},{"type":"Feature","geometry":{"type":"Point","coordinates":[-84.157632,34.149879]},"properties":{"brand":"Genetec"}},{"type":"Feature","geometry":{"type":"Point","coordinates":[-84.152329,34.150955]},"properties":{"brand":"Flock Safety"}},{"type":"Feature","geometry":{"type":"Point","coordinates":[-84.162666,34.15011]},"properties":{"brand":"Flock Safety"}},{"type":"Feature","geometry":{"type":"Point","coordinates":[-84.168421,34.153147]},"properties":{"brand":"Flock Safety"}},{"type":"Feature","geometry":{"type":"Point","coordinates":[-84.157404,34.149298]},"properties":{"brand":"Genetec"}},{"type":"Feature","geometry":{"type":"Point","coordinates":[-84.167616,34.15211]},"properties":{"brand":"Flock Safety"}},{"type":"Feature","geometry":{"type":"Point","coordinates":[-84.165226,34.151164]},"properties":{"brand":"Flock Safety"}},{"type":"Feature","geometry":{"type":"Point","coordinates":[-84.164242,34.150654]},"properties":{"brand":"Flock Safety"}},{"type":"Feature","geometry":{"type":"Point","coordinates":[-84.154997,34.150391]},"properties":{"brand":"Flock Safety"}},{"type":"Feature","geometry":{"type":"Point","coordinates":[-84.168001,34.152527]},"properties":{"brand":"Flock Safety"}},{"type":"Feature","geometry":{"type":"Point","coordinates":[-84.167382,34.152391]},"properties":{"brand":"Flock Safety"}},{"type":"Feature","geometry":{"type":"Point","coordinates":[-84.167328,34.152063]},"properties":{"brand":"Flock Safety"}},{"type":"Feature","geometry":{"type":"Point","coordinates":[-84.160045,34.150111]},"properties":{"brand":"Flock Safety"}},{"type":"Feature","geometry":{"type":"Point","coordinates":[-84.16828,34.152894]},"properties":{"brand":"Flock Safety"}},{"type":"Feature","geometry":{"type":"Point","coordinates":[-80.906356,34.157868]},"properties":{"brand":"Flock Safety"}},{"type":"Feature","geometry":{"type":"Point","coordinates":[-80.977535,34.214338]},"properties":{"brand":"Flock Safety"}},{"type":"Feature","geometry":{"type":"Point","coordinates":[-83.883151,34.108971]},"properties":{"brand":"Flock Safety"}},{"type":"Feature","geometry":{"type":"Point","coordinates":[-83.96204,34.088813]},"properties":{"brand":"Flock Safety"}},{"type":"Feature","geometry":{"type":"Point","coordinates":[-84.907155,33.495313]},"properties":{"brand":"Flock Safety"}},{"type":"Feature","geometry":{"type":"Point","coordinates":[-85.310435,34.984288]},"properties":{"brand":"Flock Safety"}},{"type":"Feature","geometry":{"type":"Point","coordinates":[-84.661969,33.459747]},"properties":{"brand":"Flock Safety"}},{"type":"Feature","geometry":{"type":"Point","coordinates":[-84.070908,33.774677]},"properties":{"brand":"Flock Safety"}},{"type":"Feature","geometry":{"type":"Point","coordinates":[-84.033232,34.106105]},"properties":{"brand":"Flock Safety"}},{"type":"Feature","geometry":{"type":"Point","coordinates":[-84.040234,34.111588]},"properties":{"brand":"Flock Safety"}},{"type":"Feature","geometry":{"type":"Point","coordinates":[-84.195756,33.826038]},"properties":{"brand":"Flock Safety"}},{"type":"Feature","geometry":{"type":"Point","coordinates":[-84.436612,33.788465]},"properties":{"brand":"Flock Safety"}},{"type":"Feature","geometry":{"type":"Point","coordinates":[-84.971621,34.479795]},"properties":{"brand":"Flock Safety"}},{"type":"Feature","geometry":{"type":"Point","coordinates":[-83.219101,33.082788]},"properties":{"brand":"Flock Safety"}},{"type":"Feature","geometry":{"type":"Point","coordinates":[-83.199701,33.086838]},"properties":{"brand":"Flock Safety"}},{"type":"Feature","geometry":{"type":"Point","coordinates":[-83.095593,33.151365]},"properties":{"brand":"Flock Safety"}},{"type":"Feature","geometry":{"type":"Point","coordinates":[-83.11123,33.146705]},"properties":{"brand":"Flock Safety"}},{"type":"Feature","geometry":{"type":"Point","coordinates":[-82.873714,33.440912]},"properties":{"brand":"Flock Safety"}},{"type":"Feature","geometry":{"type":"Point","coordinates":[-82.385654,34.85289]},"properties":{"brand":"Flock Safety"}},{"type":"Feature","geometry":{"type":"Point","coordinates":[-81.875819,34.463935]},"properties":{"brand":"Flock Safety"}},{"type":"Feature","geometry":{"type":"Point","coordinates":[-81.878392,34.463909]},"properties":{"brand":"Flock Safety"}},{"type":"Feature","geometry":{"type":"Point","coordinates":[-83.85606,33.94724]},"properties":{"brand":"Flock Safety"}},{"type":"Feature","geometry":{"type":"Point","coordinates":[-84.594944,33.561023]},"properties":{"brand":"Flock Safety"}},{"type":"Feature","geometry":{"type":"Point","coordinates":[-84.596766,33.562439]},"properties":{"brand":"Flock Safety"}},{"type":"Feature","geometry":{"type":"Point","coordinates":[-82.349708,32.619429]},"properties":{"brand":"Flock Safety"}},{"type":"Feature","geometry":{"type":"Point","coordinates":[-81.084121,34.979682]},"properties":{"brand":"Flock Safety"}},{"type":"Feature","geometry":{"type":"Point","coordinates":[-84.155214,34.194391]},"properties":{"brand":"Flock Safety"}},{"type":"Feature","geometry":{"type":"Point","coordinates":[-84.044242,33.851736]},"properties":{"brand":"Flock Safety"}},{"type":"Feature","geometry":{"type":"Point","coordinates":[-84.114993,33.823022]},"properties":{"brand":"Flock Safety"}},{"type":"Feature","geometry":{"type":"Point","coordinates":[-84.153185,33.825298]},"properties":{"brand":"Flock Safety"}},{"type":"Feature","geometry":{"type":"Point","coordinates":[-83.835286,33.633964]},"properties":{"brand":"Flock Safety"}},{"type":"Feature","geometry":{"type":"Point","coordinates":[-83.832525,33.625318]},"properties":{"brand":"Flock Safety"}},{"type":"Feature","geometry":{"type":"Point","coordinates":[-83.825458,33.612477]},"properties":{"brand":"Flock Safety"}},{"type":"Feature","geometry":{"type":"Point","coordinates":[-84.510246,33.967254]},"properties":{"brand":"Flock Safety"}},{"type":"Feature","geometry":{"type":"Point","coordinates":[-84.432415,33.806466]},"properties":{"brand":"Flock Safety"}},{"type":"Feature","geometry":{"type":"Point","coordinates":[-84.373524,33.73061]},"properties":{"brand":"Flock Safety"}},{"type":"Feature","geometry":{"type":"Point","coordinates":[-84.794817,33.784274]},"properties":{"brand":"Flock Safety"}},{"type":"Feature","geometry":{"type":"Point","coordinates":[-85.193908,33.438003]},"properties":{"brand":"Flock Safety"}},{"type":"Feature","geometry":{"type":"Point","coordinates":[-81.663496,33.845422]},"properties":{"brand":"Flock Safety"}},{"type":"Feature","geometry":{"type":"Point","coordinates":[-83.87581,34.060728]},"properties":{"brand":"Flock Safety"}},{"type":"Feature","geometry":{"type":"Point","coordinates":[-85.112207,33.285586]},"properties":{"brand":"Flock Safety"}},{"type":"Feature","geometry":{"type":"Point","coordinates":[-85.480096,33.294439]},"properties":{"brand":"Flock Safety"}},{"type":"Feature","geometry":{"type":"Point","coordinates":[-85.479354,33.294633]},"properties":{"brand":"Flock Safety"}},{"type":"Feature","geometry":{"type":"Point","coordinates":[-85.478919,33.294778]},"properties":{"brand":"Flock Safety"}},{"type":"Feature","geometry":{"type":"Point","coordinates":[-85.251987,33.211004]},"properties":{"brand":"Flock Safety"}},{"type":"Feature","geometry":{"type":"Point","coordinates":[-84.378899,33.718157]},"properties":{"brand":"Flock Safety"}},{"type":"Feature","geometry":{"type":"Point","coordinates":[-84.220775,33.897382]},"properties":{"brand":"Flock Safety"}},{"type":"Feature","geometry":{"type":"Point","coordinates":[-82.817781,34.687437]},"properties":{"brand":"Flock Safety"}},{"type":"Feature","geometry":{"type":"Point","coordinates":[-84.220362,33.883862]},"properties":{"brand":"Flock Safety"}},{"type":"Feature","geometry":{"type":"Point","coordinates":[-82.334603,34.835722]},"properties":{"brand":"Flock Safety"}},{"type":"Feature","geometry":{"type":"Point","coordinates":[-84.21406,33.936255]},"properties":{"brand":"Flock Safety"}},{"type":"Feature","geometry":{"type":"Point","coordinates":[-84.259249,33.916805]},"properties":{"brand":"Flock Safety"}},{"type":"Feature","geometry":{"type":"Point","coordinates":[-84.303042,33.773456]},"properties":{"brand":"Flock Safety"}},{"type":"Feature","geometry":{"type":"Point","coordinates":[-84.063963,33.881696]},"properties":{"brand":"Flock Safety"}},{"type":"Feature","geometry":{"type":"Point","coordinates":[-85.022997,33.989988]},"properties":{"brand":"Flock Safety"}},{"type":"Feature","geometry":{"type":"Point","coordinates":[-84.982198,33.950361]},"properties":{"brand":"Flock Safety"}},{"type":"Feature","geometry":{"type":"Point","coordinates":[-84.841721,33.91071]},"properties":{"brand":"Flock Safety"}},{"type":"Feature","geometry":{"type":"Point","coordinates":[-83.823984,35.013738]},"properties":{"brand":"Flock Safety"}},{"type":"Feature","geometry":{"type":"Point","coordinates":[-85.079279,33.555019]},"properties":{"brand":"Flock Safety"}},{"type":"Feature","geometry":{"type":"Point","coordinates":[-84.725611,33.819541]},"properties":{"brand":"Flock Safety"}},{"type":"Feature","geometry":{"type":"Point","coordinates":[-84.724042,33.812209]},"properties":{"brand":"Flock Safety"}},{"type":"Feature","geometry":{"type":"Point","coordinates":[-84.691062,33.802303]},"properties":{"brand":"Flock Safety"}},{"type":"Feature","geometry":{"type":"Point","coordinates":[-84.671215,33.805527]},"properties":{"brand":"Flock Safety"}},{"type":"Feature","geometry":{"type":"Point","coordinates":[-84.698812,33.844267]},"properties":{"brand":"Flock Safety"}},{"type":"Feature","geometry":{"type":"Point","coordinates":[-84.677963,33.793361]},"properties":{"brand":"Flock Safety"}},{"type":"Feature","geometry":{"type":"Point","coordinates":[-84.376315,33.835797]},"properties":{"brand":"Flock Safety"}},{"type":"Feature","geometry":{"type":"Point","coordinates":[-80.866109,34.147136]},"properties":{"brand":"Flock Safety"}},{"type":"Feature","geometry":{"type":"Point","coordinates":[-80.870704,34.148247]},"properties":{"brand":"Flock Safety"}},{"type":"Feature","geometry":{"type":"Point","coordinates":[-80.870856,34.148468]},"properties":{"brand":"Flock Safety"}},{"type":"Feature","geometry":{"type":"Point","coordinates":[-80.875393,34.167057]},"properties":{"brand":"Flock Safety"}},{"type":"Feature","geometry":{"type":"Point","coordinates":[-84.429001,33.805524]},"properties":{"brand":"Flock Safety"}},{"type":"Feature","geometry":{"type":"Point","coordinates":[-84.434296,33.806502]},"properties":{"brand":"Flock Safety"}},{"type":"Feature","geometry":{"type":"Point","coordinates":[-83.965386,33.064284]},"properties":{"brand":"Leonardo"}},{"type":"Feature","geometry":{"type":"Point","coordinates":[-83.981009,33.07481]},"properties":{"brand":"Leonardo"}},{"type":"Feature","geometry":{"type":"Point","coordinates":[-84.147294,34.221635]},"properties":{"brand":"Flock Safety"}},{"type":"Feature","geometry":{"type":"Point","coordinates":[-84.280107,33.748232]},"properties":{"brand":"Flock Safety"}},{"type":"Feature","geometry":{"type":"Point","coordinates":[-83.663744,32.838883]},"properties":{"brand":"Flock Safety"}},{"type":"Feature","geometry":{"type":"Point","coordinates":[-83.662626,32.838952]},"properties":{"brand":"Flock Safety"}},{"type":"Feature","geometry":{"type":"Point","coordinates":[-84.213463,33.841425]},"properties":{"brand":"Flock Safety"}},{"type":"Feature","geometry":{"type":"Point","coordinates":[-84.315004,33.924687]},"properties":{"brand":"Flock Safety"}},{"type":"Feature","geometry":{"type":"Point","coordinates":[-83.742396,34.266851]},"properties":{"brand":"Flock Safety"}},{"type":"Feature","geometry":{"type":"Point","coordinates":[-83.743217,34.266297]},"properties":{"brand":"Flock Safety"}},{"type":"Feature","geometry":{"type":"Point","coordinates":[-84.40581,33.853981]},"properties":{"brand":"Flock Safety"}},{"type":"Feature","geometry":{"type":"Point","coordinates":[-84.405374,33.856089]},"properties":{"brand":"Motorola Solutions"}},{"type":"Feature","geometry":{"type":"Point","coordinates":[-84.39494,33.855294]},"properties":{"brand":"Flock Safety"}},{"type":"Feature","geometry":{"type":"Point","coordinates":[-84.212993,33.842036]},"properties":{"brand":"Flock Safety"}},{"type":"Feature","geometry":{"type":"Point","coordinates":[-84.141786,33.48]},"properties":{"brand":"Flock Safety"}},{"type":"Feature","geometry":{"type":"Point","coordinates":[-83.956227,33.629295]},"properties":{"brand":"Flock Safety"}},{"type":"Feature","geometry":{"type":"Point","coordinates":[-83.947021,33.628563]},"properties":{"brand":"Flock Safety"}},{"type":"Feature","geometry":{"type":"Point","coordinates":[-84.345945,33.828403]},"properties":{"brand":"Flock Safety"}},{"type":"Feature","geometry":{"type":"Point","coordinates":[-81.990481,33.471674]},"properties":{"brand":"Flock Safety"}},{"type":"Feature","geometry":{"type":"Point","coordinates":[-83.722813,32.578293]},"properties":{"brand":"Flock Safety"}},{"type":"Feature","geometry":{"type":"Point","coordinates":[-84.268174,33.737368]},"properties":{"brand":"Flock Safety"}},{"type":"Feature","geometry":{"type":"Point","coordinates":[-80.975991,35.03408]},"properties":{"brand":"Flock Safety"}},{"type":"Feature","geometry":{"type":"Point","coordinates":[-84.32505,33.999973]},"properties":{"brand":"Flock Safety"}},{"type":"Feature","geometry":{"type":"Point","coordinates":[-84.011741,33.783007]},"properties":{"brand":"Flock Safety"}},{"type":"Feature","geometry":{"type":"Point","coordinates":[-84.133136,33.836997]},"properties":{"brand":"Flock Safety"}},{"type":"Feature","geometry":{"type":"Point","coordinates":[-81.670407,34.825864]},"properties":{"brand":"Flock Safety"}},{"type":"Feature","geometry":{"type":"Point","coordinates":[-84.357535,33.841492]},"properties":{"brand":"Flock Safety"}},{"type":"Feature","geometry":{"type":"Point","coordinates":[-84.358255,33.841457]},"properties":{"brand":"Flock Safety"}},{"type":"Feature","geometry":{"type":"Point","coordinates":[-84.357595,33.843511]},"properties":{"brand":"Flock Safety"}},{"type":"Feature","geometry":{"type":"Point","coordinates":[-85.024754,33.196442]},"properties":{"brand":"Flock Safety"}},{"type":"Feature","geometry":{"type":"Point","coordinates":[-82.735867,33.743712]},"properties":{"brand":"Flock Safety"}},{"type":"Feature","geometry":{"type":"Point","coordinates":[-82.733669,33.718744]},"properties":{"brand":"Flock Safety"}},{"type":"Feature","geometry":{"type":"Point","coordinates":[-82.747553,33.711674]},"properties":{"brand":"Flock Safety"}},{"type":"Feature","geometry":{"type":"Point","coordinates":[-84.350633,33.692727]},"properties":{"brand":"Flock Safety"}},{"type":"Feature","geometry":{"type":"Point","coordinates":[-84.128182,34.174367]},"properties":{"brand":"Flock Safety"}},{"type":"Feature","geometry":{"type":"Point","coordinates":[-84.56535,34.021366]},"properties":{"brand":"Flock Safety"}},{"type":"Feature","geometry":{"type":"Point","coordinates":[-84.571366,34.022234]},"properties":{"brand":"Flock Safety"}},{"type":"Feature","geometry":{"type":"Point","coordinates":[-84.116617,34.132914]},"properties":{"brand":"Flock Safety"}},{"type":"Feature","geometry":{"type":"Point","coordinates":[-84.578989,34.011612]},"properties":{"brand":"Flock Safety"}},{"type":"Feature","geometry":{"type":"Point","coordinates":[-84.367911,33.65368]},"properties":{"brand":"Flock Safety"}},{"type":"Feature","geometry":{"type":"Point","coordinates":[-84.036133,33.980827]},"properties":{"brand":"Flock Safety"}},{"type":"Feature","geometry":{"type":"Point","coordinates":[-84.293268,33.246482]},"properties":{"brand":"Flock Safety"}},{"type":"Feature","geometry":{"type":"Point","coordinates":[-84.586293,33.902993]},"properties":{"brand":"Flock Safety"}},{"type":"Feature","geometry":{"type":"Point","coordinates":[-84.583086,33.903436]},"properties":{"brand":"Flock Safety"}},{"type":"Feature","geometry":{"type":"Point","coordinates":[-84.579516,33.286041]},"properties":{"brand":"Flock Safety"}},{"type":"Feature","geometry":{"type":"Point","coordinates":[-83.815698,34.088962]},"properties":{"brand":"Flock Safety"}},{"type":"Feature","geometry":{"type":"Point","coordinates":[-83.815787,34.089152]},"properties":{"brand":"Flock Safety"}},{"type":"Feature","geometry":{"type":"Point","coordinates":[-84.591048,33.538203]},"properties":{"brand":"Flock Safety"}},{"type":"Feature","geometry":{"type":"Point","coordinates":[-84.466632,33.881422]},"properties":{"brand":"Flock Safety"}},{"type":"Feature","geometry":{"type":"Point","coordinates":[-82.206967,33.454272]},"properties":{"brand":"Genetec"}},{"type":"Feature","geometry":{"type":"Point","coordinates":[-84.227466,33.853532]},"properties":{"brand":"Flock Safety"}},{"type":"Feature","geometry":{"type":"Point","coordinates":[-83.982948,33.980618]},"properties":{"brand":"Flock Safety"}},{"type":"Feature","geometry":{"type":"Point","coordinates":[-84.034338,33.959715]},"properties":{"brand":"Flock Safety"}},{"type":"Feature","geometry":{"type":"Point","coordinates":[-83.85325,33.973536]},"properties":{"brand":"Flock Safety"}},{"type":"Feature","geometry":{"type":"Point","coordinates":[-83.767999,33.95246]},"properties":{"brand":"Flock Safety"}},{"type":"Feature","geometry":{"type":"Point","coordinates":[-82.982058,34.595019]},"properties":{"brand":"Flock Safety"}},{"type":"Feature","geometry":{"type":"Point","coordinates":[-83.731017,33.906169]},"properties":{"brand":"Flock Safety"}},{"type":"Feature","geometry":{"type":"Point","coordinates":[-83.9709,33.862265]},"properties":{"brand":"Flock Safety"}},{"type":"Feature","geometry":{"type":"Point","coordinates":[-84.027763,33.855418]},"properties":{"brand":"Flock Safety"}},{"type":"Feature","geometry":{"type":"Point","coordinates":[-84.04524,33.850617]},"properties":{"brand":"Flock Safety"}},{"type":"Feature","geometry":{"type":"Point","coordinates":[-84.096858,33.827785]},"properties":{"brand":"Flock Safety"}},{"type":"Feature","geometry":{"type":"Point","coordinates":[-84.123451,33.825516]},"properties":{"brand":"Flock Safety"}},{"type":"Feature","geometry":{"type":"Point","coordinates":[-84.097103,33.827735]},"properties":{"brand":"Flock Safety"}},{"type":"Feature","geometry":{"type":"Point","coordinates":[-81.982892,33.171309]},"properties":{"brand":"Flock Safety"}},{"type":"Feature","geometry":{"type":"Point","coordinates":[-82.483435,34.745528]},"properties":{"brand":"Flock Safety"}},{"type":"Feature","geometry":{"type":"Point","coordinates":[-83.876203,33.605163]},"properties":{"brand":"Flock Safety"}},{"type":"Feature","geometry":{"type":"Point","coordinates":[-83.693866,34.100425]},"properties":{"brand":"Flock Safety"}},{"type":"Feature","geometry":{"type":"Point","coordinates":[-83.684521,34.084654]},"properties":{"brand":"Flock Safety"}},{"type":"Feature","geometry":{"type":"Point","coordinates":[-85.221959,32.52075]},"properties":{"brand":"Flock Safety"}},{"type":"Feature","geometry":{"type":"Point","coordinates":[-84.381008,33.834856]},"properties":{"brand":"Flock Safety"}},{"type":"Feature","geometry":{"type":"Point","coordinates":[-84.381589,33.836966]},"properties":{"brand":"Flock Safety"}},{"type":"Feature","geometry":{"type":"Point","coordinates":[-82.179368,33.438446]},"properties":{"brand":"Flock Safety"}},{"type":"Feature","geometry":{"type":"Point","coordinates":[-84.377575,33.812235]},"properties":{"brand":"Flock Safety"}},{"type":"Feature","geometry":{"type":"Point","coordinates":[-84.380479,33.911055]},"properties":{"brand":"Flock Safety"}},{"type":"Feature","geometry":{"type":"Point","coordinates":[-84.377578,33.812231]},"properties":{"brand":"Flock Safety"}},{"type":"Feature","geometry":{"type":"Point","coordinates":[-84.601479,34.010068]},"properties":{"brand":"Flock Safety"}},{"type":"Feature","geometry":{"type":"Point","coordinates":[-84.601538,34.010165]},"properties":{"brand":"Flock Safety"}},{"type":"Feature","geometry":{"type":"Point","coordinates":[-84.763125,33.722084]},"properties":{"brand":"Flock Safety"}},{"type":"Feature","geometry":{"type":"Point","coordinates":[-84.411776,33.787755]},"properties":{"brand":"Flock Safety"}},{"type":"Feature","geometry":{"type":"Point","coordinates":[-83.628787,34.125807]},"properties":{"brand":"Flock Safety"}},{"type":"Feature","geometry":{"type":"Point","coordinates":[-83.055139,34.76191]},"properties":{"brand":"Flock Safety"}},{"type":"Feature","geometry":{"type":"Point","coordinates":[-84.497537,33.022302]},"properties":{"brand":"Flock Safety"}},{"type":"Feature","geometry":{"type":"Point","coordinates":[-84.354057,33.930266]},"properties":{"brand":"Flock Safety"}},{"type":"Feature","geometry":{"type":"Point","coordinates":[-84.305142,34.105363]},"properties":{"brand":"Flock Safety"}},{"type":"Feature","geometry":{"type":"Point","coordinates":[-84.305458,34.104936]},"properties":{"brand":"Flock Safety"}},{"type":"Feature","geometry":{"type":"Point","coordinates":[-84.305075,34.098521]},"properties":{"brand":"Flock Safety"}},{"type":"Feature","geometry":{"type":"Point","coordinates":[-84.307875,34.092265]},"properties":{"brand":"Flock Safety"}},{"type":"Feature","geometry":{"type":"Point","coordinates":[-84.307875,34.092265]},"properties":{"brand":"Flock Safety"}},{"type":"Feature","geometry":{"type":"Point","coordinates":[-84.307875,34.092265]},"properties":{"brand":"Flock Safety"}},{"type":"Feature","geometry":{"type":"Point","coordinates":[-84.307875,34.092265]},"properties":{"brand":"Flock Safety"}},{"type":"Feature","geometry":{"type":"Point","coordinates":[-82.559333,33.497066]},"properties":{"brand":"Flock Safety"}},{"type":"Feature","geometry":{"type":"Point","coordinates":[-82.909365,32.546943]},"properties":{"brand":"Flock Safety"}},{"type":"Feature","geometry":{"type":"Point","coordinates":[-82.907292,32.539077]},"properties":{"brand":"Flock Safety"}},{"type":"Feature","geometry":{"type":"Point","coordinates":[-81.746254,34.861878]},"properties":{"brand":"Flock Safety"}},{"type":"Feature","geometry":{"type":"Point","coordinates":[-85.249887,34.997464]},"properties":{"brand":"Motorola Solutions"}},{"type":"Feature","geometry":{"type":"Point","coordinates":[-85.232176,35.005849]},"properties":{"brand":"Motorola Solutions"}},{"type":"Feature","geometry":{"type":"Point","coordinates":[-85.237426,34.995669]},"properties":{"brand":"Motorola Solutions"}},{"type":"Feature","geometry":{"type":"Point","coordinates":[-85.237535,34.995961]},"properties":{"brand":"Motorola Solutions"}},{"type":"Feature","geometry":{"type":"Point","coordinates":[-85.209254,34.989307]},"properties":{"brand":"Motorola Solutions"}},{"type":"Feature","geometry":{"type":"Point","coordinates":[-83.745117,32.809734]},"properties":{"brand":"Flock Safety"}},{"type":"Feature","geometry":{"type":"Point","coordinates":[-83.745093,32.834811]},"properties":{"brand":"Flock Safety"}},{"type":"Feature","geometry":{"type":"Point","coordinates":[-82.818094,34.678059]},"properties":{"brand":"Flock Safety"}},{"type":"Feature","geometry":{"type":"Point","coordinates":[-82.829548,34.680793]},"properties":{"brand":"Flock Safety"}},{"type":"Feature","geometry":{"type":"Point","coordinates":[-82.839685,34.682646]},"properties":{"brand":"Flock Safety"}},{"type":"Feature","geometry":{"type":"Point","coordinates":[-82.835717,34.686868]},"properties":{"brand":"Flock Safety"}},{"type":"Feature","geometry":{"type":"Point","coordinates":[-82.425296,35.032939]},"properties":{"brand":"Flock Safety"}},{"type":"Feature","geometry":{"type":"Point","coordinates":[-83.904653,34.203734]},"properties":{"brand":"Flock Safety"}},{"type":"Feature","geometry":{"type":"Point","coordinates":[-83.825808,33.61156]},"properties":{"brand":"Flock Safety"}},{"type":"Feature","geometry":{"type":"Point","coordinates":[-84.079242,33.963815]},"properties":{"brand":"Flock Safety"}},{"type":"Feature","geometry":{"type":"Point","coordinates":[-84.08022,33.959926]},"properties":{"brand":"Flock Safety"}},{"type":"Feature","geometry":{"type":"Point","coordinates":[-82.044828,34.733424]},"properties":{"brand":"Flock Safety"}},{"type":"Feature","geometry":{"type":"Point","coordinates":[-84.299978,34.082424]},"properties":{"brand":"Flock Safety"}},{"type":"Feature","geometry":{"type":"Point","coordinates":[-84.300572,34.0829]},"properties":{"brand":"Flock Safety"}},{"type":"Feature","geometry":{"type":"Point","coordinates":[-80.87467,32.7066]},"properties":{"brand":"Flock Safety"}},{"type":"Feature","geometry":{"type":"Point","coordinates":[-81.335395,33.257634]},"properties":{"brand":"Flock Safety"}},{"type":"Feature","geometry":{"type":"Point","coordinates":[-82.230923,34.958846]},"properties":{"brand":"Flock Safety"}},{"type":"Feature","geometry":{"type":"Point","coordinates":[-84.787361,34.154018]},"properties":{"brand":"Flock Safety"}},{"type":"Feature","geometry":{"type":"Point","coordinates":[-84.486587,34.66095]},"properties":{"brand":"Flock Safety"}},{"type":"Feature","geometry":{"type":"Point","coordinates":[-84.499063,33.895581]},"properties":{"brand":"Flock Safety"}},{"type":"Feature","geometry":{"type":"Point","coordinates":[-83.966172,34.564162]},"properties":{"brand":"Flock Safety"}},{"type":"Feature","geometry":{"type":"Point","coordinates":[-84.0828,33.94953]},"properties":{"brand":"Flock Safety"}},{"type":"Feature","geometry":{"type":"Point","coordinates":[-84.337598,34.168642]},"properties":{"brand":"Flock Safety"}},{"type":"Feature","geometry":{"type":"Point","coordinates":[-82.781019,34.691926]},"properties":{"brand":"Flock Safety"}},{"type":"Feature","geometry":{"type":"Point","coordinates":[-85.098443,33.282567]},"properties":{"brand":"Flock Safety"}},{"type":"Feature","geometry":{"type":"Point","coordinates":[-83.193547,33.891558]},"properties":{"brand":"Flock Safety"}},{"type":"Feature","geometry":{"type":"Point","coordinates":[-84.002861,34.091846]},"properties":{"brand":"Flock Safety"}},{"type":"Feature","geometry":{"type":"Point","coordinates":[-84.00287,34.091844]},"properties":{"brand":"Flock Safety"}},{"type":"Feature","geometry":{"type":"Point","coordinates":[-83.995065,34.054492]},"properties":{"brand":"Flock Safety"}},{"type":"Feature","geometry":{"type":"Point","coordinates":[-83.995737,34.054605]},"properties":{"brand":"Flock Safety"}},{"type":"Feature","geometry":{"type":"Point","coordinates":[-83.9958,34.053461]},"properties":{"brand":"Flock Safety"}},{"type":"Feature","geometry":{"type":"Point","coordinates":[-83.995674,34.053073]},"properties":{"brand":"Flock Safety"}},{"type":"Feature","geometry":{"type":"Point","coordinates":[-83.996608,34.053135]},"properties":{"brand":"Flock Safety"}},{"type":"Feature","geometry":{"type":"Point","coordinates":[-83.995929,34.052874]},"properties":{"brand":"Flock Safety"}},{"type":"Feature","geometry":{"type":"Point","coordinates":[-84.368174,33.822411]},"properties":{"brand":"Flock Safety"}},{"type":"Feature","geometry":{"type":"Point","coordinates":[-84.091395,34.002686]},"properties":{"brand":"Genetec"}},{"type":"Feature","geometry":{"type":"Point","coordinates":[-84.576178,33.507466]},"properties":{"brand":"Flock Safety"}},{"type":"Feature","geometry":{"type":"Point","coordinates":[-84.594918,33.518138]},"properties":{"brand":"Flock Safety"}},{"type":"Feature","geometry":{"type":"Point","coordinates":[-84.012589,34.096349]},"properties":{"brand":"Flock Safety"}},{"type":"Feature","geometry":{"type":"Point","coordinates":[-83.980142,34.085279]},"properties":{"brand":"Flock Safety"}},{"type":"Feature","geometry":{"type":"Point","coordinates":[-83.979745,34.085824]},"properties":{"brand":"Flock Safety"}},{"type":"Feature","geometry":{"type":"Point","coordinates":[-83.608844,33.631228]},"properties":{"brand":"Flock Safety"}},{"type":"Feature","geometry":{"type":"Point","coordinates":[-84.280726,33.95557]},"properties":{"brand":"Flock Safety"}},{"type":"Feature","geometry":{"type":"Point","coordinates":[-84.311718,33.858457]},"properties":{"brand":"Flock Safety"}},{"type":"Feature","geometry":{"type":"Point","coordinates":[-84.662736,33.461535]},"properties":{"brand":"Flock Safety"}},{"type":"Feature","geometry":{"type":"Point","coordinates":[-83.062137,32.987807]},"properties":{"brand":"Flock Safety"}},{"type":"Feature","geometry":{"type":"Point","coordinates":[-83.052496,32.980321]},"properties":{"brand":"Flock Safety"}},{"type":"Feature","geometry":{"type":"Point","coordinates":[-83.205282,33.080803]},"properties":{"brand":"Flock Safety"}},{"type":"Feature","geometry":{"type":"Point","coordinates":[-83.206858,33.081116]},"properties":{"brand":"Flock Safety"}},{"type":"Feature","geometry":{"type":"Point","coordinates":[-84.213872,33.734509]},"properties":{"brand":"Flock Safety"}},{"type":"Feature","geometry":{"type":"Point","coordinates":[-84.31483,33.843112]},"properties":{"brand":"Flock Safety"}},{"type":"Feature","geometry":{"type":"Point","coordinates":[-84.374645,33.832115]},"properties":{"brand":"Flock Safety"}},{"type":"Feature","geometry":{"type":"Point","coordinates":[-84.378525,33.8285]},"properties":{"brand":"Flock Safety"}},{"type":"Feature","geometry":{"type":"Point","coordinates":[-85.098973,33.58904]},"properties":{"brand":"Flock Safety"}},{"type":"Feature","geometry":{"type":"Point","coordinates":[-83.381532,33.943868]},"properties":{"brand":"Flock Safety"}},{"type":"Feature","geometry":{"type":"Point","coordinates":[-83.381649,33.943624]},"properties":{"brand":"Flock Safety"}},{"type":"Feature","geometry":{"type":"Point","coordinates":[-83.884603,33.576721]},"properties":{"brand":"Flock Safety"}},{"type":"Feature","geometry":{"type":"Point","coordinates":[-84.765471,33.280172]},"properties":{"brand":"Flock Safety"}},{"type":"Feature","geometry":{"type":"Point","coordinates":[-83.875992,33.562918]},"properties":{"brand":"Flock Safety"}},{"type":"Feature","geometry":{"type":"Point","coordinates":[-83.874945,33.563385]},"properties":{"brand":"Flock Safety"}},{"type":"Feature","geometry":{"type":"Point","coordinates":[-83.938066,34.094922]},"properties":{"brand":"Flock Safety"}},{"type":"Feature","geometry":{"type":"Point","coordinates":[-83.938397,34.095418]},"properties":{"brand":"Flock Safety"}},{"type":"Feature","geometry":{"type":"Point","coordinates":[-83.938836,34.095096]},"properties":{"brand":"Flock Safety"}},{"type":"Feature","geometry":{"type":"Point","coordinates":[-83.938731,34.094756]},"properties":{"brand":"Flock Safety"}},{"type":"Feature","geometry":{"type":"Point","coordinates":[-84.126232,34.197831]},"properties":{"brand":"Flock Safety"}},{"type":"Feature","geometry":{"type":"Point","coordinates":[-84.126232,34.197831]},"properties":{"brand":"Flock Safety"}},{"type":"Feature","geometry":{"type":"Point","coordinates":[-82.217963,33.595851]},"properties":{"brand":"Flock Safety"}},{"type":"Feature","geometry":{"type":"Point","coordinates":[-84.637474,33.501256]},"properties":{"brand":"Flock Safety"}},{"type":"Feature","geometry":{"type":"Point","coordinates":[-82.52487,34.888307]},"properties":{"brand":"Flock Safety"}},{"type":"Feature","geometry":{"type":"Point","coordinates":[-85.140429,33.739171]},"properties":{"brand":"Flock Safety"}},{"type":"Feature","geometry":{"type":"Point","coordinates":[-84.769471,33.2912]},"properties":{"brand":"Flock Safety"}},{"type":"Feature","geometry":{"type":"Point","coordinates":[-84.77719,33.32225]},"properties":{"brand":"Flock Safety"}},{"type":"Feature","geometry":{"type":"Point","coordinates":[-84.730756,33.870766]},"properties":{"brand":"Flock Safety"}},{"type":"Feature","geometry":{"type":"Point","coordinates":[-84.302184,33.932433]},"properties":{"brand":"Flock Safety"}},{"type":"Feature","geometry":{"type":"Point","coordinates":[-84.30219,33.932431]},"properties":{"brand":"Flock Safety"}},{"type":"Feature","geometry":{"type":"Point","coordinates":[-84.240265,33.947281]},"properties":{"brand":"Flock Safety"}},{"type":"Feature","geometry":{"type":"Point","coordinates":[-84.85124,34.116995]},"properties":{"brand":"Flock Safety"}},{"type":"Feature","geometry":{"type":"Point","coordinates":[-84.81569,34.181487]},"properties":{"brand":"Flock Safety"}},{"type":"Feature","geometry":{"type":"Point","coordinates":[-83.311148,33.927519]},"properties":{"brand":"Flock Safety"}},{"type":"Feature","geometry":{"type":"Point","coordinates":[-82.146672,33.525304]},"properties":{"brand":"Genetec"}},{"type":"Feature","geometry":{"type":"Point","coordinates":[-84.249416,34.030746]},"properties":{"brand":"Flock Safety"}},{"type":"Feature","geometry":{"type":"Point","coordinates":[-84.271273,34.097928]},"properties":{"brand":"Flock Safety"}},{"type":"Feature","geometry":{"type":"Point","coordinates":[-82.375503,34.824049]},"properties":{"brand":"Flock Safety"}},{"type":"Feature","geometry":{"type":"Point","coordinates":[-81.159456,34.08145]},"properties":{"brand":"Flock Safety"}},{"type":"Feature","geometry":{"type":"Point","coordinates":[-81.156687,34.075982]},"properties":{"brand":"Flock Safety"}},{"type":"Feature","geometry":{"type":"Point","coordinates":[-81.158915,34.081259]},"properties":{"brand":"Flock Safety"}},{"type":"Feature","geometry":{"type":"Point","coordinates":[-81.158013,34.076601]},"properties":{"brand":"Flock Safety"}},{"type":"Feature","geometry":{"type":"Point","coordinates":[-81.158375,34.076203]},"properties":{"brand":"Flock Safety"}},{"type":"Feature","geometry":{"type":"Point","coordinates":[-81.155711,34.074663]},"properties":{"brand":"Flock Safety"}},{"type":"Feature","geometry":{"type":"Point","coordinates":[-84.31988,34.11834]},"properties":{"brand":"Flock Safety"}},{"type":"Feature","geometry":{"type":"Point","coordinates":[-85.237766,34.972477]},"properties":{"brand":"Flock Safety"}},{"type":"Feature","geometry":{"type":"Point","coordinates":[-84.297238,33.920702]},"properties":{"brand":"Genetec"}},{"type":"Feature","geometry":{"type":"Point","coordinates":[-84.29366,33.751523]},"properties":{"brand":"Flock Safety"}},{"type":"Feature","geometry":{"type":"Point","coordinates":[-85.027897,33.718659]},"properties":{"brand":"Flock Safety"}},{"type":"Feature","geometry":{"type":"Point","coordinates":[-84.169954,34.151554]},"properties":{"brand":"Flock Safety"}},{"type":"Feature","geometry":{"type":"Point","coordinates":[-84.172608,34.147168]},"properties":{"brand":"Flock Safety"}},{"type":"Feature","geometry":{"type":"Point","coordinates":[-84.621572,34.003715]},"properties":{"brand":"Flock Safety"}},{"type":"Feature","geometry":{"type":"Point","coordinates":[-84.621672,34.003722]},"properties":{"brand":"Flock Safety"}},{"type":"Feature","geometry":{"type":"Point","coordinates":[-84.376765,33.725133]},"properties":{"brand":"Flock Safety"}},{"type":"Feature","geometry":{"type":"Point","coordinates":[-84.377756,33.724986]},"properties":{"brand":"Flock Safety"}},{"type":"Feature","geometry":{"type":"Point","coordinates":[-84.376779,33.724902]},"properties":{"brand":"Flock Safety"}},{"type":"Feature","geometry":{"type":"Point","coordinates":[-84.210261,34.048136]},"properties":{"brand":"Flock Safety"}},{"type":"Feature","geometry":{"type":"Point","coordinates":[-84.376771,33.725964]},"properties":{"brand":"Flock Safety"}},{"type":"Feature","geometry":{"type":"Point","coordinates":[-84.364372,33.729343]},"properties":{"brand":"Flock Safety"}},{"type":"Feature","geometry":{"type":"Point","coordinates":[-84.292853,33.245631]},"properties":{"brand":"Flock Safety"}},{"type":"Feature","geometry":{"type":"Point","coordinates":[-85.17705,34.251285]},"properties":{"brand":"Flock Safety"}},{"type":"Feature","geometry":{"type":"Point","coordinates":[-80.892507,34.957076]},"properties":{"brand":"Flock Safety"}},{"type":"Feature","geometry":{"type":"Point","coordinates":[-84.215836,33.188754]},"properties":{"brand":"Flock Safety"}},{"type":"Feature","geometry":{"type":"Point","coordinates":[-83.087462,33.612111]},"properties":{"brand":"Flock Safety"}},{"type":"Feature","geometry":{"type":"Point","coordinates":[-82.899502,34.349301]},"properties":{"brand":"Flock Safety"}},{"type":"Feature","geometry":{"type":"Point","coordinates":[-84.563825,33.295582]},"properties":{"brand":"Flock Safety"}},{"type":"Feature","geometry":{"type":"Point","coordinates":[-85.064006,33.783826]},"properties":{"brand":"Flock Safety"}},{"type":"Feature","geometry":{"type":"Point","coordinates":[-85.067682,33.752027]},"properties":{"brand":"Flock Safety"}},{"type":"Feature","geometry":{"type":"Point","coordinates":[-82.967203,34.361807]},"properties":{"brand":"Flock Safety"}},{"type":"Feature","geometry":{"type":"Point","coordinates":[-84.303256,33.916922]},"properties":{"brand":"Flock Safety"}},{"type":"Feature","geometry":{"type":"Point","coordinates":[-85.186254,34.237921]},"properties":{"brand":"Flock Safety"}},{"type":"Feature","geometry":{"type":"Point","coordinates":[-84.334231,33.946045]},"properties":{"brand":"Flock Safety"}},{"type":"Feature","geometry":{"type":"Point","coordinates":[-84.205646,34.068998]},"properties":{"brand":"Flock Safety"}},{"type":"Feature","geometry":{"type":"Point","coordinates":[-83.827996,33.611327]},"properties":{"brand":"Flock Safety"}},{"type":"Feature","geometry":{"type":"Point","coordinates":[-84.294007,33.93688]},"properties":{"brand":"Flock Safety"}},{"type":"Feature","geometry":{"type":"Point","coordinates":[-82.082611,33.444487]},"properties":{"brand":"Flock Safety"}},{"type":"Feature","geometry":{"type":"Point","coordinates":[-82.235799,33.517402]},"properties":{"brand":"Genetec"}},{"type":"Feature","geometry":{"type":"Point","coordinates":[-82.235806,33.517939]},"properties":{"brand":"Genetec"}},{"type":"Feature","geometry":{"type":"Point","coordinates":[-84.465053,34.148241]},"properties":{"brand":"Flock Safety"}},{"type":"Feature","geometry":{"type":"Point","coordinates":[-84.128437,33.752659]},"properties":{"brand":"Flock Safety"}},{"type":"Feature","geometry":{"type":"Point","coordinates":[-84.364522,33.730337]},"properties":{"brand":"Flock Safety"}},{"type":"Feature","geometry":{"type":"Point","coordinates":[-84.677005,33.340283]},"properties":{"brand":"Flock Safety"}},{"type":"Feature","geometry":{"type":"Point","coordinates":[-83.80382,34.154114]},"properties":{"brand":"Flock Safety"}},{"type":"Feature","geometry":{"type":"Point","coordinates":[-83.824915,34.160713]},"properties":{"brand":"Flock Safety"}},{"type":"Feature","geometry":{"type":"Point","coordinates":[-83.834678,33.583112]},"properties":{"brand":"Flock Safety"}},{"type":"Feature","geometry":{"type":"Point","coordinates":[-84.248845,33.149356]},"properties":{"brand":"Flock Safety"}},{"type":"Feature","geometry":{"type":"Point","coordinates":[-84.242561,33.144026]},"properties":{"brand":"Flock Safety"}},{"type":"Feature","geometry":{"type":"Point","coordinates":[-83.871198,33.56371]},"properties":{"brand":"Flock Safety"}},{"type":"Feature","geometry":{"type":"Point","coordinates":[-82.0609,33.519583]},"properties":{"brand":"Genetec"}},{"type":"Feature","geometry":{"type":"Point","coordinates":[-84.936014,34.407547]},"properties":{"brand":"Flock Safety"}},{"type":"Feature","geometry":{"type":"Point","coordinates":[-84.09688,32.55283]},"properties":{"brand":"Flock Safety"}},{"type":"Feature","geometry":{"type":"Point","coordinates":[-83.090955,34.43172]},"properties":{"brand":"Flock Safety"}},{"type":"Feature","geometry":{"type":"Point","coordinates":[-83.09105,34.431524]},"properties":{"brand":"Flock Safety"}},{"type":"Feature","geometry":{"type":"Point","coordinates":[-81.988633,33.467182]},"properties":{"brand":"Motorola Solutions"}},{"type":"Feature","geometry":{"type":"Point","coordinates":[-84.447353,33.684078]},"properties":{"brand":"Flock Safety"}},{"type":"Feature","geometry":{"type":"Point","coordinates":[-83.115196,34.423216]},"properties":{"brand":"Flock Safety"}},{"type":"Feature","geometry":{"type":"Point","coordinates":[-83.115078,34.423156]},"properties":{"brand":"Flock Safety"}},{"type":"Feature","geometry":{"type":"Point","coordinates":[-84.238452,33.738797]},"properties":{"brand":"Flock Safety"}},{"type":"Feature","geometry":{"type":"Point","coordinates":[-84.334494,33.697132]},"properties":{"brand":"Flock Safety"}},{"type":"Feature","geometry":{"type":"Point","coordinates":[-84.417202,33.991137]},"properties":{"brand":"Flock Safety"}},{"type":"Feature","geometry":{"type":"Point","coordinates":[-84.443867,33.705179]},"properties":{"brand":"Flock Safety"}},{"type":"Feature","geometry":{"type":"Point","coordinates":[-84.402806,33.746357]},"properties":{"brand":"Flock Safety"}},{"type":"Feature","geometry":{"type":"Point","coordinates":[-84.39738,33.750396]},"properties":{"brand":"Flock Safety"}},{"type":"Feature","geometry":{"type":"Point","coordinates":[-84.39703,33.750507]},"properties":{"brand":"Flock Safety"}},{"type":"Feature","geometry":{"type":"Point","coordinates":[-85.044116,33.7143]},"properties":{"brand":"Flock Safety"}},{"type":"Feature","geometry":{"type":"Point","coordinates":[-84.338352,33.926581]},"properties":{"brand":"Flock Safety"}},{"type":"Feature","geometry":{"type":"Point","coordinates":[-84.344109,33.926722]},"properties":{"brand":"Flock Safety"}},{"type":"Feature","geometry":{"type":"Point","coordinates":[-84.345851,33.928264]},"properties":{"brand":"Flock Safety"}},{"type":"Feature","geometry":{"type":"Point","coordinates":[-84.775293,33.628672]},"properties":{"brand":"Flock Safety"}},{"type":"Feature","geometry":{"type":"Point","coordinates":[-85.003053,34.761042]},"properties":{"brand":"Flock Safety"}},{"type":"Feature","geometry":{"type":"Point","coordinates":[-82.922169,34.338809]},"properties":{"brand":"Flock Safety"}},{"type":"Feature","geometry":{"type":"Point","coordinates":[-84.0066,33.653293]},"properties":{"brand":"Flock Safety"}},{"type":"Feature","geometry":{"type":"Point","coordinates":[-83.876961,33.606884]},"properties":{"brand":"Flock Safety"}},{"type":"Feature","geometry":{"type":"Point","coordinates":[-84.203365,33.848905]},"properties":{"brand":"Flock Safety"}},{"type":"Feature","geometry":{"type":"Point","coordinates":[-84.207099,34.047876]},"properties":{"brand":"Flock Safety"}},{"type":"Feature","geometry":{"type":"Point","coordinates":[-84.208539,34.048191]},"properties":{"brand":"Flock Safety"}},{"type":"Feature","geometry":{"type":"Point","coordinates":[-85.242337,34.810504]},"properties":{"brand":"Flock Safety"}},{"type":"Feature","geometry":{"type":"Point","coordinates":[-83.759758,34.092627]},"properties":{"brand":"Flock Safety"}},{"type":"Feature","geometry":{"type":"Point","coordinates":[-83.377772,33.969268]},"properties":{"brand":"Flock Safety"}},{"type":"Feature","geometry":{"type":"Point","coordinates":[-83.633788,34.575376]},"properties":{"brand":"Flock Safety"}},{"type":"Feature","geometry":{"type":"Point","coordinates":[-85.020632,34.248848]},"properties":{"brand":"Flock Safety"}},{"type":"Feature","geometry":{"type":"Point","coordinates":[-84.724696,34.06911]},"properties":{"brand":"Flock Safety"}},{"type":"Feature","geometry":{"type":"Point","coordinates":[-84.9311,34.144849]},"properties":{"brand":"Flock Safety"}},{"type":"Feature","geometry":{"type":"Point","coordinates":[-83.413997,33.888762]},"properties":{"brand":"Flock Safety"}},{"type":"Feature","geometry":{"type":"Point","coordinates":[-83.441609,33.873539]},"properties":{"brand":"Flock Safety"}},{"type":"Feature","geometry":{"type":"Point","coordinates":[-83.561106,33.83816]},"properties":{"brand":"Flock Safety"}},{"type":"Feature","geometry":{"type":"Point","coordinates":[-84.824516,33.647082]},"properties":{"brand":"Flock Safety"}},{"type":"Feature","geometry":{"type":"Point","coordinates":[-84.783071,33.902043]},"properties":{"brand":"Flock Safety"}},{"type":"Feature","geometry":{"type":"Point","coordinates":[-84.467376,33.256108]},"properties":{"brand":"Flock Safety"}},{"type":"Feature","geometry":{"type":"Point","coordinates":[-84.363774,33.75349]},"properties":{"brand":"Flock Safety"}},{"type":"Feature","geometry":{"type":"Point","coordinates":[-84.094027,33.977639]},"properties":{"brand":"Flock Safety"}},{"type":"Feature","geometry":{"type":"Point","coordinates":[-83.864214,33.60279]},"properties":{"brand":"Flock Safety"}},{"type":"Feature","geometry":{"type":"Point","coordinates":[-83.856399,33.60286]},"properties":{"brand":"Flock Safety"}},{"type":"Feature","geometry":{"type":"Point","coordinates":[-84.174234,33.925966]},"properties":{"brand":"Flock Safety"}},{"type":"Feature","geometry":{"type":"Point","coordinates":[-84.173763,33.926163]},"properties":{"brand":"Flock Safety"}},{"type":"Feature","geometry":{"type":"Point","coordinates":[-84.17369,33.924947]},"properties":{"brand":"Flock Safety"}},{"type":"Feature","geometry":{"type":"Point","coordinates":[-84.175312,33.924747]},"properties":{"brand":"Flock Safety"}},{"type":"Feature","geometry":{"type":"Point","coordinates":[-84.167118,33.93645]},"properties":{"brand":"Flock Safety"}},{"type":"Feature","geometry":{"type":"Point","coordinates":[-84.156297,33.934121]},"properties":{"brand":"Flock Safety"}},{"type":"Feature","geometry":{"type":"Point","coordinates":[-84.142093,33.943056]},"properties":{"brand":"Flock Safety"}},{"type":"Feature","geometry":{"type":"Point","coordinates":[-84.161987,33.938214]},"properties":{"brand":"Flock Safety"}},{"type":"Feature","geometry":{"type":"Point","coordinates":[-84.175719,33.927388]},"properties":{"brand":"Flock Safety"}},{"type":"Feature","geometry":{"type":"Point","coordinates":[-84.175544,33.927462]},"properties":{"brand":"Flock Safety"}},{"type":"Feature","geometry":{"type":"Point","coordinates":[-82.004831,33.385575]},"properties":{"brand":"Flock Safety"}},{"type":"Feature","geometry":{"type":"Point","coordinates":[-84.554071,33.433071]},"properties":{"brand":"Flock Safety"}},{"type":"Feature","geometry":{"type":"Point","coordinates":[-84.570899,33.471611]},"properties":{"brand":"Flock Safety"}},{"type":"Feature","geometry":{"type":"Point","coordinates":[-84.980753,34.174087]},"properties":{"brand":"Flock Safety"}},{"type":"Feature","geometry":{"type":"Point","coordinates":[-84.980757,34.174081]},"properties":{"brand":"Flock Safety"}},{"type":"Feature","geometry":{"type":"Point","coordinates":[-84.551654,33.43615]},"properties":{"brand":"Flock Safety"}},{"type":"Feature","geometry":{"type":"Point","coordinates":[-84.579805,33.551393]},"properties":{"brand":"Flock Safety"}},{"type":"Feature","geometry":{"type":"Point","coordinates":[-84.579805,33.551393]},"properties":{"brand":"Flock Safety"}},{"type":"Feature","geometry":{"type":"Point","coordinates":[-84.458163,33.685287]},"properties":{"brand":"Flock Safety"}},{"type":"Feature","geometry":{"type":"Point","coordinates":[-84.510477,33.450747]},"properties":{"brand":"Flock Safety"}},{"type":"Feature","geometry":{"type":"Point","coordinates":[-84.529037,33.447105]},"properties":{"brand":"Flock Safety"}},{"type":"Feature","geometry":{"type":"Point","coordinates":[-84.247376,33.33305]},"properties":{"brand":"Flock Safety"}},{"type":"Feature","geometry":{"type":"Point","coordinates":[-84.262064,33.252981]},"properties":{"brand":"Flock Safety"}},{"type":"Feature","geometry":{"type":"Point","coordinates":[-85.255094,34.022979]},"properties":{"brand":"Flock Safety"}},{"type":"Feature","geometry":{"type":"Point","coordinates":[-84.272456,33.887283]},"properties":{"brand":"Flock Safety"}},{"type":"Feature","geometry":{"type":"Point","coordinates":[-84.251739,34.010385]},"properties":{"brand":"Flock Safety"}},{"type":"Feature","geometry":{"type":"Point","coordinates":[-84.341554,33.976074]},"properties":{"brand":"Flock Safety"}},{"type":"Feature","geometry":{"type":"Point","coordinates":[-83.921576,33.833059]},"properties":{"brand":"Flock Safety"}},{"type":"Feature","geometry":{"type":"Point","coordinates":[-83.183428,34.235588]},"properties":{"brand":"Flock Safety"}},{"type":"Feature","geometry":{"type":"Point","coordinates":[-84.997894,34.741811]},"properties":{"brand":"Flock Safety"}},{"type":"Feature","geometry":{"type":"Point","coordinates":[-82.330069,34.848856]},"properties":{"brand":"Flock Safety"}},{"type":"Feature","geometry":{"type":"Point","coordinates":[-84.550814,34.178811]},"properties":{"brand":"Flock Safety"}},{"type":"Feature","geometry":{"type":"Point","coordinates":[-84.529621,34.197951]},"properties":{"brand":"Flock Safety"}},{"type":"Feature","geometry":{"type":"Point","coordinates":[-85.151559,33.687824]},"properties":{"brand":"Flock Safety"}},{"type":"Feature","geometry":{"type":"Point","coordinates":[-84.338027,33.760531]},"properties":{"brand":"Flock Safety"}},{"type":"Feature","geometry":{"type":"Point","coordinates":[-84.681666,34.090441]},"properties":{"brand":"Flock Safety"}},{"type":"Feature","geometry":{"type":"Point","coordinates":[-84.949274,34.139617]},"properties":{"brand":"Flock Safety"}},{"type":"Feature","geometry":{"type":"Point","coordinates":[-85.021467,34.020499]},"properties":{"brand":"Flock Safety"}},{"type":"Feature","geometry":{"type":"Point","coordinates":[-84.209767,33.710546]},"properties":{"brand":"Flock Safety"}},{"type":"Feature","geometry":{"type":"Point","coordinates":[-82.042357,33.516]},"properties":{"brand":"Flock Safety"}},{"type":"Feature","geometry":{"type":"Point","coordinates":[-83.994801,33.951004]},"properties":{"brand":"Flock Safety"}},{"type":"Feature","geometry":{"type":"Point","coordinates":[-83.992583,33.949962]},"properties":{"brand":"Flock Safety"}},{"type":"Feature","geometry":{"type":"Point","coordinates":[-83.977059,33.985794]},"properties":{"brand":"Flock Safety"}},{"type":"Feature","geometry":{"type":"Point","coordinates":[-84.36942,33.823778]},"properties":{"brand":"Flock Safety"}},{"type":"Feature","geometry":{"type":"Point","coordinates":[-84.328598,33.924294]},"properties":{"brand":"Flock Safety"}},{"type":"Feature","geometry":{"type":"Point","coordinates":[-84.330272,33.925505]},"properties":{"brand":"Flock Safety"}},{"type":"Feature","geometry":{"type":"Point","coordinates":[-83.549365,34.25741]},"properties":{"brand":"Flock Safety"}},{"type":"Feature","geometry":{"type":"Point","coordinates":[-83.322847,34.041557]},"properties":{"brand":"Flock Safety"}},{"type":"Feature","geometry":{"type":"Point","coordinates":[-83.376914,33.95111]},"properties":{"brand":"Flock Safety"}},{"type":"Feature","geometry":{"type":"Point","coordinates":[-83.376831,33.951507]},"properties":{"brand":"Flock Safety"}},{"type":"Feature","geometry":{"type":"Point","coordinates":[-81.590166,34.519915]},"properties":{"brand":"Flock Safety"}},{"type":"Feature","geometry":{"type":"Point","coordinates":[-83.879609,34.280601]},"properties":{"brand":"Flock Safety"}},{"type":"Feature","geometry":{"type":"Point","coordinates":[-83.882043,34.280549]},"properties":{"brand":"Flock Safety"}},{"type":"Feature","geometry":{"type":"Point","coordinates":[-82.332653,34.84763]},"properties":{"brand":"Flock Safety"}},{"type":"Feature","geometry":{"type":"Point","coordinates":[-84.765245,33.718722]},"properties":{"brand":"Flock Safety"}},{"type":"Feature","geometry":{"type":"Point","coordinates":[-82.336616,34.850721]},"properties":{"brand":"Flock Safety"}},{"type":"Feature","geometry":{"type":"Point","coordinates":[-82.336792,34.849217]},"properties":{"brand":"Flock Safety"}},{"type":"Feature","geometry":{"type":"Point","coordinates":[-82.335639,34.851889]},"properties":{"brand":"Flock Safety"}},{"type":"Feature","geometry":{"type":"Point","coordinates":[-82.33227,34.852654]},"properties":{"brand":"Flock Safety"}},{"type":"Feature","geometry":{"type":"Point","coordinates":[-83.832432,34.091107]},"properties":{"brand":"Flock Safety"}},{"type":"Feature","geometry":{"type":"Point","coordinates":[-85.09915,33.587623]},"properties":{"brand":"Flock Safety"}},{"type":"Feature","geometry":{"type":"Point","coordinates":[-85.026852,33.715208]},"properties":{"brand":"Flock Safety"}},{"type":"Feature","geometry":{"type":"Point","coordinates":[-84.351189,33.919252]},"properties":{"brand":"Flock Safety"}},{"type":"Feature","geometry":{"type":"Point","coordinates":[-82.352726,34.867394]},"properties":{"brand":"Flock Safety"}},{"type":"Feature","geometry":{"type":"Point","coordinates":[-85.167394,34.224707]},"properties":{"brand":"Flock Safety"}},{"type":"Feature","geometry":{"type":"Point","coordinates":[-83.3771,33.951101]},"properties":{"brand":"Flock Safety"}},{"type":"Feature","geometry":{"type":"Point","coordinates":[-84.349177,33.753474]},"properties":{"brand":"Flock Safety"}},{"type":"Feature","geometry":{"type":"Point","coordinates":[-83.248155,33.50779]},"properties":{"brand":"Flock Safety"}},{"type":"Feature","geometry":{"type":"Point","coordinates":[-84.032183,33.70806]},"properties":{"brand":"Axis Communications"}},{"type":"Feature","geometry":{"type":"Point","coordinates":[-84.032804,33.7077]},"properties":{"brand":"Motorola Solutions"}},{"type":"Feature","geometry":{"type":"Point","coordinates":[-84.032985,33.708189]},"properties":{"brand":"Motorola Solutions"}},{"type":"Feature","geometry":{"type":"Point","coordinates":[-83.995779,34.053234]},"properties":{"brand":"Flock Safety"}},{"type":"Feature","geometry":{"type":"Point","coordinates":[-84.045019,33.70622]},"properties":{"brand":"Motorola Solutions"}},{"type":"Feature","geometry":{"type":"Point","coordinates":[-83.991701,34.059696]},"properties":{"brand":"Flock Safety"}},{"type":"Feature","geometry":{"type":"Point","coordinates":[-84.365904,33.824736]},"properties":{"brand":"Flock Safety"}},{"type":"Feature","geometry":{"type":"Point","coordinates":[-82.365126,34.63339]},"properties":{"brand":"Flock Safety"}},{"type":"Feature","geometry":{"type":"Point","coordinates":[-82.272907,34.696311]},"properties":{"brand":"Flock Safety"}},{"type":"Feature","geometry":{"type":"Point","coordinates":[-85.748534,33.818533]},"properties":{"brand":"Flock Safety"}},{"type":"Feature","geometry":{"type":"Point","coordinates":[-84.265437,33.977178]},"properties":{"brand":"Flock Safety"}},{"type":"Feature","geometry":{"type":"Point","coordinates":[-83.93871,33.957611]},"properties":{"brand":"Flock Safety"}},{"type":"Feature","geometry":{"type":"Point","coordinates":[-83.936085,33.954557]},"properties":{"brand":"Flock Safety"}},{"type":"Feature","geometry":{"type":"Point","coordinates":[-84.60026,33.686556]},"properties":{"brand":"Flock Safety"}},{"type":"Feature","geometry":{"type":"Point","coordinates":[-84.599994,33.68868]},"properties":{"brand":"Flock Safety"}},{"type":"Feature","geometry":{"type":"Point","coordinates":[-84.59419,33.68922]},"properties":{"brand":"Flock Safety"}},{"type":"Feature","geometry":{"type":"Point","coordinates":[-84.594213,33.689219]},"properties":{"brand":"Flock Safety"}},{"type":"Feature","geometry":{"type":"Point","coordinates":[-85.25632,34.97396]},"properties":{"brand":"Flock Safety"}},{"type":"Feature","geometry":{"type":"Point","coordinates":[-84.953769,33.928493]},"properties":{"brand":"Flock Safety"}},{"type":"Feature","geometry":{"type":"Point","coordinates":[-81.980548,33.471109]},"properties":{"brand":"Flock Safety"}},{"type":"Feature","geometry":{"type":"Point","coordinates":[-84.271548,33.881691]},"properties":{"brand":"Flock Safety"}},{"type":"Feature","geometry":{"type":"Point","coordinates":[-83.085956,34.504579]},"properties":{"brand":"Flock Safety"}},{"type":"Feature","geometry":{"type":"Point","coordinates":[-83.085979,34.504605]},"properties":{"brand":"Flock Safety"}},{"type":"Feature","geometry":{"type":"Point","coordinates":[-84.329146,33.753321]},"properties":{"brand":"Genetec"}},{"type":"Feature","geometry":{"type":"Point","coordinates":[-84.576904,33.544164]},"properties":{"brand":"Flock Safety"}},{"type":"Feature","geometry":{"type":"Point","coordinates":[-82.668287,34.554628]},"properties":{"brand":"Flock Safety"}},{"type":"Feature","geometry":{"type":"Point","coordinates":[-83.4811,33.992523]},"properties":{"brand":"Flock Safety"}},{"type":"Feature","geometry":{"type":"Point","coordinates":[-84.407816,33.722215]},"properties":{"brand":"Flock Safety"}},{"type":"Feature","geometry":{"type":"Point","coordinates":[-85.188278,33.690825]},"properties":{"brand":"Flock Safety"}},{"type":"Feature","geometry":{"type":"Point","coordinates":[-85.231693,34.103631]},"properties":{"brand":"Flock Safety"}},{"type":"Feature","geometry":{"type":"Point","coordinates":[-83.945595,33.195485]},"properties":{"brand":"Flock Safety"}},{"type":"Feature","geometry":{"type":"Point","coordinates":[-83.025048,34.410635]},"properties":{"brand":"Flock Safety"}},{"type":"Feature","geometry":{"type":"Point","coordinates":[-84.788145,33.406199]},"properties":{"brand":"Flock Safety"}},{"type":"Feature","geometry":{"type":"Point","coordinates":[-84.753235,33.434591]},"properties":{"brand":"Flock Safety"}},{"type":"Feature","geometry":{"type":"Point","coordinates":[-84.732014,33.444214]},"properties":{"brand":"Flock Safety"}},{"type":"Feature","geometry":{"type":"Point","coordinates":[-84.355578,32.876182]},"properties":{"brand":"Flock Safety"}},{"type":"Feature","geometry":{"type":"Point","coordinates":[-84.127456,34.012562]},"properties":{"brand":"Flock Safety"}},{"type":"Feature","geometry":{"type":"Point","coordinates":[-84.12766,34.012409]},"properties":{"brand":"Flock Safety"}},{"type":"Feature","geometry":{"type":"Point","coordinates":[-84.138157,34.020674]},"properties":{"brand":"Flock Safety"}},{"type":"Feature","geometry":{"type":"Point","coordinates":[-84.13673,34.019929]},"properties":{"brand":"Flock Safety"}},{"type":"Feature","geometry":{"type":"Point","coordinates":[-84.136778,34.02005]},"properties":{"brand":"Flock Safety"}},{"type":"Feature","geometry":{"type":"Point","coordinates":[-83.631969,32.638237]},"properties":{"brand":"Flock Safety"}},{"type":"Feature","geometry":{"type":"Point","coordinates":[-84.122755,33.430787]},"properties":{"brand":"Flock Safety"}},{"type":"Feature","geometry":{"type":"Point","coordinates":[-84.349324,33.747547]},"properties":{"brand":"Flock Safety"}},{"type":"Feature","geometry":{"type":"Point","coordinates":[-84.347978,33.740113]},"properties":{"brand":"Genetec"}},{"type":"Feature","geometry":{"type":"Point","coordinates":[-84.030513,33.70726]},"properties":{"brand":"Motorola Solutions"}},{"type":"Feature","geometry":{"type":"Point","coordinates":[-84.509729,34.153615]},"properties":{"brand":"Flock Safety"}},{"type":"Feature","geometry":{"type":"Point","coordinates":[-83.973388,34.540771]},"properties":{"brand":"Flock Safety"}},{"type":"Feature","geometry":{"type":"Point","coordinates":[-84.296237,33.908065]},"properties":{"brand":"Flock Safety"}},{"type":"Feature","geometry":{"type":"Point","coordinates":[-84.128881,34.011566]},"properties":{"brand":"Flock Safety"}},{"type":"Feature","geometry":{"type":"Point","coordinates":[-84.187955,34.014277]},"properties":{"brand":"Flock Safety"}},{"type":"Feature","geometry":{"type":"Point","coordinates":[-84.187312,34.014849]},"properties":{"brand":"Flock Safety"}},{"type":"Feature","geometry":{"type":"Point","coordinates":[-84.186666,34.013417]},"properties":{"brand":"Flock Safety"}},{"type":"Feature","geometry":{"type":"Point","coordinates":[-84.037555,34.365929]},"properties":{"brand":"Flock Safety"}},{"type":"Feature","geometry":{"type":"Point","coordinates":[-84.037308,34.365586]},"properties":{"brand":"Flock Safety"}},{"type":"Feature","geometry":{"type":"Point","coordinates":[-83.677334,32.8917]},"properties":{"brand":"Motorola Solutions"}},{"type":"Feature","geometry":{"type":"Point","coordinates":[-83.781194,32.939951]},"properties":{"brand":"Motorola Solutions"}},{"type":"Feature","geometry":{"type":"Point","coordinates":[-83.92221,33.035317]},"properties":{"brand":"Motorola Solutions"}},{"type":"Feature","geometry":{"type":"Point","coordinates":[-84.109076,33.285739]},"properties":{"brand":"Motorola Solutions"}},{"type":"Feature","geometry":{"type":"Point","coordinates":[-84.125011,33.352121]},"properties":{"brand":"Motorola Solutions"}},{"type":"Feature","geometry":{"type":"Point","coordinates":[-84.184961,33.430219]},"properties":{"brand":"Motorola Solutions"}},{"type":"Feature","geometry":{"type":"Point","coordinates":[-84.150359,33.399759]},"properties":{"brand":"Motorola Solutions"}},{"type":"Feature","geometry":{"type":"Point","coordinates":[-84.144856,33.390729]},"properties":{"brand":"Motorola Solutions"}},{"type":"Feature","geometry":{"type":"Point","coordinates":[-84.1526,33.403393]},"properties":{"brand":"Leonardo"}},{"type":"Feature","geometry":{"type":"Point","coordinates":[-84.156538,33.408077]},"properties":{"brand":"Motorola Solutions"}},{"type":"Feature","geometry":{"type":"Point","coordinates":[-84.163946,33.413955]},"properties":{"brand":"Motorola Solutions"}},{"type":"Feature","geometry":{"type":"Point","coordinates":[-84.171562,33.419523]},"properties":{"brand":"Leonardo"}},{"type":"Feature","geometry":{"type":"Point","coordinates":[-84.029877,34.367888]},"properties":{"brand":"Flock Safety"}},{"type":"Feature","geometry":{"type":"Point","coordinates":[-84.029831,34.367847]},"properties":{"brand":"Flock Safety"}},{"type":"Feature","geometry":{"type":"Point","coordinates":[-84.161789,33.41177]},"properties":{"brand":"Motorola Solutions"}},{"type":"Feature","geometry":{"type":"Point","coordinates":[-84.203637,33.452061]},"properties":{"brand":"Motorola Solutions"}},{"type":"Feature","geometry":{"type":"Point","coordinates":[-84.207924,33.457877]},"properties":{"brand":"Motorola Solutions"}},{"type":"Feature","geometry":{"type":"Point","coordinates":[-84.246769,33.519186]},"properties":{"brand":"Motorola Solutions"}},{"type":"Feature","geometry":{"type":"Point","coordinates":[-84.179276,33.425641]},"properties":{"brand":"Motorola Solutions"}},{"type":"Feature","geometry":{"type":"Point","coordinates":[-84.211278,33.464717]},"properties":{"brand":"Motorola Solutions"}},{"type":"Feature","geometry":{"type":"Point","coordinates":[-84.190449,33.436256]},"properties":{"brand":"Motorola Solutions"}},{"type":"Feature","geometry":{"type":"Point","coordinates":[-84.199737,33.447432]},"properties":{"brand":"Leonardo"}},{"type":"Feature","geometry":{"type":"Point","coordinates":[-84.213751,33.471386]},"properties":{"brand":"Motorola Solutions"}},{"type":"Feature","geometry":{"type":"Point","coordinates":[-84.287873,33.55024]},"properties":{"brand":"Motorola Solutions"}},{"type":"Feature","geometry":{"type":"Point","coordinates":[-84.219488,33.490555]},"properties":{"brand":"Motorola Solutions"}},{"type":"Feature","geometry":{"type":"Point","coordinates":[-84.222651,33.497229]},"properties":{"brand":"Motorola Solutions"}},{"type":"Feature","geometry":{"type":"Point","coordinates":[-84.229918,33.505233]},"properties":{"brand":"Motorola Solutions"}},{"type":"Feature","geometry":{"type":"Point","coordinates":[-84.230251,33.505144]},"properties":{"brand":"Leonardo"}},{"type":"Feature","geometry":{"type":"Point","coordinates":[-84.235834,33.510719]},"properties":{"brand":"Motorola Solutions"}},{"type":"Feature","geometry":{"type":"Point","coordinates":[-84.240635,33.514213]},"properties":{"brand":"Flock Safety"}},{"type":"Feature","geometry":{"type":"Point","coordinates":[-84.247028,33.518968]},"properties":{"brand":"Motorola Solutions"}},{"type":"Feature","geometry":{"type":"Point","coordinates":[-84.253334,33.525765]},"properties":{"brand":"Motorola Solutions"}},{"type":"Feature","geometry":{"type":"Point","coordinates":[-84.257325,33.530345]},"properties":{"brand":"Leonardo"}},{"type":"Feature","geometry":{"type":"Point","coordinates":[-84.311986,33.560301]},"properties":{"brand":"Leonardo"}},{"type":"Feature","geometry":{"type":"Point","coordinates":[-84.261362,33.534365]},"properties":{"brand":"Motorola Solutions"}},{"type":"Feature","geometry":{"type":"Point","coordinates":[-84.26398,33.538378]},"properties":{"brand":"Leonardo"}},{"type":"Feature","geometry":{"type":"Point","coordinates":[-84.291602,33.552314]},"properties":{"brand":"Leonardo"}},{"type":"Feature","geometry":{"type":"Point","coordinates":[-84.295485,33.553777]},"properties":{"brand":"Leonardo"}},{"type":"Feature","geometry":{"type":"Point","coordinates":[-84.299755,33.554693]},"properties":{"brand":"Leonardo"}},{"type":"Feature","geometry":{"type":"Point","coordinates":[-84.312214,33.559827]},"properties":{"brand":"Leonardo"}},{"type":"Feature","geometry":{"type":"Point","coordinates":[-84.329921,33.571181]},"properties":{"brand":"Leonardo"}},{"type":"Feature","geometry":{"type":"Point","coordinates":[-84.264464,33.538998]},"properties":{"brand":"Motorola Solutions"}},{"type":"Feature","geometry":{"type":"Point","coordinates":[-84.357325,33.579836]},"properties":{"brand":"Leonardo"}},{"type":"Feature","geometry":{"type":"Point","coordinates":[-84.269,33.542786]},"properties":{"brand":"Motorola Solutions"}},{"type":"Feature","geometry":{"type":"Point","coordinates":[-84.281458,33.548309]},"properties":{"brand":"Leonardo"}},{"type":"Feature","geometry":{"type":"Point","coordinates":[-84.271995,33.544665]},"properties":{"brand":"Motorola Solutions"}},{"type":"Feature","geometry":{"type":"Point","coordinates":[-84.321672,33.566503]},"properties":{"brand":"Leonardo"}},{"type":"Feature","geometry":{"type":"Point","coordinates":[-84.276434,33.546266]},"properties":{"brand":"Leonardo"}},{"type":"Feature","geometry":{"type":"Point","coordinates":[-84.299121,33.554811]},"properties":{"brand":"Motorola Solutions"}},{"type":"Feature","geometry":{"type":"Point","coordinates":[-84.329583,33.571408]},"properties":{"brand":"Motorola Solutions"}},{"type":"Feature","geometry":{"type":"Point","coordinates":[-84.307395,33.557696]},"properties":{"brand":"Leonardo"}},{"type":"Feature","geometry":{"type":"Point","coordinates":[-84.325501,33.568825]},"properties":{"brand":"Leonardo"}},{"type":"Feature","geometry":{"type":"Point","coordinates":[-84.345207,33.577749]},"properties":{"brand":"Leonardo"}},{"type":"Feature","geometry":{"type":"Point","coordinates":[-84.336153,33.57497]},"properties":{"brand":"Leonardo"}},{"type":"Feature","geometry":{"type":"Point","coordinates":[-84.339652,33.576043]},"properties":{"brand":"Leonardo"}},{"type":"Feature","geometry":{"type":"Point","coordinates":[-84.339549,33.576579]},"properties":{"brand":"Leonardo"}},{"type":"Feature","geometry":{"type":"Point","coordinates":[-84.345413,33.577303]},"properties":{"brand":"Leonardo"}},{"type":"Feature","geometry":{"type":"Point","coordinates":[-84.361297,33.580713]},"properties":{"brand":"Leonardo"}},{"type":"Feature","geometry":{"type":"Point","coordinates":[-84.35125,33.578592]},"properties":{"brand":"Leonardo"}},{"type":"Feature","geometry":{"type":"Point","coordinates":[-84.352441,33.579474]},"properties":{"brand":"Motorola Solutions"}},{"type":"Feature","geometry":{"type":"Point","coordinates":[-83.639884,32.814449]},"properties":{"brand":"Flock Safety"}},{"type":"Feature","geometry":{"type":"Point","coordinates":[-85.321494,33.678512]},"properties":{"brand":"Motorola Solutions"}},{"type":"Feature","geometry":{"type":"Point","coordinates":[-84.318096,34.18577]},"properties":{"brand":"Flock Safety"}},{"type":"Feature","geometry":{"type":"Point","coordinates":[-84.318096,34.18577]},"properties":{"brand":"Flock Safety"}},{"type":"Feature","geometry":{"type":"Point","coordinates":[-84.34279,34.145441]},"properties":{"brand":"Flock Safety"}},{"type":"Feature","geometry":{"type":"Point","coordinates":[-84.342833,34.144228]},"properties":{"brand":"Flock Safety"}},{"type":"Feature","geometry":{"type":"Point","coordinates":[-84.342833,34.144228]},"properties":{"brand":"Flock Safety"}},{"type":"Feature","geometry":{"type":"Point","coordinates":[-84.351841,33.991236]},"properties":{"brand":"Flock Safety"}},{"type":"Feature","geometry":{"type":"Point","coordinates":[-83.724923,32.863625]},"properties":{"brand":"Flock Safety"}},{"type":"Feature","geometry":{"type":"Point","coordinates":[-84.374391,33.420474]},"properties":{"brand":""}},{"type":"Feature","geometry":{"type":"Point","coordinates":[-83.572487,34.258245]},"properties":{"brand":"Flock Safety"}},{"type":"Feature","geometry":{"type":"Point","coordinates":[-84.81876,34.222182]},"properties":{"brand":"Flock Safety"}},{"type":"Feature","geometry":{"type":"Point","coordinates":[-85.03694,33.746634]},"properties":{"brand":"Flock Safety"}},{"type":"Feature","geometry":{"type":"Point","coordinates":[-84.164133,33.986587]},"properties":{"brand":"Flock Safety"}},{"type":"Feature","geometry":{"type":"Point","coordinates":[-81.652243,32.756005]},"properties":{"brand":"Flock Safety"}},{"type":"Feature","geometry":{"type":"Point","coordinates":[-84.379596,33.916179]},"properties":{"brand":"Flock Safety"}},{"type":"Feature","geometry":{"type":"Point","coordinates":[-84.059837,34.338021]},"properties":{"brand":"Flock Safety"}},{"type":"Feature","geometry":{"type":"Point","coordinates":[-84.057103,34.338771]},"properties":{"brand":"Flock Safety"}},{"type":"Feature","geometry":{"type":"Point","coordinates":[-84.299547,33.768578]},"properties":{"brand":"Zhejiang Uniview Technologies Co., Ltd"}},{"type":"Feature","geometry":{"type":"Point","coordinates":[-84.059142,34.354702]},"properties":{"brand":"Flock Safety"}},{"type":"Feature","geometry":{"type":"Point","coordinates":[-83.9812,33.621705]},"properties":{"brand":"Flock Safety"}},{"type":"Feature","geometry":{"type":"Point","coordinates":[-83.984442,33.613197]},"properties":{"brand":"Flock Safety"}},{"type":"Feature","geometry":{"type":"Point","coordinates":[-84.498509,33.510686]},"properties":{"brand":"Flock Safety"}},{"type":"Feature","geometry":{"type":"Point","coordinates":[-84.531294,33.534556]},"properties":{"brand":"Flock Safety"}},{"type":"Feature","geometry":{"type":"Point","coordinates":[-84.901472,33.477647]},"properties":{"brand":"Flock Safety"}},{"type":"Feature","geometry":{"type":"Point","coordinates":[-84.746577,33.763537]},"properties":{"brand":"Flock Safety"}},{"type":"Feature","geometry":{"type":"Point","coordinates":[-84.429856,33.696705]},"properties":{"brand":"Flock Safety"}},{"type":"Feature","geometry":{"type":"Point","coordinates":[-84.444301,33.685271]},"properties":{"brand":"Flock Safety"}},{"type":"Feature","geometry":{"type":"Point","coordinates":[-84.05879,34.355306]},"properties":{"brand":"Flock Safety"}},{"type":"Feature","geometry":{"type":"Point","coordinates":[-85.186184,34.221917]},"properties":{"brand":"Flock Safety"}},{"type":"Feature","geometry":{"type":"Point","coordinates":[-84.812802,33.579076]},"properties":{"brand":"Flock Safety"}},{"type":"Feature","geometry":{"type":"Point","coordinates":[-84.442118,33.684813]},"properties":{"brand":"Flock Safety"}},{"type":"Feature","geometry":{"type":"Point","coordinates":[-84.608899,34.00159]},"properties":{"brand":"Flock Safety"}},{"type":"Feature","geometry":{"type":"Point","coordinates":[-84.187019,33.805622]},"properties":{"brand":"Flock Safety"}},{"type":"Feature","geometry":{"type":"Point","coordinates":[-83.553688,34.245156]},"properties":{"brand":"Flock Safety"}},{"type":"Feature","geometry":{"type":"Point","coordinates":[-84.032356,33.707963]},"properties":{"brand":"Motorola Solutions"}},{"type":"Feature","geometry":{"type":"Point","coordinates":[-84.556338,34.555547]},"properties":{"brand":"Flock Safety"}},{"type":"Feature","geometry":{"type":"Point","coordinates":[-84.958005,32.5292]},"properties":{"brand":"Flock Safety"}},{"type":"Feature","geometry":{"type":"Point","coordinates":[-84.540555,33.583342]},"properties":{"brand":"Flock Safety"}},{"type":"Feature","geometry":{"type":"Point","coordinates":[-84.542338,33.583491]},"properties":{"brand":"Flock Safety"}},{"type":"Feature","geometry":{"type":"Point","coordinates":[-84.539953,33.584405]},"properties":{"brand":"Flock Safety"}},{"type":"Feature","geometry":{"type":"Point","coordinates":[-84.532109,33.585954]},"properties":{"brand":"Flock Safety"}},{"type":"Feature","geometry":{"type":"Point","coordinates":[-84.385163,34.059669]},"properties":{"brand":"Flock Safety"}},{"type":"Feature","geometry":{"type":"Point","coordinates":[-82.166255,34.9529]},"properties":{"brand":"Flock Safety"}},{"type":"Feature","geometry":{"type":"Point","coordinates":[-84.457428,33.690006]},"properties":{"brand":"Flock Safety"}},{"type":"Feature","geometry":{"type":"Point","coordinates":[-84.466138,33.694464]},"properties":{"brand":"Flock Safety"}},{"type":"Feature","geometry":{"type":"Point","coordinates":[-84.466885,33.690634]},"properties":{"brand":"Flock Safety"}},{"type":"Feature","geometry":{"type":"Point","coordinates":[-84.4658,33.690447]},"properties":{"brand":"Flock Safety"}},{"type":"Feature","geometry":{"type":"Point","coordinates":[-84.132836,34.239674]},"properties":{"brand":"Flock Safety"}},{"type":"Feature","geometry":{"type":"Point","coordinates":[-84.328246,33.441104]},"properties":{"brand":""}},{"type":"Feature","geometry":{"type":"Point","coordinates":[-84.794072,34.114764]},"properties":{"brand":"Flock Safety"}},{"type":"Feature","geometry":{"type":"Point","coordinates":[-84.349099,33.773759]},"properties":{"brand":"Axon Enterprise"}},{"type":"Feature","geometry":{"type":"Point","coordinates":[-85.055409,33.056093]},"properties":{"brand":"Flock Safety"}},{"type":"Feature","geometry":{"type":"Point","coordinates":[-85.060774,33.05826]},"properties":{"brand":"Flock Safety"}},{"type":"Feature","geometry":{"type":"Point","coordinates":[-85.061042,33.058754]},"properties":{"brand":"Flock Safety"}},{"type":"Feature","geometry":{"type":"Point","coordinates":[-85.061119,33.058761]},"properties":{"brand":"Flock Safety"}},{"type":"Feature","geometry":{"type":"Point","coordinates":[-85.057554,33.056636]},"properties":{"brand":"Flock Safety"}},{"type":"Feature","geometry":{"type":"Point","coordinates":[-84.616932,33.774358]},"properties":{"brand":"Flock Safety"}},{"type":"Feature","geometry":{"type":"Point","coordinates":[-84.617587,33.773601]},"properties":{"brand":"Flock Safety"}},{"type":"Feature","geometry":{"type":"Point","coordinates":[-84.617282,33.775233]},"properties":{"brand":"Flock Safety"}},{"type":"Feature","geometry":{"type":"Point","coordinates":[-83.735218,33.519208]},"properties":{"brand":"Flock Safety"}},{"type":"Feature","geometry":{"type":"Point","coordinates":[-83.735204,33.519213]},"properties":{"brand":"Flock Safety"}},{"type":"Feature","geometry":{"type":"Point","coordinates":[-83.753903,33.598681]},"properties":{"brand":"Flock Safety"}},{"type":"Feature","geometry":{"type":"Point","coordinates":[-84.753205,33.400923]},"properties":{"brand":"Flock Safety"}},{"type":"Feature","geometry":{"type":"Point","coordinates":[-84.223333,33.849568]},"properties":{"brand":"Flock Safety"}},{"type":"Feature","geometry":{"type":"Point","coordinates":[-82.258585,34.719292]},"properties":{"brand":"Flock Safety"}},{"type":"Feature","geometry":{"type":"Point","coordinates":[-82.260235,34.71863]},"properties":{"brand":"Flock Safety"}},{"type":"Feature","geometry":{"type":"Point","coordinates":[-84.336994,33.746617]},"properties":{"brand":"Flock Safety"}},{"type":"Feature","geometry":{"type":"Point","coordinates":[-84.256573,33.773416]},"properties":{"brand":"Flock Safety"}},{"type":"Feature","geometry":{"type":"Point","coordinates":[-84.256758,33.773399]},"properties":{"brand":"Flock Safety"}},{"type":"Feature","geometry":{"type":"Point","coordinates":[-84.378642,33.730507]},"properties":{"brand":"Flock Safety"}},{"type":"Feature","geometry":{"type":"Point","coordinates":[-83.217587,34.129904]},"properties":{"brand":"Flock Safety"}},{"type":"Feature","geometry":{"type":"Point","coordinates":[-83.217026,34.130324]},"properties":{"brand":"Flock Safety"}},{"type":"Feature","geometry":{"type":"Point","coordinates":[-83.297809,34.013276]},"properties":{"brand":"Flock Safety"}},{"type":"Feature","geometry":{"type":"Point","coordinates":[-83.967363,33.798996]},"properties":{"brand":"Flock Safety"}},{"type":"Feature","geometry":{"type":"Point","coordinates":[-84.043899,33.804196]},"properties":{"brand":"Flock Safety"}},{"type":"Feature","geometry":{"type":"Point","coordinates":[-83.919081,33.777388]},"properties":{"brand":"Flock Safety"}},{"type":"Feature","geometry":{"type":"Point","coordinates":[-82.403092,32.88263]},"properties":{"brand":"Flock Safety"}},{"type":"Feature","geometry":{"type":"Point","coordinates":[-84.257848,34.127356]},"properties":{"brand":"Flock Safety"}},{"type":"Feature","geometry":{"type":"Point","coordinates":[-84.255953,34.12768]},"properties":{"brand":"Axis Communications"}},{"type":"Feature","geometry":{"type":"Point","coordinates":[-84.269215,34.112219]},"properties":{"brand":"Flock Safety"}},{"type":"Feature","geometry":{"type":"Point","coordinates":[-84.273398,34.096123]},"properties":{"brand":"Flock Safety"}},{"type":"Feature","geometry":{"type":"Point","coordinates":[-84.569823,34.173881]},"properties":{"brand":"Flock Safety"}},{"type":"Feature","geometry":{"type":"Point","coordinates":[-84.425271,33.61768]},"properties":{"brand":"Flock Safety"}},{"type":"Feature","geometry":{"type":"Point","coordinates":[-83.631332,32.626278]},"properties":{"brand":"Flock Safety"}},{"type":"Feature","geometry":{"type":"Point","coordinates":[-84.876747,33.161856]},"properties":{"brand":"Flock Safety"}},{"type":"Feature","geometry":{"type":"Point","coordinates":[-82.130503,34.933894]},"properties":{"brand":"Flock Safety"}},{"type":"Feature","geometry":{"type":"Point","coordinates":[-82.781184,34.01346]},"properties":{"brand":"Flock Safety"}},{"type":"Feature","geometry":{"type":"Point","coordinates":[-83.098427,34.413242]},"properties":{"brand":"Flock Safety"}},{"type":"Feature","geometry":{"type":"Point","coordinates":[-83.170754,34.482732]},"properties":{"brand":"Flock Safety"}},{"type":"Feature","geometry":{"type":"Point","coordinates":[-84.509519,34.638363]},"properties":{"brand":"Flock Safety"}},{"type":"Feature","geometry":{"type":"Point","coordinates":[-84.540933,34.55138]},"properties":{"brand":"Flock Safety"}},{"type":"Feature","geometry":{"type":"Point","coordinates":[-84.449161,33.648942]},"properties":{"brand":"Flock Safety"}},{"type":"Feature","geometry":{"type":"Point","coordinates":[-84.611782,33.518941]},"properties":{"brand":"Flock Safety"}},{"type":"Feature","geometry":{"type":"Point","coordinates":[-84.018072,34.018835]},"properties":{"brand":"Flock Safety"}},{"type":"Feature","geometry":{"type":"Point","coordinates":[-83.838937,34.131971]},"properties":{"brand":"Flock Safety"}},{"type":"Feature","geometry":{"type":"Point","coordinates":[-84.198055,34.127567]},"properties":{"brand":"Flock Safety"}},{"type":"Feature","geometry":{"type":"Point","coordinates":[-84.829127,34.162553]},"properties":{"brand":"Flock Safety"}},{"type":"Feature","geometry":{"type":"Point","coordinates":[-82.930645,32.529669]},"properties":{"brand":"Flock Safety"}},{"type":"Feature","geometry":{"type":"Point","coordinates":[-84.515674,33.680307]},"properties":{"brand":"Flock Safety"}},{"type":"Feature","geometry":{"type":"Point","coordinates":[-82.04658,34.28807]},"properties":{"brand":"Flock Safety"}},{"type":"Feature","geometry":{"type":"Point","coordinates":[-83.629449,32.61831]},"properties":{"brand":"Flock Safety"}},{"type":"Feature","geometry":{"type":"Point","coordinates":[-84.443017,33.639566]},"properties":{"brand":"Flock Safety"}},{"type":"Feature","geometry":{"type":"Point","coordinates":[-83.641473,32.648191]},"properties":{"brand":"Flock Safety"}},{"type":"Feature","geometry":{"type":"Point","coordinates":[-83.660603,32.650313]},"properties":{"brand":"Flock Safety"}},{"type":"Feature","geometry":{"type":"Point","coordinates":[-83.729526,32.651367]},"properties":{"brand":"Flock Safety"}},{"type":"Feature","geometry":{"type":"Point","coordinates":[-83.729522,32.651467]},"properties":{"brand":"Flock Safety"}},{"type":"Feature","geometry":{"type":"Point","coordinates":[-83.74258,32.621198]},"properties":{"brand":"Flock Safety"}},{"type":"Feature","geometry":{"type":"Point","coordinates":[-83.631974,32.626754]},"properties":{"brand":"Flock Safety"}},{"type":"Feature","geometry":{"type":"Point","coordinates":[-83.052936,34.535554]},"properties":{"brand":"Flock Safety"}},{"type":"Feature","geometry":{"type":"Point","coordinates":[-83.625595,32.650641]},"properties":{"brand":"Flock Safety"}},{"type":"Feature","geometry":{"type":"Point","coordinates":[-84.262878,33.907888]},"properties":{"brand":"Flock Safety"}},{"type":"Feature","geometry":{"type":"Point","coordinates":[-81.132356,33.950276]},"properties":{"brand":"Flock Safety"}},{"type":"Feature","geometry":{"type":"Point","coordinates":[-84.266863,34.204271]},"properties":{"brand":"Flock Safety"}},{"type":"Feature","geometry":{"type":"Point","coordinates":[-84.338523,33.654639]},"properties":{"brand":"Flock Safety"}},{"type":"Feature","geometry":{"type":"Point","coordinates":[-84.338373,33.654584]},"properties":{"brand":"Flock Safety"}},{"type":"Feature","geometry":{"type":"Point","coordinates":[-84.338133,33.654159]},"properties":{"brand":"Flock Safety"}},{"type":"Feature","geometry":{"type":"Point","coordinates":[-84.337982,33.653887]},"properties":{"brand":"Flock Safety"}},{"type":"Feature","geometry":{"type":"Point","coordinates":[-83.766515,32.886034]},"properties":{"brand":"Flock Safety"}},{"type":"Feature","geometry":{"type":"Point","coordinates":[-83.765988,32.885449]},"properties":{"brand":"Flock Safety"}},{"type":"Feature","geometry":{"type":"Point","coordinates":[-83.765876,32.885388]},"properties":{"brand":"Flock Safety"}},{"type":"Feature","geometry":{"type":"Point","coordinates":[-83.766621,32.885433]},"properties":{"brand":"Flock Safety"}},{"type":"Feature","geometry":{"type":"Point","coordinates":[-83.765976,32.88708]},"properties":{"brand":"Flock Safety"}},{"type":"Feature","geometry":{"type":"Point","coordinates":[-83.766484,32.886706]},"properties":{"brand":"Flock Safety"}},{"type":"Feature","geometry":{"type":"Point","coordinates":[-83.766606,32.885347]},"properties":{"brand":"Flock Safety"}},{"type":"Feature","geometry":{"type":"Point","coordinates":[-83.765988,32.886108]},"properties":{"brand":"Flock Safety"}},{"type":"Feature","geometry":{"type":"Point","coordinates":[-83.974529,34.529644]},"properties":{"brand":"Flock Safety"}},{"type":"Feature","geometry":{"type":"Point","coordinates":[-84.426675,33.790736]},"properties":{"brand":"Flock Safety"}},{"type":"Feature","geometry":{"type":"Point","coordinates":[-84.42681,33.791217]},"properties":{"brand":"Flock Safety"}},{"type":"Feature","geometry":{"type":"Point","coordinates":[-84.330477,34.041867]},"properties":{"brand":"Flock Safety"}},{"type":"Feature","geometry":{"type":"Point","coordinates":[-82.078485,33.465751]},"properties":{"brand":"Flock Safety"}},{"type":"Feature","geometry":{"type":"Point","coordinates":[-82.076452,33.464901]},"properties":{"brand":"Flock Safety"}},{"type":"Feature","geometry":{"type":"Point","coordinates":[-82.07848,33.465747]},"properties":{"brand":"Flock Safety"}},{"type":"Feature","geometry":{"type":"Point","coordinates":[-82.076499,33.464787]},"properties":{"brand":"Flock Safety"}},{"type":"Feature","geometry":{"type":"Point","coordinates":[-82.076449,33.464891]},"properties":{"brand":"Flock Safety"}},{"type":"Feature","geometry":{"type":"Point","coordinates":[-82.077981,33.460626]},"properties":{"brand":"Flock Safety"}},{"type":"Feature","geometry":{"type":"Point","coordinates":[-82.078024,33.460708]},"properties":{"brand":"Flock Safety"}},{"type":"Feature","geometry":{"type":"Point","coordinates":[-82.077983,33.460619]},"properties":{"brand":"Flock Safety"}},{"type":"Feature","geometry":{"type":"Point","coordinates":[-82.077762,33.460241]},"properties":{"brand":"Flock Safety"}},{"type":"Feature","geometry":{"type":"Point","coordinates":[-82.081051,33.466631]},"properties":{"brand":"Flock Safety"}},{"type":"Feature","geometry":{"type":"Point","coordinates":[-82.081249,33.467055]},"properties":{"brand":"Flock Safety"}},{"type":"Feature","geometry":{"type":"Point","coordinates":[-84.893937,32.548885]},"properties":{"brand":"Flock Safety"}},{"type":"Feature","geometry":{"type":"Point","coordinates":[-84.43087,33.658694]},"properties":{"brand":"Flock Safety"}},{"type":"Feature","geometry":{"type":"Point","coordinates":[-81.230656,33.796139]},"properties":{"brand":"Flock Safety"}},{"type":"Feature","geometry":{"type":"Point","coordinates":[-84.291185,33.401657]},"properties":{"brand":"Flock Safety"}},{"type":"Feature","geometry":{"type":"Point","coordinates":[-84.383923,34.039349]},"properties":{"brand":"Flock Safety"}},{"type":"Feature","geometry":{"type":"Point","coordinates":[-84.176902,33.806649]},"properties":{"brand":"Flock Safety"}},{"type":"Feature","geometry":{"type":"Point","coordinates":[-84.176902,33.806649]},"properties":{"brand":"Flock Safety"}},{"type":"Feature","geometry":{"type":"Point","coordinates":[-82.311099,34.70839]},"properties":{"brand":"Flock Safety"}},{"type":"Feature","geometry":{"type":"Point","coordinates":[-82.311245,34.708374]},"properties":{"brand":"Flock Safety"}},{"type":"Feature","geometry":{"type":"Point","coordinates":[-82.306624,34.71029]},"properties":{"brand":"Flock Safety"}},{"type":"Feature","geometry":{"type":"Point","coordinates":[-84.23884,34.080101]},"properties":{"brand":"Flock Safety"}},{"type":"Feature","geometry":{"type":"Point","coordinates":[-84.270219,34.104897]},"properties":{"brand":"Flock Safety"}},{"type":"Feature","geometry":{"type":"Point","coordinates":[-83.605328,32.63445]},"properties":{"brand":"Flock Safety"}},{"type":"Feature","geometry":{"type":"Point","coordinates":[-83.605399,32.634323]},"properties":{"brand":"Flock Safety"}},{"type":"Feature","geometry":{"type":"Point","coordinates":[-85.074511,34.008665]},"properties":{"brand":"Flock Safety"}},{"type":"Feature","geometry":{"type":"Point","coordinates":[-85.060302,34.002448]},"properties":{"brand":"Flock Safety"}},{"type":"Feature","geometry":{"type":"Point","coordinates":[-85.072402,34.010245]},"properties":{"brand":"Flock Safety"}},{"type":"Feature","geometry":{"type":"Point","coordinates":[-85.064862,34.014718]},"properties":{"brand":"Flock Safety"}},{"type":"Feature","geometry":{"type":"Point","coordinates":[-85.238676,34.032769]},"properties":{"brand":"Flock Safety"}},{"type":"Feature","geometry":{"type":"Point","coordinates":[-84.377387,34.197377]},"properties":{"brand":"Axon Enterprise"}},{"type":"Feature","geometry":{"type":"Point","coordinates":[-84.628627,33.992368]},"properties":{"brand":"Flock Safety"}},{"type":"Feature","geometry":{"type":"Point","coordinates":[-83.29362,34.01443]},"properties":{"brand":"Flock Safety"}},{"type":"Feature","geometry":{"type":"Point","coordinates":[-84.606168,33.945546]},"properties":{"brand":"Flock Safety"}},{"type":"Feature","geometry":{"type":"Point","coordinates":[-82.12627,33.538425]},"properties":{"brand":"Motorola Solutions"}},{"type":"Feature","geometry":{"type":"Point","coordinates":[-83.728386,33.772411]},"properties":{"brand":"Flock Safety"}},{"type":"Feature","geometry":{"type":"Point","coordinates":[-83.918215,33.776852]},"properties":{"brand":"Flock Safety"}},{"type":"Feature","geometry":{"type":"Point","coordinates":[-80.870331,35.048703]},"properties":{"brand":"Flock Safety"}},{"type":"Feature","geometry":{"type":"Point","coordinates":[-80.870199,35.049152]},"properties":{"brand":"Flock Safety"}},{"type":"Feature","geometry":{"type":"Point","coordinates":[-82.005734,33.403523]},"properties":{"brand":"Flock Safety"}},{"type":"Feature","geometry":{"type":"Point","coordinates":[-82.005816,33.399492]},"properties":{"brand":"Flock Safety"}},{"type":"Feature","geometry":{"type":"Point","coordinates":[-81.971865,32.951879]},"properties":{"brand":"Flock Safety"}},{"type":"Feature","geometry":{"type":"Point","coordinates":[-81.948092,32.827674]},"properties":{"brand":"Flock Safety"}},{"type":"Feature","geometry":{"type":"Point","coordinates":[-81.849749,32.520727]},"properties":{"brand":"Flock Safety"}},{"type":"Feature","geometry":{"type":"Point","coordinates":[-84.66702,33.529435]},"properties":{"brand":"Flock Safety"}},{"type":"Feature","geometry":{"type":"Point","coordinates":[-84.436308,33.526468]},"properties":{"brand":"Flock Safety"}},{"type":"Feature","geometry":{"type":"Point","coordinates":[-84.650381,33.508193]},"properties":{"brand":"Flock Safety"}},{"type":"Feature","geometry":{"type":"Point","coordinates":[-84.436393,33.526399]},"properties":{"brand":"Flock Safety"}},{"type":"Feature","geometry":{"type":"Point","coordinates":[-84.48497,33.562674]},"properties":{"brand":"Flock Safety"}},{"type":"Feature","geometry":{"type":"Point","coordinates":[-84.588684,33.449575]},"properties":{"brand":"Flock Safety"}},{"type":"Feature","geometry":{"type":"Point","coordinates":[-84.670826,33.529551]},"properties":{"brand":"Flock Safety"}},{"type":"Feature","geometry":{"type":"Point","coordinates":[-84.671692,33.529514]},"properties":{"brand":"Flock Safety"}},{"type":"Feature","geometry":{"type":"Point","coordinates":[-83.719783,32.546431]},"properties":{"brand":"Flock Safety"}},{"type":"Feature","geometry":{"type":"Point","coordinates":[-84.448146,33.553632]},"properties":{"brand":"Flock Safety"}},{"type":"Feature","geometry":{"type":"Point","coordinates":[-84.448299,33.580327]},"properties":{"brand":"Flock Safety"}},{"type":"Feature","geometry":{"type":"Point","coordinates":[-84.919418,34.476558]},"properties":{"brand":"Flock Safety"}},{"type":"Feature","geometry":{"type":"Point","coordinates":[-84.413699,33.559293]},"properties":{"brand":"Flock Safety"}},{"type":"Feature","geometry":{"type":"Point","coordinates":[-84.172747,34.147391]},"properties":{"brand":"Flock Safety"}},{"type":"Feature","geometry":{"type":"Point","coordinates":[-84.169884,34.151626]},"properties":{"brand":"Flock Safety"}},{"type":"Feature","geometry":{"type":"Point","coordinates":[-84.173788,34.151264]},"properties":{"brand":"Flock Safety"}},{"type":"Feature","geometry":{"type":"Point","coordinates":[-84.168811,34.153443]},"properties":{"brand":"Flock Safety"}},{"type":"Feature","geometry":{"type":"Point","coordinates":[-84.166914,34.155017]},"properties":{"brand":"Flock Safety"}},{"type":"Feature","geometry":{"type":"Point","coordinates":[-84.162835,34.155539]},"properties":{"brand":"Flock Safety"}},{"type":"Feature","geometry":{"type":"Point","coordinates":[-84.17158,34.157538]},"properties":{"brand":"Flock Safety"}},{"type":"Feature","geometry":{"type":"Point","coordinates":[-84.174413,34.158552]},"properties":{"brand":"Flock Safety"}},{"type":"Feature","geometry":{"type":"Point","coordinates":[-84.167316,34.149158]},"properties":{"brand":"Flock Safety"}},{"type":"Feature","geometry":{"type":"Point","coordinates":[-84.166673,34.15492]},"properties":{"brand":"Flock Safety"}},{"type":"Feature","geometry":{"type":"Point","coordinates":[-84.166964,34.155344]},"properties":{"brand":"Flock Safety"}},{"type":"Feature","geometry":{"type":"Point","coordinates":[-83.795484,32.886714]},"properties":{"brand":"Flock Safety"}},{"type":"Feature","geometry":{"type":"Point","coordinates":[-83.963188,33.578423]},"properties":{"brand":"Flock Safety"}},{"type":"Feature","geometry":{"type":"Point","coordinates":[-84.601834,33.409633]},"properties":{"brand":"Flock Safety"}},{"type":"Feature","geometry":{"type":"Point","coordinates":[-81.719842,33.58404]},"properties":{"brand":"Flock Safety"}},{"type":"Feature","geometry":{"type":"Point","coordinates":[-84.504781,34.21468]},"properties":{"brand":"Flock Safety"}},{"type":"Feature","geometry":{"type":"Point","coordinates":[-82.399341,33.497133]},"properties":{"brand":"Flock Safety"}},{"type":"Feature","geometry":{"type":"Point","coordinates":[-84.483615,33.866259]},"properties":{"brand":"Flock Safety"}},{"type":"Feature","geometry":{"type":"Point","coordinates":[-84.483696,33.86557]},"properties":{"brand":"Flock Safety"}},{"type":"Feature","geometry":{"type":"Point","coordinates":[-83.71796,33.605852]},"properties":{"brand":"Flock Safety"}},{"type":"Feature","geometry":{"type":"Point","coordinates":[-81.603617,34.505837]},"properties":{"brand":"Flock Safety"}},{"type":"Feature","geometry":{"type":"Point","coordinates":[-84.28522,33.886333]},"properties":{"brand":"Flock Safety"}},{"type":"Feature","geometry":{"type":"Point","coordinates":[-81.214033,34.916672]},"properties":{"brand":"Flock Safety"}},{"type":"Feature","geometry":{"type":"Point","coordinates":[-84.275082,33.87832]},"properties":{"brand":"Flock Safety"}},{"type":"Feature","geometry":{"type":"Point","coordinates":[-84.275811,33.877217]},"properties":{"brand":"Flock Safety"}},{"type":"Feature","geometry":{"type":"Point","coordinates":[-80.900685,34.176541]},"properties":{"brand":"Flock Safety"}},{"type":"Feature","geometry":{"type":"Point","coordinates":[-82.37504,34.978438]},"properties":{"brand":"Flock Safety"}},{"type":"Feature","geometry":{"type":"Point","coordinates":[-83.834294,33.582524]},"properties":{"brand":"Flock Safety"}},{"type":"Feature","geometry":{"type":"Point","coordinates":[-84.709331,33.938855]},"properties":{"brand":"Flock Safety"}},{"type":"Feature","geometry":{"type":"Point","coordinates":[-84.431288,33.830466]},"properties":{"brand":"Flock Safety"}},{"type":"Feature","geometry":{"type":"Point","coordinates":[-84.431388,33.830437]},"properties":{"brand":"Flock Safety"}},{"type":"Feature","geometry":{"type":"Point","coordinates":[-84.430079,33.838306]},"properties":{"brand":"Flock Safety"}},{"type":"Feature","geometry":{"type":"Point","coordinates":[-81.582272,34.261968]},"properties":{"brand":"Flock Safety"}},{"type":"Feature","geometry":{"type":"Point","coordinates":[-84.270009,33.395764]},"properties":{"brand":"Flock Safety"}},{"type":"Feature","geometry":{"type":"Point","coordinates":[-83.717652,32.580224]},"properties":{"brand":"Flock Safety"}},{"type":"Feature","geometry":{"type":"Point","coordinates":[-81.687247,33.462714]},"properties":{"brand":"Flock Safety"}},{"type":"Feature","geometry":{"type":"Point","coordinates":[-83.30075,34.012536]},"properties":{"brand":"Flock Safety"}},{"type":"Feature","geometry":{"type":"Point","coordinates":[-84.183769,33.493858]},"properties":{"brand":"Flock Safety"}},{"type":"Feature","geometry":{"type":"Point","coordinates":[-84.183928,33.493832]},"properties":{"brand":"Flock Safety"}},{"type":"Feature","geometry":{"type":"Point","coordinates":[-84.187594,33.493595]},"properties":{"brand":"Flock Safety"}},{"type":"Feature","geometry":{"type":"Point","coordinates":[-84.187443,33.493642]},"properties":{"brand":"Flock Safety"}},{"type":"Feature","geometry":{"type":"Point","coordinates":[-84.189472,33.49335]},"properties":{"brand":"Flock Safety"}},{"type":"Feature","geometry":{"type":"Point","coordinates":[-84.119121,33.490933]},"properties":{"brand":"Flock Safety"}},{"type":"Feature","geometry":{"type":"Point","coordinates":[-84.935002,32.549274]},"properties":{"brand":"Flock Safety"}},{"type":"Feature","geometry":{"type":"Point","coordinates":[-84.928747,32.55077]},"properties":{"brand":"Motorola Solutions"}},{"type":"Feature","geometry":{"type":"Point","coordinates":[-83.96752,33.964311]},"properties":{"brand":"Flock Safety"}},{"type":"Feature","geometry":{"type":"Point","coordinates":[-83.967839,33.964177]},"properties":{"brand":"Flock Safety"}},{"type":"Feature","geometry":{"type":"Point","coordinates":[-83.973686,33.959356]},"properties":{"brand":"Flock Safety"}},{"type":"Feature","geometry":{"type":"Point","coordinates":[-84.207503,33.462683]},"properties":{"brand":"Flock Safety"}},{"type":"Feature","geometry":{"type":"Point","coordinates":[-84.213328,33.464442]},"properties":{"brand":"Flock Safety"}},{"type":"Feature","geometry":{"type":"Point","coordinates":[-84.214746,33.464773]},"properties":{"brand":"Flock Safety"}},{"type":"Feature","geometry":{"type":"Point","coordinates":[-84.204782,33.467066]},"properties":{"brand":"Flock Safety"}},{"type":"Feature","geometry":{"type":"Point","coordinates":[-84.203129,33.467654]},"properties":{"brand":"Flock Safety"}},{"type":"Feature","geometry":{"type":"Point","coordinates":[-84.186888,33.506339]},"properties":{"brand":"Motorola Solutions"}},{"type":"Feature","geometry":{"type":"Point","coordinates":[-84.185552,33.503853]},"properties":{"brand":"Motorola Solutions"}},{"type":"Feature","geometry":{"type":"Point","coordinates":[-82.936854,34.353377]},"properties":{"brand":"Flock Safety"}},{"type":"Feature","geometry":{"type":"Point","coordinates":[-84.208102,33.46236]},"properties":{"brand":"Flock Safety"}},{"type":"Feature","geometry":{"type":"Point","coordinates":[-83.810852,34.005985]},"properties":{"brand":"Flock Safety"}},{"type":"Feature","geometry":{"type":"Point","coordinates":[-83.810624,34.004836]},"properties":{"brand":"Flock Safety"}},{"type":"Feature","geometry":{"type":"Point","coordinates":[-84.172444,34.142395]},"properties":{"brand":"Flock Safety"}},{"type":"Feature","geometry":{"type":"Point","coordinates":[-84.171131,34.129298]},"properties":{"brand":"Flock Safety"}},{"type":"Feature","geometry":{"type":"Point","coordinates":[-84.170767,34.12461]},"properties":{"brand":"Flock Safety"}},{"type":"Feature","geometry":{"type":"Point","coordinates":[-84.17441,34.118433]},"properties":{"brand":"Flock Safety"}},{"type":"Feature","geometry":{"type":"Point","coordinates":[-84.172876,34.142401]},"properties":{"brand":"Flock Safety"}},{"type":"Feature","geometry":{"type":"Point","coordinates":[-84.170889,34.124258]},"properties":{"brand":"Flock Safety"}},{"type":"Feature","geometry":{"type":"Point","coordinates":[-84.174755,34.118687]},"properties":{"brand":"Flock Safety"}},{"type":"Feature","geometry":{"type":"Point","coordinates":[-84.173625,34.135529]},"properties":{"brand":"Flock Safety"}},{"type":"Feature","geometry":{"type":"Point","coordinates":[-84.17108,34.124368]},"properties":{"brand":"Flock Safety"}},{"type":"Feature","geometry":{"type":"Point","coordinates":[-84.171054,34.124765]},"properties":{"brand":"Flock Safety"}},{"type":"Feature","geometry":{"type":"Point","coordinates":[-84.173413,34.135383]},"properties":{"brand":"Flock Safety"}},{"type":"Feature","geometry":{"type":"Point","coordinates":[-84.176771,34.11636]},"properties":{"brand":"Flock Safety"}},{"type":"Feature","geometry":{"type":"Point","coordinates":[-84.175211,34.117941]},"properties":{"brand":"Flock Safety"}},{"type":"Feature","geometry":{"type":"Point","coordinates":[-84.17676,34.114164]},"properties":{"brand":"Flock Safety"}},{"type":"Feature","geometry":{"type":"Point","coordinates":[-84.171826,34.13135]},"properties":{"brand":"Flock Safety"}},{"type":"Feature","geometry":{"type":"Point","coordinates":[-84.17208,34.132043]},"properties":{"brand":"Flock Safety"}},{"type":"Feature","geometry":{"type":"Point","coordinates":[-84.176248,34.116478]},"properties":{"brand":"Flock Safety"}},{"type":"Feature","geometry":{"type":"Point","coordinates":[-84.173479,34.135718]},"properties":{"brand":"Flock Safety"}},{"type":"Feature","geometry":{"type":"Point","coordinates":[-84.17523,34.135598]},"properties":{"brand":"Flock Safety"}},{"type":"Feature","geometry":{"type":"Point","coordinates":[-84.173184,34.138396]},"properties":{"brand":"Flock Safety"}},{"type":"Feature","geometry":{"type":"Point","coordinates":[-84.177281,34.142394]},"properties":{"brand":"Flock Safety"}},{"type":"Feature","geometry":{"type":"Point","coordinates":[-84.173426,34.137538]},"properties":{"brand":"Flock Safety"}},{"type":"Feature","geometry":{"type":"Point","coordinates":[-84.17386,34.137816]},"properties":{"brand":"Flock Safety"}},{"type":"Feature","geometry":{"type":"Point","coordinates":[-84.172496,34.147625]},"properties":{"brand":"Flock Safety"}},{"type":"Feature","geometry":{"type":"Point","coordinates":[-84.172776,34.148478]},"properties":{"brand":"Flock Safety"}},{"type":"Feature","geometry":{"type":"Point","coordinates":[-84.173679,34.13827]},"properties":{"brand":"Flock Safety"}},{"type":"Feature","geometry":{"type":"Point","coordinates":[-84.17227,34.148855]},"properties":{"brand":"Flock Safety"}},{"type":"Feature","geometry":{"type":"Point","coordinates":[-84.170346,34.149081]},"properties":{"brand":"Flock Safety"}},{"type":"Feature","geometry":{"type":"Point","coordinates":[-84.179368,34.13635]},"properties":{"brand":"Flock Safety"}},{"type":"Feature","geometry":{"type":"Point","coordinates":[-84.175278,34.142795]},"properties":{"brand":"Flock Safety"}},{"type":"Feature","geometry":{"type":"Point","coordinates":[-84.17271,34.149678]},"properties":{"brand":"Flock Safety"}},{"type":"Feature","geometry":{"type":"Point","coordinates":[-84.173047,34.150361]},"properties":{"brand":"Flock Safety"}},{"type":"Feature","geometry":{"type":"Point","coordinates":[-84.179551,34.142477]},"properties":{"brand":"Flock Safety"}},{"type":"Feature","geometry":{"type":"Point","coordinates":[-84.172555,34.148848]},"properties":{"brand":"Flock Safety"}},{"type":"Feature","geometry":{"type":"Point","coordinates":[-84.171849,34.148964]},"properties":{"brand":"Flock Safety"}},{"type":"Feature","geometry":{"type":"Point","coordinates":[-84.170343,34.149082]},"properties":{"brand":"Flock Safety"}},{"type":"Feature","geometry":{"type":"Point","coordinates":[-84.171564,34.151284]},"properties":{"brand":"Flock Safety"}},{"type":"Feature","geometry":{"type":"Point","coordinates":[-84.170156,34.151968]},"properties":{"brand":"Flock Safety"}},{"type":"Feature","geometry":{"type":"Point","coordinates":[-84.17158,34.151607]},"properties":{"brand":"Flock Safety"}},{"type":"Feature","geometry":{"type":"Point","coordinates":[-84.170267,34.149616]},"properties":{"brand":"Flock Safety"}},{"type":"Feature","geometry":{"type":"Point","coordinates":[-84.169,34.146132]},"properties":{"brand":"Flock Safety"}},{"type":"Feature","geometry":{"type":"Point","coordinates":[-84.171845,34.148914]},"properties":{"brand":"Flock Safety"}},{"type":"Feature","geometry":{"type":"Point","coordinates":[-84.172269,34.148852]},"properties":{"brand":"Flock Safety"}},{"type":"Feature","geometry":{"type":"Point","coordinates":[-84.172208,34.148015]},"properties":{"brand":"Flock Safety"}},{"type":"Feature","geometry":{"type":"Point","coordinates":[-84.171356,34.146147]},"properties":{"brand":"Flock Safety"}},{"type":"Feature","geometry":{"type":"Point","coordinates":[-84.170546,34.146738]},"properties":{"brand":"Flock Safety"}},{"type":"Feature","geometry":{"type":"Point","coordinates":[-84.172458,34.146485]},"properties":{"brand":"Flock Safety"}},{"type":"Feature","geometry":{"type":"Point","coordinates":[-84.171253,34.146791]},"properties":{"brand":"Flock Safety"}},{"type":"Feature","geometry":{"type":"Point","coordinates":[-84.171335,34.146588]},"properties":{"brand":"Flock Safety"}},{"type":"Feature","geometry":{"type":"Point","coordinates":[-80.830215,34.108327]},"properties":{"brand":"Flock Safety"}},{"type":"Feature","geometry":{"type":"Point","coordinates":[-84.170544,34.14613]},"properties":{"brand":"Flock Safety"}},{"type":"Feature","geometry":{"type":"Point","coordinates":[-84.17239,34.147272]},"properties":{"brand":"Flock Safety"}},{"type":"Feature","geometry":{"type":"Point","coordinates":[-84.168019,34.147378]},"properties":{"brand":"Flock Safety"}},{"type":"Feature","geometry":{"type":"Point","coordinates":[-84.168079,34.146961]},"properties":{"brand":"Flock Safety"}},{"type":"Feature","geometry":{"type":"Point","coordinates":[-84.173165,34.148916]},"properties":{"brand":"Flock Safety"}},{"type":"Feature","geometry":{"type":"Point","coordinates":[-84.168026,34.148488]},"properties":{"brand":"Flock Safety"}},{"type":"Feature","geometry":{"type":"Point","coordinates":[-84.168102,34.149136]},"properties":{"brand":"Flock Safety"}},{"type":"Feature","geometry":{"type":"Point","coordinates":[-80.830071,34.108445]},"properties":{"brand":"Flock Safety"}},{"type":"Feature","geometry":{"type":"Point","coordinates":[-84.171264,34.147649]},"properties":{"brand":"Flock Safety"}},{"type":"Feature","geometry":{"type":"Point","coordinates":[-84.172503,34.15051]},"properties":{"brand":"Flock Safety"}},{"type":"Feature","geometry":{"type":"Point","coordinates":[-84.171291,34.147354]},"properties":{"brand":"Flock Safety"}},{"type":"Feature","geometry":{"type":"Point","coordinates":[-84.168651,34.150336]},"properties":{"brand":"Flock Safety"}},{"type":"Feature","geometry":{"type":"Point","coordinates":[-84.172656,34.151213]},"properties":{"brand":"Flock Safety"}},{"type":"Feature","geometry":{"type":"Point","coordinates":[-84.17359,34.151178]},"properties":{"brand":"Flock Safety"}},{"type":"Feature","geometry":{"type":"Point","coordinates":[-84.173613,34.151401]},"properties":{"brand":"Flock Safety"}},{"type":"Feature","geometry":{"type":"Point","coordinates":[-84.173407,34.150453]},"properties":{"brand":"Flock Safety"}},{"type":"Feature","geometry":{"type":"Point","coordinates":[-84.173274,34.149378]},"properties":{"brand":"Flock Safety"}},{"type":"Feature","geometry":{"type":"Point","coordinates":[-81.581532,34.091001]},"properties":{"brand":"Flock Safety"}},{"type":"Feature","geometry":{"type":"Point","coordinates":[-84.168586,34.146987]},"properties":{"brand":"Flock Safety"}},{"type":"Feature","geometry":{"type":"Point","coordinates":[-84.172943,34.14965]},"properties":{"brand":"Flock Safety"}},{"type":"Feature","geometry":{"type":"Point","coordinates":[-84.172959,34.149875]},"properties":{"brand":"Flock Safety"}},{"type":"Feature","geometry":{"type":"Point","coordinates":[-84.172682,34.150676]},"properties":{"brand":"Flock Safety"}},{"type":"Feature","geometry":{"type":"Point","coordinates":[-84.172594,34.150873]},"properties":{"brand":"Flock Safety"}},{"type":"Feature","geometry":{"type":"Point","coordinates":[-84.172537,34.150981]},"properties":{"brand":"Flock Safety"}},{"type":"Feature","geometry":{"type":"Point","coordinates":[-83.752696,33.605389]},"properties":{"brand":"Flock Safety"}},{"type":"Feature","geometry":{"type":"Point","coordinates":[-83.420254,33.589896]},"properties":{"brand":"Flock Safety"}},{"type":"Feature","geometry":{"type":"Point","coordinates":[-84.436049,33.837782]},"properties":{"brand":"Flock Safety"}},{"type":"Feature","geometry":{"type":"Point","coordinates":[-80.989342,33.961601]},"properties":{"brand":"Flock Safety"}},{"type":"Feature","geometry":{"type":"Point","coordinates":[-80.942732,33.966432]},"properties":{"brand":"Flock Safety"}},{"type":"Feature","geometry":{"type":"Point","coordinates":[-80.943432,33.967328]},"properties":{"brand":"Flock Safety"}},{"type":"Feature","geometry":{"type":"Point","coordinates":[-80.944474,33.968354]},"properties":{"brand":"Flock Safety"}},{"type":"Feature","geometry":{"type":"Point","coordinates":[-80.943704,33.968942]},"properties":{"brand":"Flock Safety"}},{"type":"Feature","geometry":{"type":"Point","coordinates":[-80.867368,33.977722]},"properties":{"brand":"Flock Safety"}},{"type":"Feature","geometry":{"type":"Point","coordinates":[-81.363512,33.75739]},"properties":{"brand":"Flock Safety"}},{"type":"Feature","geometry":{"type":"Point","coordinates":[-84.36151,34.030773]},"properties":{"brand":"Flock Safety"}},{"type":"Feature","geometry":{"type":"Point","coordinates":[-84.679878,33.52147]},"properties":{"brand":"Flock Safety"}},{"type":"Feature","geometry":{"type":"Point","coordinates":[-84.367922,34.023516]},"properties":{"brand":"Flock Safety"}},{"type":"Feature","geometry":{"type":"Point","coordinates":[-84.091004,33.262692]},"properties":{"brand":"Flock Safety"}},{"type":"Feature","geometry":{"type":"Point","coordinates":[-82.669377,34.544995]},"properties":{"brand":"Flock Safety"}},{"type":"Feature","geometry":{"type":"Point","coordinates":[-84.437976,33.683924]},"properties":{"brand":"Flock Safety"}},{"type":"Feature","geometry":{"type":"Point","coordinates":[-82.381248,33.454357]},"properties":{"brand":"Flock Safety"}},{"type":"Feature","geometry":{"type":"Point","coordinates":[-84.402697,33.424706]},"properties":{"brand":"Flock Safety"}},{"type":"Feature","geometry":{"type":"Point","coordinates":[-84.239512,34.075982]},"properties":{"brand":"Flock Safety"}},{"type":"Feature","geometry":{"type":"Point","coordinates":[-84.229652,34.073768]},"properties":{"brand":"Flock Safety"}}]}